[INFO    ] Configurator instance:
  - Workflow: <class 'zhbbworkflow.ZHbbBaseProcessor'>
  - Workflow options: {}
  - N. datasets: 3 
   -- Dataset: ttHTobb_M125_M125_2017,  Sample: ttHTobb, N. files: 46, N. events: 7825000
   -- Dataset: TTZToBB__2017,  Sample: TTZToBB, N. files: 26, N. events: 7074000
   -- Dataset: TTToSemiLeptonic__2017,  Sample: TTToSemiLeptonic, N. files: 297, N. events: 346052000
  - Subsamples:
   -- Sample ttHTobb: StandardSelection ['ttHTobb'], (1 categories)
   -- Sample TTZToBB: StandardSelection ['TTZToBB'], (1 categories)
   -- Sample TTToSemiLeptonic: StandardSelection ['TTToSemiLeptonic'], (1 categories)
  - Skim: ['preSkimCut']
  - Preselection: ['eventSelection']
  - Categories: StandardSelection ['baseline', 'btag_mask'], (2 categories)
  - Variables:  ['mAK8', 'zhbbtag', 'zhbbtag_sorted', 'outZH_b1_pt']
  - Columns: {'TTToSemiLeptonic': {'baseline': [ColOut(collection='events', columns=['matchedGen_ZHbb_bb', 'outZH_b1_pt', 'outZH_b2_pt', 'outZH_b1_score', 'outZH_b2_score', 'outZH_q1_pt', 'outZH_q2_pt', 'outZH_q1_score', 'outZH_q2_score', 'outZH_b1_q_mindr', 'outZH_b2_q_mindr', 'outZH_q_q_dr_nearb1', 'outZH_q_q_dr_nearb2', 'outZH_qq_M_nearb1', 'outZH_qq_M_nearb2', 'outZH_b1_qq_dr', 'outZH_b2_qq_dr', 'outZH_b1qq_M', 'outZH_b2qq_M', 'ZH_b1qq_dr', 'ZH_b2qq_dr', 'ZH_lbb1qq_dr', 'ZH_lbb2qq_dr', 'l_b2_mtb', 'ZH_closeb_invM', 'n_ak8jets', 'n_ak4jets', 'n_ak8_ZHbb', 'outZH_max_ak8pnetMass', 'outZH_b12_m', 'outZH_b12_dr', 'ht_b', 'ht_outZH', 'ak4_bestb_inZH', 'ak4_worstb_inZH', 'nonZHbb_q1_dr', 'nonZHbb_b1_dr', 'inZHb_outZHb_dr', 'ZH_l_dr', 'ZH_l_invM', 'l_b1_invM', 'l_b2_invM', 'l_b1_dr', 'l_b2_dr', 'spher', 'aplan', 'n_b_inZH', 'n_q_inZH', 'n_b_outZH', 'n_q_outZH', 'ZH_bbvLscore'], flatten=True, store_size=True, fill_none=True, fill_value=-999.0, pos_start=None, pos_end=None)],
                    'btag_mask': [ColOut(collection='events', columns=['matchedGen_ZHbb_bb', 'outZH_b1_pt', 'outZH_b2_pt', 'outZH_b1_score', 'outZH_b2_score', 'outZH_q1_pt', 'outZH_q2_pt', 'outZH_q1_score', 'outZH_q2_score', 'outZH_b1_q_mindr', 'outZH_b2_q_mindr', 'outZH_q_q_dr_nearb1', 'outZH_q_q_dr_nearb2', 'outZH_qq_M_nearb1', 'outZH_qq_M_nearb2', 'outZH_b1_qq_dr', 'outZH_b2_qq_dr', 'outZH_b1qq_M', 'outZH_b2qq_M', 'ZH_b1qq_dr', 'ZH_b2qq_dr', 'ZH_lbb1qq_dr', 'ZH_lbb2qq_dr', 'l_b2_mtb', 'ZH_closeb_invM', 'n_ak8jets', 'n_ak4jets', 'n_ak8_ZHbb', 'outZH_max_ak8pnetMass', 'outZH_b12_m', 'outZH_b12_dr', 'ht_b', 'ht_outZH', 'ak4_bestb_inZH', 'ak4_worstb_inZH', 'nonZHbb_q1_dr', 'nonZHbb_b1_dr', 'inZHb_outZHb_dr', 'ZH_l_dr', 'ZH_l_invM', 'l_b1_invM', 'l_b2_invM', 'l_b1_dr', 'l_b2_dr', 'spher', 'aplan', 'n_b_inZH', 'n_q_inZH', 'n_b_outZH', 'n_q_outZH', 'ZH_bbvLscore'], flatten=True, store_size=True, fill_none=True, fill_value=-999.0, pos_start=None, pos_end=None)]},
'TTZToBB': {'baseline': [ColOut(collection='events', columns=['matchedGen_ZHbb_bb', 'outZH_b1_pt', 'outZH_b2_pt', 'outZH_b1_score', 'outZH_b2_score', 'outZH_q1_pt', 'outZH_q2_pt', 'outZH_q1_score', 'outZH_q2_score', 'outZH_b1_q_mindr', 'outZH_b2_q_mindr', 'outZH_q_q_dr_nearb1', 'outZH_q_q_dr_nearb2', 'outZH_qq_M_nearb1', 'outZH_qq_M_nearb2', 'outZH_b1_qq_dr', 'outZH_b2_qq_dr', 'outZH_b1qq_M', 'outZH_b2qq_M', 'ZH_b1qq_dr', 'ZH_b2qq_dr', 'ZH_lbb1qq_dr', 'ZH_lbb2qq_dr', 'l_b2_mtb', 'ZH_closeb_invM', 'n_ak8jets', 'n_ak4jets', 'n_ak8_ZHbb', 'outZH_max_ak8pnetMass', 'outZH_b12_m', 'outZH_b12_dr', 'ht_b', 'ht_outZH', 'ak4_bestb_inZH', 'ak4_worstb_inZH', 'nonZHbb_q1_dr', 'nonZHbb_b1_dr', 'inZHb_outZHb_dr', 'ZH_l_dr', 'ZH_l_invM', 'l_b1_invM', 'l_b2_invM', 'l_b1_dr', 'l_b2_dr', 'spher', 'aplan', 'n_b_inZH', 'n_q_inZH', 'n_b_outZH', 'n_q_outZH', 'ZH_bbvLscore'], flatten=True, store_size=True, fill_none=True, fill_value=-999.0, pos_start=None, pos_end=None)],
           'btag_mask': [ColOut(collection='events', columns=['matchedGen_ZHbb_bb', 'outZH_b1_pt', 'outZH_b2_pt', 'outZH_b1_score', 'outZH_b2_score', 'outZH_q1_pt', 'outZH_q2_pt', 'outZH_q1_score', 'outZH_q2_score', 'outZH_b1_q_mindr', 'outZH_b2_q_mindr', 'outZH_q_q_dr_nearb1', 'outZH_q_q_dr_nearb2', 'outZH_qq_M_nearb1', 'outZH_qq_M_nearb2', 'outZH_b1_qq_dr', 'outZH_b2_qq_dr', 'outZH_b1qq_M', 'outZH_b2qq_M', 'ZH_b1qq_dr', 'ZH_b2qq_dr', 'ZH_lbb1qq_dr', 'ZH_lbb2qq_dr', 'l_b2_mtb', 'ZH_closeb_invM', 'n_ak8jets', 'n_ak4jets', 'n_ak8_ZHbb', 'outZH_max_ak8pnetMass', 'outZH_b12_m', 'outZH_b12_dr', 'ht_b', 'ht_outZH', 'ak4_bestb_inZH', 'ak4_worstb_inZH', 'nonZHbb_q1_dr', 'nonZHbb_b1_dr', 'inZHb_outZHb_dr', 'ZH_l_dr', 'ZH_l_invM', 'l_b1_invM', 'l_b2_invM', 'l_b1_dr', 'l_b2_dr', 'spher', 'aplan', 'n_b_inZH', 'n_q_inZH', 'n_b_outZH', 'n_q_outZH', 'ZH_bbvLscore'], flatten=True, store_size=True, fill_none=True, fill_value=-999.0, pos_start=None, pos_end=None)]},
'ttHTobb': {'baseline': [ColOut(collection='events', columns=['matchedGen_ZHbb_bb', 'outZH_b1_pt', 'outZH_b2_pt', 'outZH_b1_score', 'outZH_b2_score', 'outZH_q1_pt', 'outZH_q2_pt', 'outZH_q1_score', 'outZH_q2_score', 'outZH_b1_q_mindr', 'outZH_b2_q_mindr', 'outZH_q_q_dr_nearb1', 'outZH_q_q_dr_nearb2', 'outZH_qq_M_nearb1', 'outZH_qq_M_nearb2', 'outZH_b1_qq_dr', 'outZH_b2_qq_dr', 'outZH_b1qq_M', 'outZH_b2qq_M', 'ZH_b1qq_dr', 'ZH_b2qq_dr', 'ZH_lbb1qq_dr', 'ZH_lbb2qq_dr', 'l_b2_mtb', 'ZH_closeb_invM', 'n_ak8jets', 'n_ak4jets', 'n_ak8_ZHbb', 'outZH_max_ak8pnetMass', 'outZH_b12_m', 'outZH_b12_dr', 'ht_b', 'ht_outZH', 'ak4_bestb_inZH', 'ak4_worstb_inZH', 'nonZHbb_q1_dr', 'nonZHbb_b1_dr', 'inZHb_outZHb_dr', 'ZH_l_dr', 'ZH_l_invM', 'l_b1_invM', 'l_b2_invM', 'l_b1_dr', 'l_b2_dr', 'spher', 'aplan', 'n_b_inZH', 'n_q_inZH', 'n_b_outZH', 'n_q_outZH', 'ZH_bbvLscore'], flatten=True, store_size=True, fill_none=True, fill_value=-999.0, pos_start=None, pos_end=None)],
           'btag_mask': [ColOut(collection='events', columns=['matchedGen_ZHbb_bb', 'outZH_b1_pt', 'outZH_b2_pt', 'outZH_b1_score', 'outZH_b2_score', 'outZH_q1_pt', 'outZH_q2_pt', 'outZH_q1_score', 'outZH_q2_score', 'outZH_b1_q_mindr', 'outZH_b2_q_mindr', 'outZH_q_q_dr_nearb1', 'outZH_q_q_dr_nearb2', 'outZH_qq_M_nearb1', 'outZH_qq_M_nearb2', 'outZH_b1_qq_dr', 'outZH_b2_qq_dr', 'outZH_b1qq_M', 'outZH_b2qq_M', 'ZH_b1qq_dr', 'ZH_b2qq_dr', 'ZH_lbb1qq_dr', 'ZH_lbb2qq_dr', 'l_b2_mtb', 'ZH_closeb_invM', 'n_ak8jets', 'n_ak4jets', 'n_ak8_ZHbb', 'outZH_max_ak8pnetMass', 'outZH_b12_m', 'outZH_b12_dr', 'ht_b', 'ht_outZH', 'ak4_bestb_inZH', 'ak4_worstb_inZH', 'nonZHbb_q1_dr', 'nonZHbb_b1_dr', 'inZHb_outZHb_dr', 'ZH_l_dr', 'ZH_l_invM', 'l_b1_invM', 'l_b2_invM', 'l_b1_dr', 'l_b2_dr', 'spher', 'aplan', 'n_b_inZH', 'n_q_inZH', 'n_b_outZH', 'n_q_outZH', 'ZH_bbvLscore'], flatten=True, store_size=True, fill_none=True, fill_value=-999.0, pos_start=None, pos_end=None)]}}
  - available weights variations: {'TTToSemiLeptonic': ['nominal', 'pileup'],
'TTZToBB': ['nominal', 'pileup'],
'ttHTobb': ['nominal', 'pileup']} 
  - available shape variations: {'TTToSemiLeptonic': [], 'TTZToBB': [], 'ttHTobb': []}
[INFO    ] Configurator instance:
  - Workflow: <class 'zhbbworkflow.ZHbbBaseProcessor'>
  - Workflow options: {}
  - N. datasets: 1 
   -- Dataset: ttHTobb_M125_M125_2017,  Sample: ttHTobb, N. files: 1, N. events: 7825000
  - Subsamples:
   -- Sample ttHTobb: StandardSelection ['ttHTobb'], (1 categories)
  - Skim: ['preSkimCut']
  - Preselection: ['eventSelection']
  - Categories: StandardSelection ['baseline', 'btag_mask'], (2 categories)
  - Variables:  ['mAK8', 'zhbbtag', 'zhbbtag_sorted', 'outZH_b1_pt']
  - Columns: {'ttHTobb': {'baseline': [ColOut(collection='events', columns=['matchedGen_ZHbb_bb', 'outZH_b1_pt', 'outZH_b2_pt', 'outZH_b1_score', 'outZH_b2_score', 'outZH_q1_pt', 'outZH_q2_pt', 'outZH_q1_score', 'outZH_q2_score', 'outZH_b1_q_mindr', 'outZH_b2_q_mindr', 'outZH_q_q_dr_nearb1', 'outZH_q_q_dr_nearb2', 'outZH_qq_M_nearb1', 'outZH_qq_M_nearb2', 'outZH_b1_qq_dr', 'outZH_b2_qq_dr', 'outZH_b1qq_M', 'outZH_b2qq_M', 'ZH_b1qq_dr', 'ZH_b2qq_dr', 'ZH_lbb1qq_dr', 'ZH_lbb2qq_dr', 'l_b2_mtb', 'ZH_closeb_invM', 'n_ak8jets', 'n_ak4jets', 'n_ak8_ZHbb', 'outZH_max_ak8pnetMass', 'outZH_b12_m', 'outZH_b12_dr', 'ht_b', 'ht_outZH', 'ak4_bestb_inZH', 'ak4_worstb_inZH', 'nonZHbb_q1_dr', 'nonZHbb_b1_dr', 'inZHb_outZHb_dr', 'ZH_l_dr', 'ZH_l_invM', 'l_b1_invM', 'l_b2_invM', 'l_b1_dr', 'l_b2_dr', 'spher', 'aplan', 'n_b_inZH', 'n_q_inZH', 'n_b_outZH', 'n_q_outZH', 'ZH_bbvLscore'], flatten=True, store_size=True, fill_none=True, fill_value=-999.0, pos_start=None, pos_end=None)],
           'btag_mask': [ColOut(collection='events', columns=['matchedGen_ZHbb_bb', 'outZH_b1_pt', 'outZH_b2_pt', 'outZH_b1_score', 'outZH_b2_score', 'outZH_q1_pt', 'outZH_q2_pt', 'outZH_q1_score', 'outZH_q2_score', 'outZH_b1_q_mindr', 'outZH_b2_q_mindr', 'outZH_q_q_dr_nearb1', 'outZH_q_q_dr_nearb2', 'outZH_qq_M_nearb1', 'outZH_qq_M_nearb2', 'outZH_b1_qq_dr', 'outZH_b2_qq_dr', 'outZH_b1qq_M', 'outZH_b2qq_M', 'ZH_b1qq_dr', 'ZH_b2qq_dr', 'ZH_lbb1qq_dr', 'ZH_lbb2qq_dr', 'l_b2_mtb', 'ZH_closeb_invM', 'n_ak8jets', 'n_ak4jets', 'n_ak8_ZHbb', 'outZH_max_ak8pnetMass', 'outZH_b12_m', 'outZH_b12_dr', 'ht_b', 'ht_outZH', 'ak4_bestb_inZH', 'ak4_worstb_inZH', 'nonZHbb_q1_dr', 'nonZHbb_b1_dr', 'inZHb_outZHb_dr', 'ZH_l_dr', 'ZH_l_invM', 'l_b1_invM', 'l_b2_invM', 'l_b1_dr', 'l_b2_dr', 'spher', 'aplan', 'n_b_inZH', 'n_q_inZH', 'n_b_outZH', 'n_q_outZH', 'ZH_bbvLscore'], flatten=True, store_size=True, fill_none=True, fill_value=-999.0, pos_start=None, pos_end=None)]}}
  - available weights variations: {'ttHTobb': ['pileup', 'nominal']} 
  - available shape variations: {'ttHTobb': []}
[INFO    ] Configurator instance:
  - Workflow: <class 'zhbbworkflow.ZHbbBaseProcessor'>
  - Workflow options: {}
  - N. datasets: 1 
   -- Dataset: ttHTobb_M125_M125_2017,  Sample: ttHTobb, N. files: 46, N. events: 7825000
  - Subsamples:
   -- Sample ttHTobb: StandardSelection ['ttHTobb'], (1 categories)
  - Skim: ['preSkimCut']
  - Preselection: ['eventSelection']
  - Categories: StandardSelection ['baseline', 'btag_mask'], (2 categories)
  - Variables:  ['mAK8', 'zhbbtag', 'zhbbtag_sorted', 'outZH_b1_pt']
  - Columns: {'ttHTobb': {'baseline': [ColOut(collection='events', columns=['matchedGen_ZHbb_bb', 'outZH_b1_pt', 'outZH_b2_pt', 'outZH_b1_score', 'outZH_b2_score', 'outZH_q1_pt', 'outZH_q2_pt', 'outZH_q1_score', 'outZH_q2_score', 'outZH_b1_q_mindr', 'outZH_b2_q_mindr', 'outZH_q_q_dr_nearb1', 'outZH_q_q_dr_nearb2', 'outZH_qq_M_nearb1', 'outZH_qq_M_nearb2', 'outZH_b1_qq_dr', 'outZH_b2_qq_dr', 'outZH_b1qq_M', 'outZH_b2qq_M', 'ZH_b1qq_dr', 'ZH_b2qq_dr', 'ZH_lbb1qq_dr', 'ZH_lbb2qq_dr', 'l_b2_mtb', 'ZH_closeb_invM', 'n_ak8jets', 'n_ak4jets', 'n_ak8_ZHbb', 'outZH_max_ak8pnetMass', 'outZH_b12_m', 'outZH_b12_dr', 'ht_b', 'ht_outZH', 'ak4_bestb_inZH', 'ak4_worstb_inZH', 'nonZHbb_q1_dr', 'nonZHbb_b1_dr', 'inZHb_outZHb_dr', 'ZH_l_dr', 'ZH_l_invM', 'l_b1_invM', 'l_b2_invM', 'l_b1_dr', 'l_b2_dr', 'spher', 'aplan', 'n_b_inZH', 'n_q_inZH', 'n_b_outZH', 'n_q_outZH', 'ZH_bbvLscore'], flatten=True, store_size=True, fill_none=True, fill_value=-999.0, pos_start=None, pos_end=None)],
           'btag_mask': [ColOut(collection='events', columns=['matchedGen_ZHbb_bb', 'outZH_b1_pt', 'outZH_b2_pt', 'outZH_b1_score', 'outZH_b2_score', 'outZH_q1_pt', 'outZH_q2_pt', 'outZH_q1_score', 'outZH_q2_score', 'outZH_b1_q_mindr', 'outZH_b2_q_mindr', 'outZH_q_q_dr_nearb1', 'outZH_q_q_dr_nearb2', 'outZH_qq_M_nearb1', 'outZH_qq_M_nearb2', 'outZH_b1_qq_dr', 'outZH_b2_qq_dr', 'outZH_b1qq_M', 'outZH_b2qq_M', 'ZH_b1qq_dr', 'ZH_b2qq_dr', 'ZH_lbb1qq_dr', 'ZH_lbb2qq_dr', 'l_b2_mtb', 'ZH_closeb_invM', 'n_ak8jets', 'n_ak4jets', 'n_ak8_ZHbb', 'outZH_max_ak8pnetMass', 'outZH_b12_m', 'outZH_b12_dr', 'ht_b', 'ht_outZH', 'ak4_bestb_inZH', 'ak4_worstb_inZH', 'nonZHbb_q1_dr', 'nonZHbb_b1_dr', 'inZHb_outZHb_dr', 'ZH_l_dr', 'ZH_l_invM', 'l_b1_invM', 'l_b2_invM', 'l_b1_dr', 'l_b2_dr', 'spher', 'aplan', 'n_b_inZH', 'n_q_inZH', 'n_b_outZH', 'n_q_outZH', 'ZH_bbvLscore'], flatten=True, store_size=True, fill_none=True, fill_value=-999.0, pos_start=None, pos_end=None)]}}
  - available weights variations: {'ttHTobb': ['nominal', 'pileup']} 
  - available shape variations: {'ttHTobb': []}
[INFO    ] Configurator instance:
  - Workflow: <class 'zhbbworkflow.ZHbbBaseProcessor'>
  - Workflow options: {}
  - N. datasets: 11 
   -- Dataset: ttHTobb_M125_M125_2017,  Sample: ttHTobb, N. files: 46, N. events: 7825000
   -- Dataset: ttHToNonbb_M125_M125_2017,  Sample: ttHToNonbb, N. files: 35, N. events: 5070989
   -- Dataset: TTZToBB__2017,  Sample: TTZToBB, N. files: 26, N. events: 7074000
   -- Dataset: TTZToQQ__2017,  Sample: TTZToQQ, N. files: 35, N. events: 13822000
   -- Dataset: TTZToLLNuNu__2017,  Sample: TTZToLLNuNu, N. files: 19, N. events: 14036000
   -- Dataset: TTbb_Hadronic__2017,  Sample: TTbb_Hadronic, N. files: 9, N. events: 5694656
   -- Dataset: TTbb_2L2Nu__2017,  Sample: TTbb_2L2Nu, N. files: 7, N. events: 3472503
   -- Dataset: TTbb_SemiLeptonic__2017,  Sample: TTbb_SemiLeptonic, N. files: 12, N. events: 7318891
   -- Dataset: TTToHadronic__2017,  Sample: TTToHadronic, N. files: 199, N. events: 232999999
   -- Dataset: TTTo2L2Nu__2017,  Sample: TTTo2L2Nu, N. files: 99, N. events: 106724000
   -- Dataset: TTToSemiLeptonic__2017,  Sample: TTToSemiLeptonic, N. files: 297, N. events: 346052000
  - Subsamples:
   -- Sample ttHTobb: StandardSelection ['ttHTobb'], (1 categories)
   -- Sample ttHToNonbb: StandardSelection ['ttHToNonbb'], (1 categories)
   -- Sample TTZToBB: StandardSelection ['TTZToBB'], (1 categories)
   -- Sample TTZToQQ: StandardSelection ['TTZToQQ'], (1 categories)
   -- Sample TTZToLLNuNu: StandardSelection ['TTZToLLNuNu'], (1 categories)
   -- Sample TTbb_Hadronic: StandardSelection ['TTbb_Hadronic'], (1 categories)
   -- Sample TTbb_2L2Nu: StandardSelection ['TTbb_2L2Nu'], (1 categories)
   -- Sample TTbb_SemiLeptonic: StandardSelection ['TTbb_SemiLeptonic'], (1 categories)
   -- Sample TTToHadronic: StandardSelection ['TTToHadronic'], (1 categories)
   -- Sample TTTo2L2Nu: StandardSelection ['TTTo2L2Nu'], (1 categories)
   -- Sample TTToSemiLeptonic: StandardSelection ['TTToSemiLeptonic'], (1 categories)
  - Skim: ['preSkimCut']
  - Preselection: ['eventSelection']
  - Categories: StandardSelection ['baseline', 'btag_mask'], (2 categories)
  - Variables:  ['mAK8', 'zhbbtag', 'zhbbtag_sorted', 'outZH_b1_pt']
  - Columns: {'TTTo2L2Nu': {'baseline': [ColOut(collection='events', columns=['matchedGen_ZHbb_bb', 'outZH_b1_pt', 'outZH_b2_pt', 'outZH_b1_score', 'outZH_b2_score', 'outZH_q1_pt', 'outZH_q2_pt', 'outZH_q1_score', 'outZH_q2_score', 'outZH_b1_q_mindr', 'outZH_b2_q_mindr', 'outZH_q_q_dr_nearb1', 'outZH_q_q_dr_nearb2', 'outZH_qq_M_nearb1', 'outZH_qq_M_nearb2', 'outZH_b1_qq_dr', 'outZH_b2_qq_dr', 'outZH_b1qq_M', 'outZH_b2qq_M', 'ZH_b1qq_dr', 'ZH_b2qq_dr', 'ZH_lbb1qq_dr', 'ZH_lbb2qq_dr', 'l_b2_mtb', 'ZH_closeb_invM', 'n_ak8jets', 'n_ak4jets', 'n_ak8_ZHbb', 'outZH_max_ak8pnetMass', 'outZH_b12_m', 'outZH_b12_dr', 'ht_b', 'ht_outZH', 'ak4_bestb_inZH', 'ak4_worstb_inZH', 'nonZHbb_q1_dr', 'nonZHbb_b1_dr', 'inZHb_outZHb_dr', 'ZH_l_dr', 'ZH_l_invM', 'l_b1_invM', 'l_b2_invM', 'l_b1_dr', 'l_b2_dr', 'spher', 'aplan', 'n_b_inZH', 'n_q_inZH', 'n_b_outZH', 'n_q_outZH', 'ZH_bbvLscore'], flatten=True, store_size=True, fill_none=True, fill_value=-999.0, pos_start=None, pos_end=None)],
             'btag_mask': [ColOut(collection='events', columns=['matchedGen_ZHbb_bb', 'outZH_b1_pt', 'outZH_b2_pt', 'outZH_b1_score', 'outZH_b2_score', 'outZH_q1_pt', 'outZH_q2_pt', 'outZH_q1_score', 'outZH_q2_score', 'outZH_b1_q_mindr', 'outZH_b2_q_mindr', 'outZH_q_q_dr_nearb1', 'outZH_q_q_dr_nearb2', 'outZH_qq_M_nearb1', 'outZH_qq_M_nearb2', 'outZH_b1_qq_dr', 'outZH_b2_qq_dr', 'outZH_b1qq_M', 'outZH_b2qq_M', 'ZH_b1qq_dr', 'ZH_b2qq_dr', 'ZH_lbb1qq_dr', 'ZH_lbb2qq_dr', 'l_b2_mtb', 'ZH_closeb_invM', 'n_ak8jets', 'n_ak4jets', 'n_ak8_ZHbb', 'outZH_max_ak8pnetMass', 'outZH_b12_m', 'outZH_b12_dr', 'ht_b', 'ht_outZH', 'ak4_bestb_inZH', 'ak4_worstb_inZH', 'nonZHbb_q1_dr', 'nonZHbb_b1_dr', 'inZHb_outZHb_dr', 'ZH_l_dr', 'ZH_l_invM', 'l_b1_invM', 'l_b2_invM', 'l_b1_dr', 'l_b2_dr', 'spher', 'aplan', 'n_b_inZH', 'n_q_inZH', 'n_b_outZH', 'n_q_outZH', 'ZH_bbvLscore'], flatten=True, store_size=True, fill_none=True, fill_value=-999.0, pos_start=None, pos_end=None)]},
'TTToHadronic': {'baseline': [ColOut(collection='events', columns=['matchedGen_ZHbb_bb', 'outZH_b1_pt', 'outZH_b2_pt', 'outZH_b1_score', 'outZH_b2_score', 'outZH_q1_pt', 'outZH_q2_pt', 'outZH_q1_score', 'outZH_q2_score', 'outZH_b1_q_mindr', 'outZH_b2_q_mindr', 'outZH_q_q_dr_nearb1', 'outZH_q_q_dr_nearb2', 'outZH_qq_M_nearb1', 'outZH_qq_M_nearb2', 'outZH_b1_qq_dr', 'outZH_b2_qq_dr', 'outZH_b1qq_M', 'outZH_b2qq_M', 'ZH_b1qq_dr', 'ZH_b2qq_dr', 'ZH_lbb1qq_dr', 'ZH_lbb2qq_dr', 'l_b2_mtb', 'ZH_closeb_invM', 'n_ak8jets', 'n_ak4jets', 'n_ak8_ZHbb', 'outZH_max_ak8pnetMass', 'outZH_b12_m', 'outZH_b12_dr', 'ht_b', 'ht_outZH', 'ak4_bestb_inZH', 'ak4_worstb_inZH', 'nonZHbb_q1_dr', 'nonZHbb_b1_dr', 'inZHb_outZHb_dr', 'ZH_l_dr', 'ZH_l_invM', 'l_b1_invM', 'l_b2_invM', 'l_b1_dr', 'l_b2_dr', 'spher', 'aplan', 'n_b_inZH', 'n_q_inZH', 'n_b_outZH', 'n_q_outZH', 'ZH_bbvLscore'], flatten=True, store_size=True, fill_none=True, fill_value=-999.0, pos_start=None, pos_end=None)],
                'btag_mask': [ColOut(collection='events', columns=['matchedGen_ZHbb_bb', 'outZH_b1_pt', 'outZH_b2_pt', 'outZH_b1_score', 'outZH_b2_score', 'outZH_q1_pt', 'outZH_q2_pt', 'outZH_q1_score', 'outZH_q2_score', 'outZH_b1_q_mindr', 'outZH_b2_q_mindr', 'outZH_q_q_dr_nearb1', 'outZH_q_q_dr_nearb2', 'outZH_qq_M_nearb1', 'outZH_qq_M_nearb2', 'outZH_b1_qq_dr', 'outZH_b2_qq_dr', 'outZH_b1qq_M', 'outZH_b2qq_M', 'ZH_b1qq_dr', 'ZH_b2qq_dr', 'ZH_lbb1qq_dr', 'ZH_lbb2qq_dr', 'l_b2_mtb', 'ZH_closeb_invM', 'n_ak8jets', 'n_ak4jets', 'n_ak8_ZHbb', 'outZH_max_ak8pnetMass', 'outZH_b12_m', 'outZH_b12_dr', 'ht_b', 'ht_outZH', 'ak4_bestb_inZH', 'ak4_worstb_inZH', 'nonZHbb_q1_dr', 'nonZHbb_b1_dr', 'inZHb_outZHb_dr', 'ZH_l_dr', 'ZH_l_invM', 'l_b1_invM', 'l_b2_invM', 'l_b1_dr', 'l_b2_dr', 'spher', 'aplan', 'n_b_inZH', 'n_q_inZH', 'n_b_outZH', 'n_q_outZH', 'ZH_bbvLscore'], flatten=True, store_size=True, fill_none=True, fill_value=-999.0, pos_start=None, pos_end=None)]},
'TTToSemiLeptonic': {'baseline': [ColOut(collection='events', columns=['matchedGen_ZHbb_bb', 'outZH_b1_pt', 'outZH_b2_pt', 'outZH_b1_score', 'outZH_b2_score', 'outZH_q1_pt', 'outZH_q2_pt', 'outZH_q1_score', 'outZH_q2_score', 'outZH_b1_q_mindr', 'outZH_b2_q_mindr', 'outZH_q_q_dr_nearb1', 'outZH_q_q_dr_nearb2', 'outZH_qq_M_nearb1', 'outZH_qq_M_nearb2', 'outZH_b1_qq_dr', 'outZH_b2_qq_dr', 'outZH_b1qq_M', 'outZH_b2qq_M', 'ZH_b1qq_dr', 'ZH_b2qq_dr', 'ZH_lbb1qq_dr', 'ZH_lbb2qq_dr', 'l_b2_mtb', 'ZH_closeb_invM', 'n_ak8jets', 'n_ak4jets', 'n_ak8_ZHbb', 'outZH_max_ak8pnetMass', 'outZH_b12_m', 'outZH_b12_dr', 'ht_b', 'ht_outZH', 'ak4_bestb_inZH', 'ak4_worstb_inZH', 'nonZHbb_q1_dr', 'nonZHbb_b1_dr', 'inZHb_outZHb_dr', 'ZH_l_dr', 'ZH_l_invM', 'l_b1_invM', 'l_b2_invM', 'l_b1_dr', 'l_b2_dr', 'spher', 'aplan', 'n_b_inZH', 'n_q_inZH', 'n_b_outZH', 'n_q_outZH', 'ZH_bbvLscore'], flatten=True, store_size=True, fill_none=True, fill_value=-999.0, pos_start=None, pos_end=None)],
                    'btag_mask': [ColOut(collection='events', columns=['matchedGen_ZHbb_bb', 'outZH_b1_pt', 'outZH_b2_pt', 'outZH_b1_score', 'outZH_b2_score', 'outZH_q1_pt', 'outZH_q2_pt', 'outZH_q1_score', 'outZH_q2_score', 'outZH_b1_q_mindr', 'outZH_b2_q_mindr', 'outZH_q_q_dr_nearb1', 'outZH_q_q_dr_nearb2', 'outZH_qq_M_nearb1', 'outZH_qq_M_nearb2', 'outZH_b1_qq_dr', 'outZH_b2_qq_dr', 'outZH_b1qq_M', 'outZH_b2qq_M', 'ZH_b1qq_dr', 'ZH_b2qq_dr', 'ZH_lbb1qq_dr', 'ZH_lbb2qq_dr', 'l_b2_mtb', 'ZH_closeb_invM', 'n_ak8jets', 'n_ak4jets', 'n_ak8_ZHbb', 'outZH_max_ak8pnetMass', 'outZH_b12_m', 'outZH_b12_dr', 'ht_b', 'ht_outZH', 'ak4_bestb_inZH', 'ak4_worstb_inZH', 'nonZHbb_q1_dr', 'nonZHbb_b1_dr', 'inZHb_outZHb_dr', 'ZH_l_dr', 'ZH_l_invM', 'l_b1_invM', 'l_b2_invM', 'l_b1_dr', 'l_b2_dr', 'spher', 'aplan', 'n_b_inZH', 'n_q_inZH', 'n_b_outZH', 'n_q_outZH', 'ZH_bbvLscore'], flatten=True, store_size=True, fill_none=True, fill_value=-999.0, pos_start=None, pos_end=None)]},
'TTZToBB': {'baseline': [ColOut(collection='events', columns=['matchedGen_ZHbb_bb', 'outZH_b1_pt', 'outZH_b2_pt', 'outZH_b1_score', 'outZH_b2_score', 'outZH_q1_pt', 'outZH_q2_pt', 'outZH_q1_score', 'outZH_q2_score', 'outZH_b1_q_mindr', 'outZH_b2_q_mindr', 'outZH_q_q_dr_nearb1', 'outZH_q_q_dr_nearb2', 'outZH_qq_M_nearb1', 'outZH_qq_M_nearb2', 'outZH_b1_qq_dr', 'outZH_b2_qq_dr', 'outZH_b1qq_M', 'outZH_b2qq_M', 'ZH_b1qq_dr', 'ZH_b2qq_dr', 'ZH_lbb1qq_dr', 'ZH_lbb2qq_dr', 'l_b2_mtb', 'ZH_closeb_invM', 'n_ak8jets', 'n_ak4jets', 'n_ak8_ZHbb', 'outZH_max_ak8pnetMass', 'outZH_b12_m', 'outZH_b12_dr', 'ht_b', 'ht_outZH', 'ak4_bestb_inZH', 'ak4_worstb_inZH', 'nonZHbb_q1_dr', 'nonZHbb_b1_dr', 'inZHb_outZHb_dr', 'ZH_l_dr', 'ZH_l_invM', 'l_b1_invM', 'l_b2_invM', 'l_b1_dr', 'l_b2_dr', 'spher', 'aplan', 'n_b_inZH', 'n_q_inZH', 'n_b_outZH', 'n_q_outZH', 'ZH_bbvLscore'], flatten=True, store_size=True, fill_none=True, fill_value=-999.0, pos_start=None, pos_end=None)],
           'btag_mask': [ColOut(collection='events', columns=['matchedGen_ZHbb_bb', 'outZH_b1_pt', 'outZH_b2_pt', 'outZH_b1_score', 'outZH_b2_score', 'outZH_q1_pt', 'outZH_q2_pt', 'outZH_q1_score', 'outZH_q2_score', 'outZH_b1_q_mindr', 'outZH_b2_q_mindr', 'outZH_q_q_dr_nearb1', 'outZH_q_q_dr_nearb2', 'outZH_qq_M_nearb1', 'outZH_qq_M_nearb2', 'outZH_b1_qq_dr', 'outZH_b2_qq_dr', 'outZH_b1qq_M', 'outZH_b2qq_M', 'ZH_b1qq_dr', 'ZH_b2qq_dr', 'ZH_lbb1qq_dr', 'ZH_lbb2qq_dr', 'l_b2_mtb', 'ZH_closeb_invM', 'n_ak8jets', 'n_ak4jets', 'n_ak8_ZHbb', 'outZH_max_ak8pnetMass', 'outZH_b12_m', 'outZH_b12_dr', 'ht_b', 'ht_outZH', 'ak4_bestb_inZH', 'ak4_worstb_inZH', 'nonZHbb_q1_dr', 'nonZHbb_b1_dr', 'inZHb_outZHb_dr', 'ZH_l_dr', 'ZH_l_invM', 'l_b1_invM', 'l_b2_invM', 'l_b1_dr', 'l_b2_dr', 'spher', 'aplan', 'n_b_inZH', 'n_q_inZH', 'n_b_outZH', 'n_q_outZH', 'ZH_bbvLscore'], flatten=True, store_size=True, fill_none=True, fill_value=-999.0, pos_start=None, pos_end=None)]},
'TTZToLLNuNu': {'baseline': [ColOut(collection='events', columns=['matchedGen_ZHbb_bb', 'outZH_b1_pt', 'outZH_b2_pt', 'outZH_b1_score', 'outZH_b2_score', 'outZH_q1_pt', 'outZH_q2_pt', 'outZH_q1_score', 'outZH_q2_score', 'outZH_b1_q_mindr', 'outZH_b2_q_mindr', 'outZH_q_q_dr_nearb1', 'outZH_q_q_dr_nearb2', 'outZH_qq_M_nearb1', 'outZH_qq_M_nearb2', 'outZH_b1_qq_dr', 'outZH_b2_qq_dr', 'outZH_b1qq_M', 'outZH_b2qq_M', 'ZH_b1qq_dr', 'ZH_b2qq_dr', 'ZH_lbb1qq_dr', 'ZH_lbb2qq_dr', 'l_b2_mtb', 'ZH_closeb_invM', 'n_ak8jets', 'n_ak4jets', 'n_ak8_ZHbb', 'outZH_max_ak8pnetMass', 'outZH_b12_m', 'outZH_b12_dr', 'ht_b', 'ht_outZH', 'ak4_bestb_inZH', 'ak4_worstb_inZH', 'nonZHbb_q1_dr', 'nonZHbb_b1_dr', 'inZHb_outZHb_dr', 'ZH_l_dr', 'ZH_l_invM', 'l_b1_invM', 'l_b2_invM', 'l_b1_dr', 'l_b2_dr', 'spher', 'aplan', 'n_b_inZH', 'n_q_inZH', 'n_b_outZH', 'n_q_outZH', 'ZH_bbvLscore'], flatten=True, store_size=True, fill_none=True, fill_value=-999.0, pos_start=None, pos_end=None)],
               'btag_mask': [ColOut(collection='events', columns=['matchedGen_ZHbb_bb', 'outZH_b1_pt', 'outZH_b2_pt', 'outZH_b1_score', 'outZH_b2_score', 'outZH_q1_pt', 'outZH_q2_pt', 'outZH_q1_score', 'outZH_q2_score', 'outZH_b1_q_mindr', 'outZH_b2_q_mindr', 'outZH_q_q_dr_nearb1', 'outZH_q_q_dr_nearb2', 'outZH_qq_M_nearb1', 'outZH_qq_M_nearb2', 'outZH_b1_qq_dr', 'outZH_b2_qq_dr', 'outZH_b1qq_M', 'outZH_b2qq_M', 'ZH_b1qq_dr', 'ZH_b2qq_dr', 'ZH_lbb1qq_dr', 'ZH_lbb2qq_dr', 'l_b2_mtb', 'ZH_closeb_invM', 'n_ak8jets', 'n_ak4jets', 'n_ak8_ZHbb', 'outZH_max_ak8pnetMass', 'outZH_b12_m', 'outZH_b12_dr', 'ht_b', 'ht_outZH', 'ak4_bestb_inZH', 'ak4_worstb_inZH', 'nonZHbb_q1_dr', 'nonZHbb_b1_dr', 'inZHb_outZHb_dr', 'ZH_l_dr', 'ZH_l_invM', 'l_b1_invM', 'l_b2_invM', 'l_b1_dr', 'l_b2_dr', 'spher', 'aplan', 'n_b_inZH', 'n_q_inZH', 'n_b_outZH', 'n_q_outZH', 'ZH_bbvLscore'], flatten=True, store_size=True, fill_none=True, fill_value=-999.0, pos_start=None, pos_end=None)]},
'TTZToQQ': {'baseline': [ColOut(collection='events', columns=['matchedGen_ZHbb_bb', 'outZH_b1_pt', 'outZH_b2_pt', 'outZH_b1_score', 'outZH_b2_score', 'outZH_q1_pt', 'outZH_q2_pt', 'outZH_q1_score', 'outZH_q2_score', 'outZH_b1_q_mindr', 'outZH_b2_q_mindr', 'outZH_q_q_dr_nearb1', 'outZH_q_q_dr_nearb2', 'outZH_qq_M_nearb1', 'outZH_qq_M_nearb2', 'outZH_b1_qq_dr', 'outZH_b2_qq_dr', 'outZH_b1qq_M', 'outZH_b2qq_M', 'ZH_b1qq_dr', 'ZH_b2qq_dr', 'ZH_lbb1qq_dr', 'ZH_lbb2qq_dr', 'l_b2_mtb', 'ZH_closeb_invM', 'n_ak8jets', 'n_ak4jets', 'n_ak8_ZHbb', 'outZH_max_ak8pnetMass', 'outZH_b12_m', 'outZH_b12_dr', 'ht_b', 'ht_outZH', 'ak4_bestb_inZH', 'ak4_worstb_inZH', 'nonZHbb_q1_dr', 'nonZHbb_b1_dr', 'inZHb_outZHb_dr', 'ZH_l_dr', 'ZH_l_invM', 'l_b1_invM', 'l_b2_invM', 'l_b1_dr', 'l_b2_dr', 'spher', 'aplan', 'n_b_inZH', 'n_q_inZH', 'n_b_outZH', 'n_q_outZH', 'ZH_bbvLscore'], flatten=True, store_size=True, fill_none=True, fill_value=-999.0, pos_start=None, pos_end=None)],
           'btag_mask': [ColOut(collection='events', columns=['matchedGen_ZHbb_bb', 'outZH_b1_pt', 'outZH_b2_pt', 'outZH_b1_score', 'outZH_b2_score', 'outZH_q1_pt', 'outZH_q2_pt', 'outZH_q1_score', 'outZH_q2_score', 'outZH_b1_q_mindr', 'outZH_b2_q_mindr', 'outZH_q_q_dr_nearb1', 'outZH_q_q_dr_nearb2', 'outZH_qq_M_nearb1', 'outZH_qq_M_nearb2', 'outZH_b1_qq_dr', 'outZH_b2_qq_dr', 'outZH_b1qq_M', 'outZH_b2qq_M', 'ZH_b1qq_dr', 'ZH_b2qq_dr', 'ZH_lbb1qq_dr', 'ZH_lbb2qq_dr', 'l_b2_mtb', 'ZH_closeb_invM', 'n_ak8jets', 'n_ak4jets', 'n_ak8_ZHbb', 'outZH_max_ak8pnetMass', 'outZH_b12_m', 'outZH_b12_dr', 'ht_b', 'ht_outZH', 'ak4_bestb_inZH', 'ak4_worstb_inZH', 'nonZHbb_q1_dr', 'nonZHbb_b1_dr', 'inZHb_outZHb_dr', 'ZH_l_dr', 'ZH_l_invM', 'l_b1_invM', 'l_b2_invM', 'l_b1_dr', 'l_b2_dr', 'spher', 'aplan', 'n_b_inZH', 'n_q_inZH', 'n_b_outZH', 'n_q_outZH', 'ZH_bbvLscore'], flatten=True, store_size=True, fill_none=True, fill_value=-999.0, pos_start=None, pos_end=None)]},
'TTbb_2L2Nu': {'baseline': [ColOut(collection='events', columns=['matchedGen_ZHbb_bb', 'outZH_b1_pt', 'outZH_b2_pt', 'outZH_b1_score', 'outZH_b2_score', 'outZH_q1_pt', 'outZH_q2_pt', 'outZH_q1_score', 'outZH_q2_score', 'outZH_b1_q_mindr', 'outZH_b2_q_mindr', 'outZH_q_q_dr_nearb1', 'outZH_q_q_dr_nearb2', 'outZH_qq_M_nearb1', 'outZH_qq_M_nearb2', 'outZH_b1_qq_dr', 'outZH_b2_qq_dr', 'outZH_b1qq_M', 'outZH_b2qq_M', 'ZH_b1qq_dr', 'ZH_b2qq_dr', 'ZH_lbb1qq_dr', 'ZH_lbb2qq_dr', 'l_b2_mtb', 'ZH_closeb_invM', 'n_ak8jets', 'n_ak4jets', 'n_ak8_ZHbb', 'outZH_max_ak8pnetMass', 'outZH_b12_m', 'outZH_b12_dr', 'ht_b', 'ht_outZH', 'ak4_bestb_inZH', 'ak4_worstb_inZH', 'nonZHbb_q1_dr', 'nonZHbb_b1_dr', 'inZHb_outZHb_dr', 'ZH_l_dr', 'ZH_l_invM', 'l_b1_invM', 'l_b2_invM', 'l_b1_dr', 'l_b2_dr', 'spher', 'aplan', 'n_b_inZH', 'n_q_inZH', 'n_b_outZH', 'n_q_outZH', 'ZH_bbvLscore'], flatten=True, store_size=True, fill_none=True, fill_value=-999.0, pos_start=None, pos_end=None)],
              'btag_mask': [ColOut(collection='events', columns=['matchedGen_ZHbb_bb', 'outZH_b1_pt', 'outZH_b2_pt', 'outZH_b1_score', 'outZH_b2_score', 'outZH_q1_pt', 'outZH_q2_pt', 'outZH_q1_score', 'outZH_q2_score', 'outZH_b1_q_mindr', 'outZH_b2_q_mindr', 'outZH_q_q_dr_nearb1', 'outZH_q_q_dr_nearb2', 'outZH_qq_M_nearb1', 'outZH_qq_M_nearb2', 'outZH_b1_qq_dr', 'outZH_b2_qq_dr', 'outZH_b1qq_M', 'outZH_b2qq_M', 'ZH_b1qq_dr', 'ZH_b2qq_dr', 'ZH_lbb1qq_dr', 'ZH_lbb2qq_dr', 'l_b2_mtb', 'ZH_closeb_invM', 'n_ak8jets', 'n_ak4jets', 'n_ak8_ZHbb', 'outZH_max_ak8pnetMass', 'outZH_b12_m', 'outZH_b12_dr', 'ht_b', 'ht_outZH', 'ak4_bestb_inZH', 'ak4_worstb_inZH', 'nonZHbb_q1_dr', 'nonZHbb_b1_dr', 'inZHb_outZHb_dr', 'ZH_l_dr', 'ZH_l_invM', 'l_b1_invM', 'l_b2_invM', 'l_b1_dr', 'l_b2_dr', 'spher', 'aplan', 'n_b_inZH', 'n_q_inZH', 'n_b_outZH', 'n_q_outZH', 'ZH_bbvLscore'], flatten=True, store_size=True, fill_none=True, fill_value=-999.0, pos_start=None, pos_end=None)]},
'TTbb_Hadronic': {'baseline': [ColOut(collection='events', columns=['matchedGen_ZHbb_bb', 'outZH_b1_pt', 'outZH_b2_pt', 'outZH_b1_score', 'outZH_b2_score', 'outZH_q1_pt', 'outZH_q2_pt', 'outZH_q1_score', 'outZH_q2_score', 'outZH_b1_q_mindr', 'outZH_b2_q_mindr', 'outZH_q_q_dr_nearb1', 'outZH_q_q_dr_nearb2', 'outZH_qq_M_nearb1', 'outZH_qq_M_nearb2', 'outZH_b1_qq_dr', 'outZH_b2_qq_dr', 'outZH_b1qq_M', 'outZH_b2qq_M', 'ZH_b1qq_dr', 'ZH_b2qq_dr', 'ZH_lbb1qq_dr', 'ZH_lbb2qq_dr', 'l_b2_mtb', 'ZH_closeb_invM', 'n_ak8jets', 'n_ak4jets', 'n_ak8_ZHbb', 'outZH_max_ak8pnetMass', 'outZH_b12_m', 'outZH_b12_dr', 'ht_b', 'ht_outZH', 'ak4_bestb_inZH', 'ak4_worstb_inZH', 'nonZHbb_q1_dr', 'nonZHbb_b1_dr', 'inZHb_outZHb_dr', 'ZH_l_dr', 'ZH_l_invM', 'l_b1_invM', 'l_b2_invM', 'l_b1_dr', 'l_b2_dr', 'spher', 'aplan', 'n_b_inZH', 'n_q_inZH', 'n_b_outZH', 'n_q_outZH', 'ZH_bbvLscore'], flatten=True, store_size=True, fill_none=True, fill_value=-999.0, pos_start=None, pos_end=None)],
                 'btag_mask': [ColOut(collection='events', columns=['matchedGen_ZHbb_bb', 'outZH_b1_pt', 'outZH_b2_pt', 'outZH_b1_score', 'outZH_b2_score', 'outZH_q1_pt', 'outZH_q2_pt', 'outZH_q1_score', 'outZH_q2_score', 'outZH_b1_q_mindr', 'outZH_b2_q_mindr', 'outZH_q_q_dr_nearb1', 'outZH_q_q_dr_nearb2', 'outZH_qq_M_nearb1', 'outZH_qq_M_nearb2', 'outZH_b1_qq_dr', 'outZH_b2_qq_dr', 'outZH_b1qq_M', 'outZH_b2qq_M', 'ZH_b1qq_dr', 'ZH_b2qq_dr', 'ZH_lbb1qq_dr', 'ZH_lbb2qq_dr', 'l_b2_mtb', 'ZH_closeb_invM', 'n_ak8jets', 'n_ak4jets', 'n_ak8_ZHbb', 'outZH_max_ak8pnetMass', 'outZH_b12_m', 'outZH_b12_dr', 'ht_b', 'ht_outZH', 'ak4_bestb_inZH', 'ak4_worstb_inZH', 'nonZHbb_q1_dr', 'nonZHbb_b1_dr', 'inZHb_outZHb_dr', 'ZH_l_dr', 'ZH_l_invM', 'l_b1_invM', 'l_b2_invM', 'l_b1_dr', 'l_b2_dr', 'spher', 'aplan', 'n_b_inZH', 'n_q_inZH', 'n_b_outZH', 'n_q_outZH', 'ZH_bbvLscore'], flatten=True, store_size=True, fill_none=True, fill_value=-999.0, pos_start=None, pos_end=None)]},
'TTbb_SemiLeptonic': {'baseline': [ColOut(collection='events', columns=['matchedGen_ZHbb_bb', 'outZH_b1_pt', 'outZH_b2_pt', 'outZH_b1_score', 'outZH_b2_score', 'outZH_q1_pt', 'outZH_q2_pt', 'outZH_q1_score', 'outZH_q2_score', 'outZH_b1_q_mindr', 'outZH_b2_q_mindr', 'outZH_q_q_dr_nearb1', 'outZH_q_q_dr_nearb2', 'outZH_qq_M_nearb1', 'outZH_qq_M_nearb2', 'outZH_b1_qq_dr', 'outZH_b2_qq_dr', 'outZH_b1qq_M', 'outZH_b2qq_M', 'ZH_b1qq_dr', 'ZH_b2qq_dr', 'ZH_lbb1qq_dr', 'ZH_lbb2qq_dr', 'l_b2_mtb', 'ZH_closeb_invM', 'n_ak8jets', 'n_ak4jets', 'n_ak8_ZHbb', 'outZH_max_ak8pnetMass', 'outZH_b12_m', 'outZH_b12_dr', 'ht_b', 'ht_outZH', 'ak4_bestb_inZH', 'ak4_worstb_inZH', 'nonZHbb_q1_dr', 'nonZHbb_b1_dr', 'inZHb_outZHb_dr', 'ZH_l_dr', 'ZH_l_invM', 'l_b1_invM', 'l_b2_invM', 'l_b1_dr', 'l_b2_dr', 'spher', 'aplan', 'n_b_inZH', 'n_q_inZH', 'n_b_outZH', 'n_q_outZH', 'ZH_bbvLscore'], flatten=True, store_size=True, fill_none=True, fill_value=-999.0, pos_start=None, pos_end=None)],
                     'btag_mask': [ColOut(collection='events', columns=['matchedGen_ZHbb_bb', 'outZH_b1_pt', 'outZH_b2_pt', 'outZH_b1_score', 'outZH_b2_score', 'outZH_q1_pt', 'outZH_q2_pt', 'outZH_q1_score', 'outZH_q2_score', 'outZH_b1_q_mindr', 'outZH_b2_q_mindr', 'outZH_q_q_dr_nearb1', 'outZH_q_q_dr_nearb2', 'outZH_qq_M_nearb1', 'outZH_qq_M_nearb2', 'outZH_b1_qq_dr', 'outZH_b2_qq_dr', 'outZH_b1qq_M', 'outZH_b2qq_M', 'ZH_b1qq_dr', 'ZH_b2qq_dr', 'ZH_lbb1qq_dr', 'ZH_lbb2qq_dr', 'l_b2_mtb', 'ZH_closeb_invM', 'n_ak8jets', 'n_ak4jets', 'n_ak8_ZHbb', 'outZH_max_ak8pnetMass', 'outZH_b12_m', 'outZH_b12_dr', 'ht_b', 'ht_outZH', 'ak4_bestb_inZH', 'ak4_worstb_inZH', 'nonZHbb_q1_dr', 'nonZHbb_b1_dr', 'inZHb_outZHb_dr', 'ZH_l_dr', 'ZH_l_invM', 'l_b1_invM', 'l_b2_invM', 'l_b1_dr', 'l_b2_dr', 'spher', 'aplan', 'n_b_inZH', 'n_q_inZH', 'n_b_outZH', 'n_q_outZH', 'ZH_bbvLscore'], flatten=True, store_size=True, fill_none=True, fill_value=-999.0, pos_start=None, pos_end=None)]},
'ttHToNonbb': {'baseline': [ColOut(collection='events', columns=['matchedGen_ZHbb_bb', 'outZH_b1_pt', 'outZH_b2_pt', 'outZH_b1_score', 'outZH_b2_score', 'outZH_q1_pt', 'outZH_q2_pt', 'outZH_q1_score', 'outZH_q2_score', 'outZH_b1_q_mindr', 'outZH_b2_q_mindr', 'outZH_q_q_dr_nearb1', 'outZH_q_q_dr_nearb2', 'outZH_qq_M_nearb1', 'outZH_qq_M_nearb2', 'outZH_b1_qq_dr', 'outZH_b2_qq_dr', 'outZH_b1qq_M', 'outZH_b2qq_M', 'ZH_b1qq_dr', 'ZH_b2qq_dr', 'ZH_lbb1qq_dr', 'ZH_lbb2qq_dr', 'l_b2_mtb', 'ZH_closeb_invM', 'n_ak8jets', 'n_ak4jets', 'n_ak8_ZHbb', 'outZH_max_ak8pnetMass', 'outZH_b12_m', 'outZH_b12_dr', 'ht_b', 'ht_outZH', 'ak4_bestb_inZH', 'ak4_worstb_inZH', 'nonZHbb_q1_dr', 'nonZHbb_b1_dr', 'inZHb_outZHb_dr', 'ZH_l_dr', 'ZH_l_invM', 'l_b1_invM', 'l_b2_invM', 'l_b1_dr', 'l_b2_dr', 'spher', 'aplan', 'n_b_inZH', 'n_q_inZH', 'n_b_outZH', 'n_q_outZH', 'ZH_bbvLscore'], flatten=True, store_size=True, fill_none=True, fill_value=-999.0, pos_start=None, pos_end=None)],
              'btag_mask': [ColOut(collection='events', columns=['matchedGen_ZHbb_bb', 'outZH_b1_pt', 'outZH_b2_pt', 'outZH_b1_score', 'outZH_b2_score', 'outZH_q1_pt', 'outZH_q2_pt', 'outZH_q1_score', 'outZH_q2_score', 'outZH_b1_q_mindr', 'outZH_b2_q_mindr', 'outZH_q_q_dr_nearb1', 'outZH_q_q_dr_nearb2', 'outZH_qq_M_nearb1', 'outZH_qq_M_nearb2', 'outZH_b1_qq_dr', 'outZH_b2_qq_dr', 'outZH_b1qq_M', 'outZH_b2qq_M', 'ZH_b1qq_dr', 'ZH_b2qq_dr', 'ZH_lbb1qq_dr', 'ZH_lbb2qq_dr', 'l_b2_mtb', 'ZH_closeb_invM', 'n_ak8jets', 'n_ak4jets', 'n_ak8_ZHbb', 'outZH_max_ak8pnetMass', 'outZH_b12_m', 'outZH_b12_dr', 'ht_b', 'ht_outZH', 'ak4_bestb_inZH', 'ak4_worstb_inZH', 'nonZHbb_q1_dr', 'nonZHbb_b1_dr', 'inZHb_outZHb_dr', 'ZH_l_dr', 'ZH_l_invM', 'l_b1_invM', 'l_b2_invM', 'l_b1_dr', 'l_b2_dr', 'spher', 'aplan', 'n_b_inZH', 'n_q_inZH', 'n_b_outZH', 'n_q_outZH', 'ZH_bbvLscore'], flatten=True, store_size=True, fill_none=True, fill_value=-999.0, pos_start=None, pos_end=None)]},
'ttHTobb': {'baseline': [ColOut(collection='events', columns=['matchedGen_ZHbb_bb', 'outZH_b1_pt', 'outZH_b2_pt', 'outZH_b1_score', 'outZH_b2_score', 'outZH_q1_pt', 'outZH_q2_pt', 'outZH_q1_score', 'outZH_q2_score', 'outZH_b1_q_mindr', 'outZH_b2_q_mindr', 'outZH_q_q_dr_nearb1', 'outZH_q_q_dr_nearb2', 'outZH_qq_M_nearb1', 'outZH_qq_M_nearb2', 'outZH_b1_qq_dr', 'outZH_b2_qq_dr', 'outZH_b1qq_M', 'outZH_b2qq_M', 'ZH_b1qq_dr', 'ZH_b2qq_dr', 'ZH_lbb1qq_dr', 'ZH_lbb2qq_dr', 'l_b2_mtb', 'ZH_closeb_invM', 'n_ak8jets', 'n_ak4jets', 'n_ak8_ZHbb', 'outZH_max_ak8pnetMass', 'outZH_b12_m', 'outZH_b12_dr', 'ht_b', 'ht_outZH', 'ak4_bestb_inZH', 'ak4_worstb_inZH', 'nonZHbb_q1_dr', 'nonZHbb_b1_dr', 'inZHb_outZHb_dr', 'ZH_l_dr', 'ZH_l_invM', 'l_b1_invM', 'l_b2_invM', 'l_b1_dr', 'l_b2_dr', 'spher', 'aplan', 'n_b_inZH', 'n_q_inZH', 'n_b_outZH', 'n_q_outZH', 'ZH_bbvLscore'], flatten=True, store_size=True, fill_none=True, fill_value=-999.0, pos_start=None, pos_end=None)],
           'btag_mask': [ColOut(collection='events', columns=['matchedGen_ZHbb_bb', 'outZH_b1_pt', 'outZH_b2_pt', 'outZH_b1_score', 'outZH_b2_score', 'outZH_q1_pt', 'outZH_q2_pt', 'outZH_q1_score', 'outZH_q2_score', 'outZH_b1_q_mindr', 'outZH_b2_q_mindr', 'outZH_q_q_dr_nearb1', 'outZH_q_q_dr_nearb2', 'outZH_qq_M_nearb1', 'outZH_qq_M_nearb2', 'outZH_b1_qq_dr', 'outZH_b2_qq_dr', 'outZH_b1qq_M', 'outZH_b2qq_M', 'ZH_b1qq_dr', 'ZH_b2qq_dr', 'ZH_lbb1qq_dr', 'ZH_lbb2qq_dr', 'l_b2_mtb', 'ZH_closeb_invM', 'n_ak8jets', 'n_ak4jets', 'n_ak8_ZHbb', 'outZH_max_ak8pnetMass', 'outZH_b12_m', 'outZH_b12_dr', 'ht_b', 'ht_outZH', 'ak4_bestb_inZH', 'ak4_worstb_inZH', 'nonZHbb_q1_dr', 'nonZHbb_b1_dr', 'inZHb_outZHb_dr', 'ZH_l_dr', 'ZH_l_invM', 'l_b1_invM', 'l_b2_invM', 'l_b1_dr', 'l_b2_dr', 'spher', 'aplan', 'n_b_inZH', 'n_q_inZH', 'n_b_outZH', 'n_q_outZH', 'ZH_bbvLscore'], flatten=True, store_size=True, fill_none=True, fill_value=-999.0, pos_start=None, pos_end=None)]}}
  - available weights variations: {'TTTo2L2Nu': ['pileup', 'nominal'],
'TTToHadronic': ['pileup', 'nominal'],
'TTToSemiLeptonic': ['pileup', 'nominal'],
'TTZToBB': ['pileup', 'nominal'],
'TTZToLLNuNu': ['pileup', 'nominal'],
'TTZToQQ': ['pileup', 'nominal'],
'TTbb_2L2Nu': ['pileup', 'nominal'],
'TTbb_Hadronic': ['pileup', 'nominal'],
'TTbb_SemiLeptonic': ['pileup', 'nominal'],
'ttHToNonbb': ['pileup', 'nominal'],
'ttHTobb': ['pileup', 'nominal']} 
  - available shape variations: {'TTTo2L2Nu': [],
'TTToHadronic': [],
'TTToSemiLeptonic': [],
'TTZToBB': [],
'TTZToLLNuNu': [],
'TTZToQQ': [],
'TTbb_2L2Nu': [],
'TTbb_Hadronic': [],
'TTbb_SemiLeptonic': [],
'ttHToNonbb': [],
'ttHTobb': []}
[INFO    ] Configurator instance:
  - Workflow: <class 'zhbbworkflow.ZHbbBaseProcessor'>
  - Workflow options: {}
  - N. datasets: 11 
   -- Dataset: ttHTobb_M125_M125_2017,  Sample: ttHTobb, N. files: 46, N. events: 7825000
   -- Dataset: ttHToNonbb_M125_M125_2017,  Sample: ttHToNonbb, N. files: 35, N. events: 5070989
   -- Dataset: TTZToBB__2017,  Sample: TTZToBB, N. files: 26, N. events: 7074000
   -- Dataset: TTZToQQ__2017,  Sample: TTZToQQ, N. files: 35, N. events: 13822000
   -- Dataset: TTZToLLNuNu__2017,  Sample: TTZToLLNuNu, N. files: 19, N. events: 14036000
   -- Dataset: TTbb_Hadronic__2017,  Sample: TTbb_Hadronic, N. files: 9, N. events: 5694656
   -- Dataset: TTbb_2L2Nu__2017,  Sample: TTbb_2L2Nu, N. files: 7, N. events: 3472503
   -- Dataset: TTbb_SemiLeptonic__2017,  Sample: TTbb_SemiLeptonic, N. files: 12, N. events: 7318891
   -- Dataset: TTToHadronic__2017,  Sample: TTToHadronic, N. files: 199, N. events: 232999999
   -- Dataset: TTTo2L2Nu__2017,  Sample: TTTo2L2Nu, N. files: 99, N. events: 106724000
   -- Dataset: TTToSemiLeptonic__2017,  Sample: TTToSemiLeptonic, N. files: 297, N. events: 346052000
  - Subsamples:
   -- Sample ttHTobb: StandardSelection ['ttHTobb'], (1 categories)
   -- Sample ttHToNonbb: StandardSelection ['ttHToNonbb'], (1 categories)
   -- Sample TTZToBB: StandardSelection ['TTZToBB'], (1 categories)
   -- Sample TTZToQQ: StandardSelection ['TTZToQQ'], (1 categories)
   -- Sample TTZToLLNuNu: StandardSelection ['TTZToLLNuNu'], (1 categories)
   -- Sample TTbb_Hadronic: StandardSelection ['TTbb_Hadronic'], (1 categories)
   -- Sample TTbb_2L2Nu: StandardSelection ['TTbb_2L2Nu'], (1 categories)
   -- Sample TTbb_SemiLeptonic: StandardSelection ['TTbb_SemiLeptonic'], (1 categories)
   -- Sample TTToHadronic: StandardSelection ['TTToHadronic'], (1 categories)
   -- Sample TTTo2L2Nu: StandardSelection ['TTTo2L2Nu'], (1 categories)
   -- Sample TTToSemiLeptonic: StandardSelection ['TTToSemiLeptonic'], (1 categories)
  - Skim: ['preSkimCut']
  - Preselection: ['eventSelection']
  - Categories: StandardSelection ['baseline', 'btag_mask'], (2 categories)
  - Variables:  ['mAK8', 'zhbbtag', 'zhbbtag_sorted', 'outZH_b1_pt']
  - Columns: {'TTTo2L2Nu': {'baseline': [ColOut(collection='events', columns=['matchedGen_ZHbb_bb', 'outZH_b1_pt', 'outZH_b2_pt', 'outZH_b1_score', 'outZH_b2_score', 'outZH_q1_pt', 'outZH_q2_pt', 'outZH_q1_score', 'outZH_q2_score', 'outZH_b1_q_mindr', 'outZH_b2_q_mindr', 'outZH_q_q_dr_nearb1', 'outZH_q_q_dr_nearb2', 'outZH_qq_M_nearb1', 'outZH_qq_M_nearb2', 'outZH_b1_qq_dr', 'outZH_b2_qq_dr', 'outZH_b1qq_M', 'outZH_b2qq_M', 'ZH_b1qq_dr', 'ZH_b2qq_dr', 'ZH_lbb1qq_dr', 'ZH_lbb2qq_dr', 'l_b2_mtb', 'ZH_closeb_invM', 'n_ak8jets', 'n_ak4jets', 'n_ak8_ZHbb', 'outZH_max_ak8pnetMass', 'outZH_b12_m', 'outZH_b12_dr', 'ht_b', 'ht_outZH', 'ak4_bestb_inZH', 'ak4_worstb_inZH', 'nonZHbb_q1_dr', 'nonZHbb_b1_dr', 'inZHb_outZHb_dr', 'ZH_l_dr', 'ZH_l_invM', 'l_b1_invM', 'l_b2_invM', 'l_b1_dr', 'l_b2_dr', 'spher', 'aplan', 'n_b_inZH', 'n_q_inZH', 'n_b_outZH', 'n_q_outZH', 'ZH_bbvLscore'], flatten=True, store_size=True, fill_none=True, fill_value=-999.0, pos_start=None, pos_end=None)],
             'btag_mask': [ColOut(collection='events', columns=['matchedGen_ZHbb_bb', 'outZH_b1_pt', 'outZH_b2_pt', 'outZH_b1_score', 'outZH_b2_score', 'outZH_q1_pt', 'outZH_q2_pt', 'outZH_q1_score', 'outZH_q2_score', 'outZH_b1_q_mindr', 'outZH_b2_q_mindr', 'outZH_q_q_dr_nearb1', 'outZH_q_q_dr_nearb2', 'outZH_qq_M_nearb1', 'outZH_qq_M_nearb2', 'outZH_b1_qq_dr', 'outZH_b2_qq_dr', 'outZH_b1qq_M', 'outZH_b2qq_M', 'ZH_b1qq_dr', 'ZH_b2qq_dr', 'ZH_lbb1qq_dr', 'ZH_lbb2qq_dr', 'l_b2_mtb', 'ZH_closeb_invM', 'n_ak8jets', 'n_ak4jets', 'n_ak8_ZHbb', 'outZH_max_ak8pnetMass', 'outZH_b12_m', 'outZH_b12_dr', 'ht_b', 'ht_outZH', 'ak4_bestb_inZH', 'ak4_worstb_inZH', 'nonZHbb_q1_dr', 'nonZHbb_b1_dr', 'inZHb_outZHb_dr', 'ZH_l_dr', 'ZH_l_invM', 'l_b1_invM', 'l_b2_invM', 'l_b1_dr', 'l_b2_dr', 'spher', 'aplan', 'n_b_inZH', 'n_q_inZH', 'n_b_outZH', 'n_q_outZH', 'ZH_bbvLscore'], flatten=True, store_size=True, fill_none=True, fill_value=-999.0, pos_start=None, pos_end=None)]},
'TTToHadronic': {'baseline': [ColOut(collection='events', columns=['matchedGen_ZHbb_bb', 'outZH_b1_pt', 'outZH_b2_pt', 'outZH_b1_score', 'outZH_b2_score', 'outZH_q1_pt', 'outZH_q2_pt', 'outZH_q1_score', 'outZH_q2_score', 'outZH_b1_q_mindr', 'outZH_b2_q_mindr', 'outZH_q_q_dr_nearb1', 'outZH_q_q_dr_nearb2', 'outZH_qq_M_nearb1', 'outZH_qq_M_nearb2', 'outZH_b1_qq_dr', 'outZH_b2_qq_dr', 'outZH_b1qq_M', 'outZH_b2qq_M', 'ZH_b1qq_dr', 'ZH_b2qq_dr', 'ZH_lbb1qq_dr', 'ZH_lbb2qq_dr', 'l_b2_mtb', 'ZH_closeb_invM', 'n_ak8jets', 'n_ak4jets', 'n_ak8_ZHbb', 'outZH_max_ak8pnetMass', 'outZH_b12_m', 'outZH_b12_dr', 'ht_b', 'ht_outZH', 'ak4_bestb_inZH', 'ak4_worstb_inZH', 'nonZHbb_q1_dr', 'nonZHbb_b1_dr', 'inZHb_outZHb_dr', 'ZH_l_dr', 'ZH_l_invM', 'l_b1_invM', 'l_b2_invM', 'l_b1_dr', 'l_b2_dr', 'spher', 'aplan', 'n_b_inZH', 'n_q_inZH', 'n_b_outZH', 'n_q_outZH', 'ZH_bbvLscore'], flatten=True, store_size=True, fill_none=True, fill_value=-999.0, pos_start=None, pos_end=None)],
                'btag_mask': [ColOut(collection='events', columns=['matchedGen_ZHbb_bb', 'outZH_b1_pt', 'outZH_b2_pt', 'outZH_b1_score', 'outZH_b2_score', 'outZH_q1_pt', 'outZH_q2_pt', 'outZH_q1_score', 'outZH_q2_score', 'outZH_b1_q_mindr', 'outZH_b2_q_mindr', 'outZH_q_q_dr_nearb1', 'outZH_q_q_dr_nearb2', 'outZH_qq_M_nearb1', 'outZH_qq_M_nearb2', 'outZH_b1_qq_dr', 'outZH_b2_qq_dr', 'outZH_b1qq_M', 'outZH_b2qq_M', 'ZH_b1qq_dr', 'ZH_b2qq_dr', 'ZH_lbb1qq_dr', 'ZH_lbb2qq_dr', 'l_b2_mtb', 'ZH_closeb_invM', 'n_ak8jets', 'n_ak4jets', 'n_ak8_ZHbb', 'outZH_max_ak8pnetMass', 'outZH_b12_m', 'outZH_b12_dr', 'ht_b', 'ht_outZH', 'ak4_bestb_inZH', 'ak4_worstb_inZH', 'nonZHbb_q1_dr', 'nonZHbb_b1_dr', 'inZHb_outZHb_dr', 'ZH_l_dr', 'ZH_l_invM', 'l_b1_invM', 'l_b2_invM', 'l_b1_dr', 'l_b2_dr', 'spher', 'aplan', 'n_b_inZH', 'n_q_inZH', 'n_b_outZH', 'n_q_outZH', 'ZH_bbvLscore'], flatten=True, store_size=True, fill_none=True, fill_value=-999.0, pos_start=None, pos_end=None)]},
'TTToSemiLeptonic': {'baseline': [ColOut(collection='events', columns=['matchedGen_ZHbb_bb', 'outZH_b1_pt', 'outZH_b2_pt', 'outZH_b1_score', 'outZH_b2_score', 'outZH_q1_pt', 'outZH_q2_pt', 'outZH_q1_score', 'outZH_q2_score', 'outZH_b1_q_mindr', 'outZH_b2_q_mindr', 'outZH_q_q_dr_nearb1', 'outZH_q_q_dr_nearb2', 'outZH_qq_M_nearb1', 'outZH_qq_M_nearb2', 'outZH_b1_qq_dr', 'outZH_b2_qq_dr', 'outZH_b1qq_M', 'outZH_b2qq_M', 'ZH_b1qq_dr', 'ZH_b2qq_dr', 'ZH_lbb1qq_dr', 'ZH_lbb2qq_dr', 'l_b2_mtb', 'ZH_closeb_invM', 'n_ak8jets', 'n_ak4jets', 'n_ak8_ZHbb', 'outZH_max_ak8pnetMass', 'outZH_b12_m', 'outZH_b12_dr', 'ht_b', 'ht_outZH', 'ak4_bestb_inZH', 'ak4_worstb_inZH', 'nonZHbb_q1_dr', 'nonZHbb_b1_dr', 'inZHb_outZHb_dr', 'ZH_l_dr', 'ZH_l_invM', 'l_b1_invM', 'l_b2_invM', 'l_b1_dr', 'l_b2_dr', 'spher', 'aplan', 'n_b_inZH', 'n_q_inZH', 'n_b_outZH', 'n_q_outZH', 'ZH_bbvLscore'], flatten=True, store_size=True, fill_none=True, fill_value=-999.0, pos_start=None, pos_end=None)],
                    'btag_mask': [ColOut(collection='events', columns=['matchedGen_ZHbb_bb', 'outZH_b1_pt', 'outZH_b2_pt', 'outZH_b1_score', 'outZH_b2_score', 'outZH_q1_pt', 'outZH_q2_pt', 'outZH_q1_score', 'outZH_q2_score', 'outZH_b1_q_mindr', 'outZH_b2_q_mindr', 'outZH_q_q_dr_nearb1', 'outZH_q_q_dr_nearb2', 'outZH_qq_M_nearb1', 'outZH_qq_M_nearb2', 'outZH_b1_qq_dr', 'outZH_b2_qq_dr', 'outZH_b1qq_M', 'outZH_b2qq_M', 'ZH_b1qq_dr', 'ZH_b2qq_dr', 'ZH_lbb1qq_dr', 'ZH_lbb2qq_dr', 'l_b2_mtb', 'ZH_closeb_invM', 'n_ak8jets', 'n_ak4jets', 'n_ak8_ZHbb', 'outZH_max_ak8pnetMass', 'outZH_b12_m', 'outZH_b12_dr', 'ht_b', 'ht_outZH', 'ak4_bestb_inZH', 'ak4_worstb_inZH', 'nonZHbb_q1_dr', 'nonZHbb_b1_dr', 'inZHb_outZHb_dr', 'ZH_l_dr', 'ZH_l_invM', 'l_b1_invM', 'l_b2_invM', 'l_b1_dr', 'l_b2_dr', 'spher', 'aplan', 'n_b_inZH', 'n_q_inZH', 'n_b_outZH', 'n_q_outZH', 'ZH_bbvLscore'], flatten=True, store_size=True, fill_none=True, fill_value=-999.0, pos_start=None, pos_end=None)]},
'TTZToBB': {'baseline': [ColOut(collection='events', columns=['matchedGen_ZHbb_bb', 'outZH_b1_pt', 'outZH_b2_pt', 'outZH_b1_score', 'outZH_b2_score', 'outZH_q1_pt', 'outZH_q2_pt', 'outZH_q1_score', 'outZH_q2_score', 'outZH_b1_q_mindr', 'outZH_b2_q_mindr', 'outZH_q_q_dr_nearb1', 'outZH_q_q_dr_nearb2', 'outZH_qq_M_nearb1', 'outZH_qq_M_nearb2', 'outZH_b1_qq_dr', 'outZH_b2_qq_dr', 'outZH_b1qq_M', 'outZH_b2qq_M', 'ZH_b1qq_dr', 'ZH_b2qq_dr', 'ZH_lbb1qq_dr', 'ZH_lbb2qq_dr', 'l_b2_mtb', 'ZH_closeb_invM', 'n_ak8jets', 'n_ak4jets', 'n_ak8_ZHbb', 'outZH_max_ak8pnetMass', 'outZH_b12_m', 'outZH_b12_dr', 'ht_b', 'ht_outZH', 'ak4_bestb_inZH', 'ak4_worstb_inZH', 'nonZHbb_q1_dr', 'nonZHbb_b1_dr', 'inZHb_outZHb_dr', 'ZH_l_dr', 'ZH_l_invM', 'l_b1_invM', 'l_b2_invM', 'l_b1_dr', 'l_b2_dr', 'spher', 'aplan', 'n_b_inZH', 'n_q_inZH', 'n_b_outZH', 'n_q_outZH', 'ZH_bbvLscore'], flatten=True, store_size=True, fill_none=True, fill_value=-999.0, pos_start=None, pos_end=None)],
           'btag_mask': [ColOut(collection='events', columns=['matchedGen_ZHbb_bb', 'outZH_b1_pt', 'outZH_b2_pt', 'outZH_b1_score', 'outZH_b2_score', 'outZH_q1_pt', 'outZH_q2_pt', 'outZH_q1_score', 'outZH_q2_score', 'outZH_b1_q_mindr', 'outZH_b2_q_mindr', 'outZH_q_q_dr_nearb1', 'outZH_q_q_dr_nearb2', 'outZH_qq_M_nearb1', 'outZH_qq_M_nearb2', 'outZH_b1_qq_dr', 'outZH_b2_qq_dr', 'outZH_b1qq_M', 'outZH_b2qq_M', 'ZH_b1qq_dr', 'ZH_b2qq_dr', 'ZH_lbb1qq_dr', 'ZH_lbb2qq_dr', 'l_b2_mtb', 'ZH_closeb_invM', 'n_ak8jets', 'n_ak4jets', 'n_ak8_ZHbb', 'outZH_max_ak8pnetMass', 'outZH_b12_m', 'outZH_b12_dr', 'ht_b', 'ht_outZH', 'ak4_bestb_inZH', 'ak4_worstb_inZH', 'nonZHbb_q1_dr', 'nonZHbb_b1_dr', 'inZHb_outZHb_dr', 'ZH_l_dr', 'ZH_l_invM', 'l_b1_invM', 'l_b2_invM', 'l_b1_dr', 'l_b2_dr', 'spher', 'aplan', 'n_b_inZH', 'n_q_inZH', 'n_b_outZH', 'n_q_outZH', 'ZH_bbvLscore'], flatten=True, store_size=True, fill_none=True, fill_value=-999.0, pos_start=None, pos_end=None)]},
'TTZToLLNuNu': {'baseline': [ColOut(collection='events', columns=['matchedGen_ZHbb_bb', 'outZH_b1_pt', 'outZH_b2_pt', 'outZH_b1_score', 'outZH_b2_score', 'outZH_q1_pt', 'outZH_q2_pt', 'outZH_q1_score', 'outZH_q2_score', 'outZH_b1_q_mindr', 'outZH_b2_q_mindr', 'outZH_q_q_dr_nearb1', 'outZH_q_q_dr_nearb2', 'outZH_qq_M_nearb1', 'outZH_qq_M_nearb2', 'outZH_b1_qq_dr', 'outZH_b2_qq_dr', 'outZH_b1qq_M', 'outZH_b2qq_M', 'ZH_b1qq_dr', 'ZH_b2qq_dr', 'ZH_lbb1qq_dr', 'ZH_lbb2qq_dr', 'l_b2_mtb', 'ZH_closeb_invM', 'n_ak8jets', 'n_ak4jets', 'n_ak8_ZHbb', 'outZH_max_ak8pnetMass', 'outZH_b12_m', 'outZH_b12_dr', 'ht_b', 'ht_outZH', 'ak4_bestb_inZH', 'ak4_worstb_inZH', 'nonZHbb_q1_dr', 'nonZHbb_b1_dr', 'inZHb_outZHb_dr', 'ZH_l_dr', 'ZH_l_invM', 'l_b1_invM', 'l_b2_invM', 'l_b1_dr', 'l_b2_dr', 'spher', 'aplan', 'n_b_inZH', 'n_q_inZH', 'n_b_outZH', 'n_q_outZH', 'ZH_bbvLscore'], flatten=True, store_size=True, fill_none=True, fill_value=-999.0, pos_start=None, pos_end=None)],
               'btag_mask': [ColOut(collection='events', columns=['matchedGen_ZHbb_bb', 'outZH_b1_pt', 'outZH_b2_pt', 'outZH_b1_score', 'outZH_b2_score', 'outZH_q1_pt', 'outZH_q2_pt', 'outZH_q1_score', 'outZH_q2_score', 'outZH_b1_q_mindr', 'outZH_b2_q_mindr', 'outZH_q_q_dr_nearb1', 'outZH_q_q_dr_nearb2', 'outZH_qq_M_nearb1', 'outZH_qq_M_nearb2', 'outZH_b1_qq_dr', 'outZH_b2_qq_dr', 'outZH_b1qq_M', 'outZH_b2qq_M', 'ZH_b1qq_dr', 'ZH_b2qq_dr', 'ZH_lbb1qq_dr', 'ZH_lbb2qq_dr', 'l_b2_mtb', 'ZH_closeb_invM', 'n_ak8jets', 'n_ak4jets', 'n_ak8_ZHbb', 'outZH_max_ak8pnetMass', 'outZH_b12_m', 'outZH_b12_dr', 'ht_b', 'ht_outZH', 'ak4_bestb_inZH', 'ak4_worstb_inZH', 'nonZHbb_q1_dr', 'nonZHbb_b1_dr', 'inZHb_outZHb_dr', 'ZH_l_dr', 'ZH_l_invM', 'l_b1_invM', 'l_b2_invM', 'l_b1_dr', 'l_b2_dr', 'spher', 'aplan', 'n_b_inZH', 'n_q_inZH', 'n_b_outZH', 'n_q_outZH', 'ZH_bbvLscore'], flatten=True, store_size=True, fill_none=True, fill_value=-999.0, pos_start=None, pos_end=None)]},
'TTZToQQ': {'baseline': [ColOut(collection='events', columns=['matchedGen_ZHbb_bb', 'outZH_b1_pt', 'outZH_b2_pt', 'outZH_b1_score', 'outZH_b2_score', 'outZH_q1_pt', 'outZH_q2_pt', 'outZH_q1_score', 'outZH_q2_score', 'outZH_b1_q_mindr', 'outZH_b2_q_mindr', 'outZH_q_q_dr_nearb1', 'outZH_q_q_dr_nearb2', 'outZH_qq_M_nearb1', 'outZH_qq_M_nearb2', 'outZH_b1_qq_dr', 'outZH_b2_qq_dr', 'outZH_b1qq_M', 'outZH_b2qq_M', 'ZH_b1qq_dr', 'ZH_b2qq_dr', 'ZH_lbb1qq_dr', 'ZH_lbb2qq_dr', 'l_b2_mtb', 'ZH_closeb_invM', 'n_ak8jets', 'n_ak4jets', 'n_ak8_ZHbb', 'outZH_max_ak8pnetMass', 'outZH_b12_m', 'outZH_b12_dr', 'ht_b', 'ht_outZH', 'ak4_bestb_inZH', 'ak4_worstb_inZH', 'nonZHbb_q1_dr', 'nonZHbb_b1_dr', 'inZHb_outZHb_dr', 'ZH_l_dr', 'ZH_l_invM', 'l_b1_invM', 'l_b2_invM', 'l_b1_dr', 'l_b2_dr', 'spher', 'aplan', 'n_b_inZH', 'n_q_inZH', 'n_b_outZH', 'n_q_outZH', 'ZH_bbvLscore'], flatten=True, store_size=True, fill_none=True, fill_value=-999.0, pos_start=None, pos_end=None)],
           'btag_mask': [ColOut(collection='events', columns=['matchedGen_ZHbb_bb', 'outZH_b1_pt', 'outZH_b2_pt', 'outZH_b1_score', 'outZH_b2_score', 'outZH_q1_pt', 'outZH_q2_pt', 'outZH_q1_score', 'outZH_q2_score', 'outZH_b1_q_mindr', 'outZH_b2_q_mindr', 'outZH_q_q_dr_nearb1', 'outZH_q_q_dr_nearb2', 'outZH_qq_M_nearb1', 'outZH_qq_M_nearb2', 'outZH_b1_qq_dr', 'outZH_b2_qq_dr', 'outZH_b1qq_M', 'outZH_b2qq_M', 'ZH_b1qq_dr', 'ZH_b2qq_dr', 'ZH_lbb1qq_dr', 'ZH_lbb2qq_dr', 'l_b2_mtb', 'ZH_closeb_invM', 'n_ak8jets', 'n_ak4jets', 'n_ak8_ZHbb', 'outZH_max_ak8pnetMass', 'outZH_b12_m', 'outZH_b12_dr', 'ht_b', 'ht_outZH', 'ak4_bestb_inZH', 'ak4_worstb_inZH', 'nonZHbb_q1_dr', 'nonZHbb_b1_dr', 'inZHb_outZHb_dr', 'ZH_l_dr', 'ZH_l_invM', 'l_b1_invM', 'l_b2_invM', 'l_b1_dr', 'l_b2_dr', 'spher', 'aplan', 'n_b_inZH', 'n_q_inZH', 'n_b_outZH', 'n_q_outZH', 'ZH_bbvLscore'], flatten=True, store_size=True, fill_none=True, fill_value=-999.0, pos_start=None, pos_end=None)]},
'TTbb_2L2Nu': {'baseline': [ColOut(collection='events', columns=['matchedGen_ZHbb_bb', 'outZH_b1_pt', 'outZH_b2_pt', 'outZH_b1_score', 'outZH_b2_score', 'outZH_q1_pt', 'outZH_q2_pt', 'outZH_q1_score', 'outZH_q2_score', 'outZH_b1_q_mindr', 'outZH_b2_q_mindr', 'outZH_q_q_dr_nearb1', 'outZH_q_q_dr_nearb2', 'outZH_qq_M_nearb1', 'outZH_qq_M_nearb2', 'outZH_b1_qq_dr', 'outZH_b2_qq_dr', 'outZH_b1qq_M', 'outZH_b2qq_M', 'ZH_b1qq_dr', 'ZH_b2qq_dr', 'ZH_lbb1qq_dr', 'ZH_lbb2qq_dr', 'l_b2_mtb', 'ZH_closeb_invM', 'n_ak8jets', 'n_ak4jets', 'n_ak8_ZHbb', 'outZH_max_ak8pnetMass', 'outZH_b12_m', 'outZH_b12_dr', 'ht_b', 'ht_outZH', 'ak4_bestb_inZH', 'ak4_worstb_inZH', 'nonZHbb_q1_dr', 'nonZHbb_b1_dr', 'inZHb_outZHb_dr', 'ZH_l_dr', 'ZH_l_invM', 'l_b1_invM', 'l_b2_invM', 'l_b1_dr', 'l_b2_dr', 'spher', 'aplan', 'n_b_inZH', 'n_q_inZH', 'n_b_outZH', 'n_q_outZH', 'ZH_bbvLscore'], flatten=True, store_size=True, fill_none=True, fill_value=-999.0, pos_start=None, pos_end=None)],
              'btag_mask': [ColOut(collection='events', columns=['matchedGen_ZHbb_bb', 'outZH_b1_pt', 'outZH_b2_pt', 'outZH_b1_score', 'outZH_b2_score', 'outZH_q1_pt', 'outZH_q2_pt', 'outZH_q1_score', 'outZH_q2_score', 'outZH_b1_q_mindr', 'outZH_b2_q_mindr', 'outZH_q_q_dr_nearb1', 'outZH_q_q_dr_nearb2', 'outZH_qq_M_nearb1', 'outZH_qq_M_nearb2', 'outZH_b1_qq_dr', 'outZH_b2_qq_dr', 'outZH_b1qq_M', 'outZH_b2qq_M', 'ZH_b1qq_dr', 'ZH_b2qq_dr', 'ZH_lbb1qq_dr', 'ZH_lbb2qq_dr', 'l_b2_mtb', 'ZH_closeb_invM', 'n_ak8jets', 'n_ak4jets', 'n_ak8_ZHbb', 'outZH_max_ak8pnetMass', 'outZH_b12_m', 'outZH_b12_dr', 'ht_b', 'ht_outZH', 'ak4_bestb_inZH', 'ak4_worstb_inZH', 'nonZHbb_q1_dr', 'nonZHbb_b1_dr', 'inZHb_outZHb_dr', 'ZH_l_dr', 'ZH_l_invM', 'l_b1_invM', 'l_b2_invM', 'l_b1_dr', 'l_b2_dr', 'spher', 'aplan', 'n_b_inZH', 'n_q_inZH', 'n_b_outZH', 'n_q_outZH', 'ZH_bbvLscore'], flatten=True, store_size=True, fill_none=True, fill_value=-999.0, pos_start=None, pos_end=None)]},
'TTbb_Hadronic': {'baseline': [ColOut(collection='events', columns=['matchedGen_ZHbb_bb', 'outZH_b1_pt', 'outZH_b2_pt', 'outZH_b1_score', 'outZH_b2_score', 'outZH_q1_pt', 'outZH_q2_pt', 'outZH_q1_score', 'outZH_q2_score', 'outZH_b1_q_mindr', 'outZH_b2_q_mindr', 'outZH_q_q_dr_nearb1', 'outZH_q_q_dr_nearb2', 'outZH_qq_M_nearb1', 'outZH_qq_M_nearb2', 'outZH_b1_qq_dr', 'outZH_b2_qq_dr', 'outZH_b1qq_M', 'outZH_b2qq_M', 'ZH_b1qq_dr', 'ZH_b2qq_dr', 'ZH_lbb1qq_dr', 'ZH_lbb2qq_dr', 'l_b2_mtb', 'ZH_closeb_invM', 'n_ak8jets', 'n_ak4jets', 'n_ak8_ZHbb', 'outZH_max_ak8pnetMass', 'outZH_b12_m', 'outZH_b12_dr', 'ht_b', 'ht_outZH', 'ak4_bestb_inZH', 'ak4_worstb_inZH', 'nonZHbb_q1_dr', 'nonZHbb_b1_dr', 'inZHb_outZHb_dr', 'ZH_l_dr', 'ZH_l_invM', 'l_b1_invM', 'l_b2_invM', 'l_b1_dr', 'l_b2_dr', 'spher', 'aplan', 'n_b_inZH', 'n_q_inZH', 'n_b_outZH', 'n_q_outZH', 'ZH_bbvLscore'], flatten=True, store_size=True, fill_none=True, fill_value=-999.0, pos_start=None, pos_end=None)],
                 'btag_mask': [ColOut(collection='events', columns=['matchedGen_ZHbb_bb', 'outZH_b1_pt', 'outZH_b2_pt', 'outZH_b1_score', 'outZH_b2_score', 'outZH_q1_pt', 'outZH_q2_pt', 'outZH_q1_score', 'outZH_q2_score', 'outZH_b1_q_mindr', 'outZH_b2_q_mindr', 'outZH_q_q_dr_nearb1', 'outZH_q_q_dr_nearb2', 'outZH_qq_M_nearb1', 'outZH_qq_M_nearb2', 'outZH_b1_qq_dr', 'outZH_b2_qq_dr', 'outZH_b1qq_M', 'outZH_b2qq_M', 'ZH_b1qq_dr', 'ZH_b2qq_dr', 'ZH_lbb1qq_dr', 'ZH_lbb2qq_dr', 'l_b2_mtb', 'ZH_closeb_invM', 'n_ak8jets', 'n_ak4jets', 'n_ak8_ZHbb', 'outZH_max_ak8pnetMass', 'outZH_b12_m', 'outZH_b12_dr', 'ht_b', 'ht_outZH', 'ak4_bestb_inZH', 'ak4_worstb_inZH', 'nonZHbb_q1_dr', 'nonZHbb_b1_dr', 'inZHb_outZHb_dr', 'ZH_l_dr', 'ZH_l_invM', 'l_b1_invM', 'l_b2_invM', 'l_b1_dr', 'l_b2_dr', 'spher', 'aplan', 'n_b_inZH', 'n_q_inZH', 'n_b_outZH', 'n_q_outZH', 'ZH_bbvLscore'], flatten=True, store_size=True, fill_none=True, fill_value=-999.0, pos_start=None, pos_end=None)]},
'TTbb_SemiLeptonic': {'baseline': [ColOut(collection='events', columns=['matchedGen_ZHbb_bb', 'outZH_b1_pt', 'outZH_b2_pt', 'outZH_b1_score', 'outZH_b2_score', 'outZH_q1_pt', 'outZH_q2_pt', 'outZH_q1_score', 'outZH_q2_score', 'outZH_b1_q_mindr', 'outZH_b2_q_mindr', 'outZH_q_q_dr_nearb1', 'outZH_q_q_dr_nearb2', 'outZH_qq_M_nearb1', 'outZH_qq_M_nearb2', 'outZH_b1_qq_dr', 'outZH_b2_qq_dr', 'outZH_b1qq_M', 'outZH_b2qq_M', 'ZH_b1qq_dr', 'ZH_b2qq_dr', 'ZH_lbb1qq_dr', 'ZH_lbb2qq_dr', 'l_b2_mtb', 'ZH_closeb_invM', 'n_ak8jets', 'n_ak4jets', 'n_ak8_ZHbb', 'outZH_max_ak8pnetMass', 'outZH_b12_m', 'outZH_b12_dr', 'ht_b', 'ht_outZH', 'ak4_bestb_inZH', 'ak4_worstb_inZH', 'nonZHbb_q1_dr', 'nonZHbb_b1_dr', 'inZHb_outZHb_dr', 'ZH_l_dr', 'ZH_l_invM', 'l_b1_invM', 'l_b2_invM', 'l_b1_dr', 'l_b2_dr', 'spher', 'aplan', 'n_b_inZH', 'n_q_inZH', 'n_b_outZH', 'n_q_outZH', 'ZH_bbvLscore'], flatten=True, store_size=True, fill_none=True, fill_value=-999.0, pos_start=None, pos_end=None)],
                     'btag_mask': [ColOut(collection='events', columns=['matchedGen_ZHbb_bb', 'outZH_b1_pt', 'outZH_b2_pt', 'outZH_b1_score', 'outZH_b2_score', 'outZH_q1_pt', 'outZH_q2_pt', 'outZH_q1_score', 'outZH_q2_score', 'outZH_b1_q_mindr', 'outZH_b2_q_mindr', 'outZH_q_q_dr_nearb1', 'outZH_q_q_dr_nearb2', 'outZH_qq_M_nearb1', 'outZH_qq_M_nearb2', 'outZH_b1_qq_dr', 'outZH_b2_qq_dr', 'outZH_b1qq_M', 'outZH_b2qq_M', 'ZH_b1qq_dr', 'ZH_b2qq_dr', 'ZH_lbb1qq_dr', 'ZH_lbb2qq_dr', 'l_b2_mtb', 'ZH_closeb_invM', 'n_ak8jets', 'n_ak4jets', 'n_ak8_ZHbb', 'outZH_max_ak8pnetMass', 'outZH_b12_m', 'outZH_b12_dr', 'ht_b', 'ht_outZH', 'ak4_bestb_inZH', 'ak4_worstb_inZH', 'nonZHbb_q1_dr', 'nonZHbb_b1_dr', 'inZHb_outZHb_dr', 'ZH_l_dr', 'ZH_l_invM', 'l_b1_invM', 'l_b2_invM', 'l_b1_dr', 'l_b2_dr', 'spher', 'aplan', 'n_b_inZH', 'n_q_inZH', 'n_b_outZH', 'n_q_outZH', 'ZH_bbvLscore'], flatten=True, store_size=True, fill_none=True, fill_value=-999.0, pos_start=None, pos_end=None)]},
'ttHToNonbb': {'baseline': [ColOut(collection='events', columns=['matchedGen_ZHbb_bb', 'outZH_b1_pt', 'outZH_b2_pt', 'outZH_b1_score', 'outZH_b2_score', 'outZH_q1_pt', 'outZH_q2_pt', 'outZH_q1_score', 'outZH_q2_score', 'outZH_b1_q_mindr', 'outZH_b2_q_mindr', 'outZH_q_q_dr_nearb1', 'outZH_q_q_dr_nearb2', 'outZH_qq_M_nearb1', 'outZH_qq_M_nearb2', 'outZH_b1_qq_dr', 'outZH_b2_qq_dr', 'outZH_b1qq_M', 'outZH_b2qq_M', 'ZH_b1qq_dr', 'ZH_b2qq_dr', 'ZH_lbb1qq_dr', 'ZH_lbb2qq_dr', 'l_b2_mtb', 'ZH_closeb_invM', 'n_ak8jets', 'n_ak4jets', 'n_ak8_ZHbb', 'outZH_max_ak8pnetMass', 'outZH_b12_m', 'outZH_b12_dr', 'ht_b', 'ht_outZH', 'ak4_bestb_inZH', 'ak4_worstb_inZH', 'nonZHbb_q1_dr', 'nonZHbb_b1_dr', 'inZHb_outZHb_dr', 'ZH_l_dr', 'ZH_l_invM', 'l_b1_invM', 'l_b2_invM', 'l_b1_dr', 'l_b2_dr', 'spher', 'aplan', 'n_b_inZH', 'n_q_inZH', 'n_b_outZH', 'n_q_outZH', 'ZH_bbvLscore'], flatten=True, store_size=True, fill_none=True, fill_value=-999.0, pos_start=None, pos_end=None)],
              'btag_mask': [ColOut(collection='events', columns=['matchedGen_ZHbb_bb', 'outZH_b1_pt', 'outZH_b2_pt', 'outZH_b1_score', 'outZH_b2_score', 'outZH_q1_pt', 'outZH_q2_pt', 'outZH_q1_score', 'outZH_q2_score', 'outZH_b1_q_mindr', 'outZH_b2_q_mindr', 'outZH_q_q_dr_nearb1', 'outZH_q_q_dr_nearb2', 'outZH_qq_M_nearb1', 'outZH_qq_M_nearb2', 'outZH_b1_qq_dr', 'outZH_b2_qq_dr', 'outZH_b1qq_M', 'outZH_b2qq_M', 'ZH_b1qq_dr', 'ZH_b2qq_dr', 'ZH_lbb1qq_dr', 'ZH_lbb2qq_dr', 'l_b2_mtb', 'ZH_closeb_invM', 'n_ak8jets', 'n_ak4jets', 'n_ak8_ZHbb', 'outZH_max_ak8pnetMass', 'outZH_b12_m', 'outZH_b12_dr', 'ht_b', 'ht_outZH', 'ak4_bestb_inZH', 'ak4_worstb_inZH', 'nonZHbb_q1_dr', 'nonZHbb_b1_dr', 'inZHb_outZHb_dr', 'ZH_l_dr', 'ZH_l_invM', 'l_b1_invM', 'l_b2_invM', 'l_b1_dr', 'l_b2_dr', 'spher', 'aplan', 'n_b_inZH', 'n_q_inZH', 'n_b_outZH', 'n_q_outZH', 'ZH_bbvLscore'], flatten=True, store_size=True, fill_none=True, fill_value=-999.0, pos_start=None, pos_end=None)]},
'ttHTobb': {'baseline': [ColOut(collection='events', columns=['matchedGen_ZHbb_bb', 'outZH_b1_pt', 'outZH_b2_pt', 'outZH_b1_score', 'outZH_b2_score', 'outZH_q1_pt', 'outZH_q2_pt', 'outZH_q1_score', 'outZH_q2_score', 'outZH_b1_q_mindr', 'outZH_b2_q_mindr', 'outZH_q_q_dr_nearb1', 'outZH_q_q_dr_nearb2', 'outZH_qq_M_nearb1', 'outZH_qq_M_nearb2', 'outZH_b1_qq_dr', 'outZH_b2_qq_dr', 'outZH_b1qq_M', 'outZH_b2qq_M', 'ZH_b1qq_dr', 'ZH_b2qq_dr', 'ZH_lbb1qq_dr', 'ZH_lbb2qq_dr', 'l_b2_mtb', 'ZH_closeb_invM', 'n_ak8jets', 'n_ak4jets', 'n_ak8_ZHbb', 'outZH_max_ak8pnetMass', 'outZH_b12_m', 'outZH_b12_dr', 'ht_b', 'ht_outZH', 'ak4_bestb_inZH', 'ak4_worstb_inZH', 'nonZHbb_q1_dr', 'nonZHbb_b1_dr', 'inZHb_outZHb_dr', 'ZH_l_dr', 'ZH_l_invM', 'l_b1_invM', 'l_b2_invM', 'l_b1_dr', 'l_b2_dr', 'spher', 'aplan', 'n_b_inZH', 'n_q_inZH', 'n_b_outZH', 'n_q_outZH', 'ZH_bbvLscore'], flatten=True, store_size=True, fill_none=True, fill_value=-999.0, pos_start=None, pos_end=None)],
           'btag_mask': [ColOut(collection='events', columns=['matchedGen_ZHbb_bb', 'outZH_b1_pt', 'outZH_b2_pt', 'outZH_b1_score', 'outZH_b2_score', 'outZH_q1_pt', 'outZH_q2_pt', 'outZH_q1_score', 'outZH_q2_score', 'outZH_b1_q_mindr', 'outZH_b2_q_mindr', 'outZH_q_q_dr_nearb1', 'outZH_q_q_dr_nearb2', 'outZH_qq_M_nearb1', 'outZH_qq_M_nearb2', 'outZH_b1_qq_dr', 'outZH_b2_qq_dr', 'outZH_b1qq_M', 'outZH_b2qq_M', 'ZH_b1qq_dr', 'ZH_b2qq_dr', 'ZH_lbb1qq_dr', 'ZH_lbb2qq_dr', 'l_b2_mtb', 'ZH_closeb_invM', 'n_ak8jets', 'n_ak4jets', 'n_ak8_ZHbb', 'outZH_max_ak8pnetMass', 'outZH_b12_m', 'outZH_b12_dr', 'ht_b', 'ht_outZH', 'ak4_bestb_inZH', 'ak4_worstb_inZH', 'nonZHbb_q1_dr', 'nonZHbb_b1_dr', 'inZHb_outZHb_dr', 'ZH_l_dr', 'ZH_l_invM', 'l_b1_invM', 'l_b2_invM', 'l_b1_dr', 'l_b2_dr', 'spher', 'aplan', 'n_b_inZH', 'n_q_inZH', 'n_b_outZH', 'n_q_outZH', 'ZH_bbvLscore'], flatten=True, store_size=True, fill_none=True, fill_value=-999.0, pos_start=None, pos_end=None)]}}
  - available weights variations: {'TTTo2L2Nu': ['nominal', 'pileup'],
'TTToHadronic': ['nominal', 'pileup'],
'TTToSemiLeptonic': ['nominal', 'pileup'],
'TTZToBB': ['nominal', 'pileup'],
'TTZToLLNuNu': ['nominal', 'pileup'],
'TTZToQQ': ['nominal', 'pileup'],
'TTbb_2L2Nu': ['nominal', 'pileup'],
'TTbb_Hadronic': ['nominal', 'pileup'],
'TTbb_SemiLeptonic': ['nominal', 'pileup'],
'ttHToNonbb': ['nominal', 'pileup'],
'ttHTobb': ['nominal', 'pileup']} 
  - available shape variations: {'TTTo2L2Nu': [],
'TTToHadronic': [],
'TTToSemiLeptonic': [],
'TTZToBB': [],
'TTZToLLNuNu': [],
'TTZToQQ': [],
'TTbb_2L2Nu': [],
'TTbb_Hadronic': [],
'TTbb_SemiLeptonic': [],
'ttHToNonbb': [],
'ttHTobb': []}
[INFO    ] Configurator instance:
  - Workflow: <class 'zhbbworkflow.ZHbbBaseProcessor'>
  - Workflow options: {}
  - N. datasets: 11 
   -- Dataset: ttHTobb_M125_M125_2017,  Sample: ttHTobb, N. files: 46, N. events: 7825000
   -- Dataset: ttHToNonbb_M125_M125_2017,  Sample: ttHToNonbb, N. files: 35, N. events: 5070989
   -- Dataset: TTZToBB__2017,  Sample: TTZToBB, N. files: 26, N. events: 7074000
   -- Dataset: TTZToQQ__2017,  Sample: TTZToQQ, N. files: 35, N. events: 13822000
   -- Dataset: TTZToLLNuNu__2017,  Sample: TTZToLLNuNu, N. files: 19, N. events: 14036000
   -- Dataset: TTbb_Hadronic__2017,  Sample: TTbb_Hadronic, N. files: 9, N. events: 5694656
   -- Dataset: TTbb_2L2Nu__2017,  Sample: TTbb_2L2Nu, N. files: 7, N. events: 3472503
   -- Dataset: TTbb_SemiLeptonic__2017,  Sample: TTbb_SemiLeptonic, N. files: 12, N. events: 7318891
   -- Dataset: TTToHadronic__2017,  Sample: TTToHadronic, N. files: 199, N. events: 232999999
   -- Dataset: TTTo2L2Nu__2017,  Sample: TTTo2L2Nu, N. files: 99, N. events: 106724000
   -- Dataset: TTToSemiLeptonic__2017,  Sample: TTToSemiLeptonic, N. files: 297, N. events: 346052000
  - Subsamples:
   -- Sample ttHTobb: StandardSelection ['ttHTobb'], (1 categories)
   -- Sample ttHToNonbb: StandardSelection ['ttHToNonbb'], (1 categories)
   -- Sample TTZToBB: StandardSelection ['TTZToBB'], (1 categories)
   -- Sample TTZToQQ: StandardSelection ['TTZToQQ'], (1 categories)
   -- Sample TTZToLLNuNu: StandardSelection ['TTZToLLNuNu'], (1 categories)
   -- Sample TTbb_Hadronic: StandardSelection ['TTbb_Hadronic'], (1 categories)
   -- Sample TTbb_2L2Nu: StandardSelection ['TTbb_2L2Nu'], (1 categories)
   -- Sample TTbb_SemiLeptonic: StandardSelection ['TTbb_SemiLeptonic'], (1 categories)
   -- Sample TTToHadronic: StandardSelection ['TTToHadronic'], (1 categories)
   -- Sample TTTo2L2Nu: StandardSelection ['TTTo2L2Nu'], (1 categories)
   -- Sample TTToSemiLeptonic: StandardSelection ['TTToSemiLeptonic'], (1 categories)
  - Skim: ['preSkimCut']
  - Preselection: ['eventSelection']
  - Categories: StandardSelection ['baseline', 'btag_mask'], (2 categories)
  - Variables:  ['mAK8', 'zhbbtag', 'zhbbtag_sorted', 'outZH_b1_pt']
  - Columns: {'TTTo2L2Nu': {'baseline': [ColOut(collection='events', columns=['matchedGen_ZHbb_bb', 'outZH_b1_pt', 'outZH_b2_pt', 'outZH_b1_score', 'outZH_b2_score', 'outZH_q1_pt', 'outZH_q2_pt', 'outZH_q1_score', 'outZH_q2_score', 'outZH_b1_q_mindr', 'outZH_b2_q_mindr', 'outZH_q_q_dr_nearb1', 'outZH_q_q_dr_nearb2', 'outZH_qq_M_nearb1', 'outZH_qq_M_nearb2', 'outZH_b1_qq_dr', 'outZH_b2_qq_dr', 'outZH_b1qq_M', 'outZH_b2qq_M', 'ZH_b1qq_dr', 'ZH_b2qq_dr', 'ZH_lbb1qq_dr', 'ZH_lbb2qq_dr', 'l_b2_mtb', 'ZH_closeb_invM', 'n_ak8jets', 'n_ak4jets', 'n_ak8_ZHbb', 'outZH_max_ak8pnetMass', 'outZH_b12_m', 'outZH_b12_dr', 'ht_b', 'ht_outZH', 'ak4_bestb_inZH', 'ak4_worstb_inZH', 'nonZHbb_q1_dr', 'nonZHbb_b1_dr', 'inZHb_outZHb_dr', 'ZH_l_dr', 'ZH_l_invM', 'l_b1_invM', 'l_b2_invM', 'l_b1_dr', 'l_b2_dr', 'spher', 'aplan', 'n_b_inZH', 'n_q_inZH', 'n_b_outZH', 'n_q_outZH', 'ZH_bbvLscore'], flatten=True, store_size=True, fill_none=True, fill_value=-999.0, pos_start=None, pos_end=None)],
             'btag_mask': [ColOut(collection='events', columns=['matchedGen_ZHbb_bb', 'outZH_b1_pt', 'outZH_b2_pt', 'outZH_b1_score', 'outZH_b2_score', 'outZH_q1_pt', 'outZH_q2_pt', 'outZH_q1_score', 'outZH_q2_score', 'outZH_b1_q_mindr', 'outZH_b2_q_mindr', 'outZH_q_q_dr_nearb1', 'outZH_q_q_dr_nearb2', 'outZH_qq_M_nearb1', 'outZH_qq_M_nearb2', 'outZH_b1_qq_dr', 'outZH_b2_qq_dr', 'outZH_b1qq_M', 'outZH_b2qq_M', 'ZH_b1qq_dr', 'ZH_b2qq_dr', 'ZH_lbb1qq_dr', 'ZH_lbb2qq_dr', 'l_b2_mtb', 'ZH_closeb_invM', 'n_ak8jets', 'n_ak4jets', 'n_ak8_ZHbb', 'outZH_max_ak8pnetMass', 'outZH_b12_m', 'outZH_b12_dr', 'ht_b', 'ht_outZH', 'ak4_bestb_inZH', 'ak4_worstb_inZH', 'nonZHbb_q1_dr', 'nonZHbb_b1_dr', 'inZHb_outZHb_dr', 'ZH_l_dr', 'ZH_l_invM', 'l_b1_invM', 'l_b2_invM', 'l_b1_dr', 'l_b2_dr', 'spher', 'aplan', 'n_b_inZH', 'n_q_inZH', 'n_b_outZH', 'n_q_outZH', 'ZH_bbvLscore'], flatten=True, store_size=True, fill_none=True, fill_value=-999.0, pos_start=None, pos_end=None)]},
'TTToHadronic': {'baseline': [ColOut(collection='events', columns=['matchedGen_ZHbb_bb', 'outZH_b1_pt', 'outZH_b2_pt', 'outZH_b1_score', 'outZH_b2_score', 'outZH_q1_pt', 'outZH_q2_pt', 'outZH_q1_score', 'outZH_q2_score', 'outZH_b1_q_mindr', 'outZH_b2_q_mindr', 'outZH_q_q_dr_nearb1', 'outZH_q_q_dr_nearb2', 'outZH_qq_M_nearb1', 'outZH_qq_M_nearb2', 'outZH_b1_qq_dr', 'outZH_b2_qq_dr', 'outZH_b1qq_M', 'outZH_b2qq_M', 'ZH_b1qq_dr', 'ZH_b2qq_dr', 'ZH_lbb1qq_dr', 'ZH_lbb2qq_dr', 'l_b2_mtb', 'ZH_closeb_invM', 'n_ak8jets', 'n_ak4jets', 'n_ak8_ZHbb', 'outZH_max_ak8pnetMass', 'outZH_b12_m', 'outZH_b12_dr', 'ht_b', 'ht_outZH', 'ak4_bestb_inZH', 'ak4_worstb_inZH', 'nonZHbb_q1_dr', 'nonZHbb_b1_dr', 'inZHb_outZHb_dr', 'ZH_l_dr', 'ZH_l_invM', 'l_b1_invM', 'l_b2_invM', 'l_b1_dr', 'l_b2_dr', 'spher', 'aplan', 'n_b_inZH', 'n_q_inZH', 'n_b_outZH', 'n_q_outZH', 'ZH_bbvLscore'], flatten=True, store_size=True, fill_none=True, fill_value=-999.0, pos_start=None, pos_end=None)],
                'btag_mask': [ColOut(collection='events', columns=['matchedGen_ZHbb_bb', 'outZH_b1_pt', 'outZH_b2_pt', 'outZH_b1_score', 'outZH_b2_score', 'outZH_q1_pt', 'outZH_q2_pt', 'outZH_q1_score', 'outZH_q2_score', 'outZH_b1_q_mindr', 'outZH_b2_q_mindr', 'outZH_q_q_dr_nearb1', 'outZH_q_q_dr_nearb2', 'outZH_qq_M_nearb1', 'outZH_qq_M_nearb2', 'outZH_b1_qq_dr', 'outZH_b2_qq_dr', 'outZH_b1qq_M', 'outZH_b2qq_M', 'ZH_b1qq_dr', 'ZH_b2qq_dr', 'ZH_lbb1qq_dr', 'ZH_lbb2qq_dr', 'l_b2_mtb', 'ZH_closeb_invM', 'n_ak8jets', 'n_ak4jets', 'n_ak8_ZHbb', 'outZH_max_ak8pnetMass', 'outZH_b12_m', 'outZH_b12_dr', 'ht_b', 'ht_outZH', 'ak4_bestb_inZH', 'ak4_worstb_inZH', 'nonZHbb_q1_dr', 'nonZHbb_b1_dr', 'inZHb_outZHb_dr', 'ZH_l_dr', 'ZH_l_invM', 'l_b1_invM', 'l_b2_invM', 'l_b1_dr', 'l_b2_dr', 'spher', 'aplan', 'n_b_inZH', 'n_q_inZH', 'n_b_outZH', 'n_q_outZH', 'ZH_bbvLscore'], flatten=True, store_size=True, fill_none=True, fill_value=-999.0, pos_start=None, pos_end=None)]},
'TTToSemiLeptonic': {'baseline': [ColOut(collection='events', columns=['matchedGen_ZHbb_bb', 'outZH_b1_pt', 'outZH_b2_pt', 'outZH_b1_score', 'outZH_b2_score', 'outZH_q1_pt', 'outZH_q2_pt', 'outZH_q1_score', 'outZH_q2_score', 'outZH_b1_q_mindr', 'outZH_b2_q_mindr', 'outZH_q_q_dr_nearb1', 'outZH_q_q_dr_nearb2', 'outZH_qq_M_nearb1', 'outZH_qq_M_nearb2', 'outZH_b1_qq_dr', 'outZH_b2_qq_dr', 'outZH_b1qq_M', 'outZH_b2qq_M', 'ZH_b1qq_dr', 'ZH_b2qq_dr', 'ZH_lbb1qq_dr', 'ZH_lbb2qq_dr', 'l_b2_mtb', 'ZH_closeb_invM', 'n_ak8jets', 'n_ak4jets', 'n_ak8_ZHbb', 'outZH_max_ak8pnetMass', 'outZH_b12_m', 'outZH_b12_dr', 'ht_b', 'ht_outZH', 'ak4_bestb_inZH', 'ak4_worstb_inZH', 'nonZHbb_q1_dr', 'nonZHbb_b1_dr', 'inZHb_outZHb_dr', 'ZH_l_dr', 'ZH_l_invM', 'l_b1_invM', 'l_b2_invM', 'l_b1_dr', 'l_b2_dr', 'spher', 'aplan', 'n_b_inZH', 'n_q_inZH', 'n_b_outZH', 'n_q_outZH', 'ZH_bbvLscore'], flatten=True, store_size=True, fill_none=True, fill_value=-999.0, pos_start=None, pos_end=None)],
                    'btag_mask': [ColOut(collection='events', columns=['matchedGen_ZHbb_bb', 'outZH_b1_pt', 'outZH_b2_pt', 'outZH_b1_score', 'outZH_b2_score', 'outZH_q1_pt', 'outZH_q2_pt', 'outZH_q1_score', 'outZH_q2_score', 'outZH_b1_q_mindr', 'outZH_b2_q_mindr', 'outZH_q_q_dr_nearb1', 'outZH_q_q_dr_nearb2', 'outZH_qq_M_nearb1', 'outZH_qq_M_nearb2', 'outZH_b1_qq_dr', 'outZH_b2_qq_dr', 'outZH_b1qq_M', 'outZH_b2qq_M', 'ZH_b1qq_dr', 'ZH_b2qq_dr', 'ZH_lbb1qq_dr', 'ZH_lbb2qq_dr', 'l_b2_mtb', 'ZH_closeb_invM', 'n_ak8jets', 'n_ak4jets', 'n_ak8_ZHbb', 'outZH_max_ak8pnetMass', 'outZH_b12_m', 'outZH_b12_dr', 'ht_b', 'ht_outZH', 'ak4_bestb_inZH', 'ak4_worstb_inZH', 'nonZHbb_q1_dr', 'nonZHbb_b1_dr', 'inZHb_outZHb_dr', 'ZH_l_dr', 'ZH_l_invM', 'l_b1_invM', 'l_b2_invM', 'l_b1_dr', 'l_b2_dr', 'spher', 'aplan', 'n_b_inZH', 'n_q_inZH', 'n_b_outZH', 'n_q_outZH', 'ZH_bbvLscore'], flatten=True, store_size=True, fill_none=True, fill_value=-999.0, pos_start=None, pos_end=None)]},
'TTZToBB': {'baseline': [ColOut(collection='events', columns=['matchedGen_ZHbb_bb', 'outZH_b1_pt', 'outZH_b2_pt', 'outZH_b1_score', 'outZH_b2_score', 'outZH_q1_pt', 'outZH_q2_pt', 'outZH_q1_score', 'outZH_q2_score', 'outZH_b1_q_mindr', 'outZH_b2_q_mindr', 'outZH_q_q_dr_nearb1', 'outZH_q_q_dr_nearb2', 'outZH_qq_M_nearb1', 'outZH_qq_M_nearb2', 'outZH_b1_qq_dr', 'outZH_b2_qq_dr', 'outZH_b1qq_M', 'outZH_b2qq_M', 'ZH_b1qq_dr', 'ZH_b2qq_dr', 'ZH_lbb1qq_dr', 'ZH_lbb2qq_dr', 'l_b2_mtb', 'ZH_closeb_invM', 'n_ak8jets', 'n_ak4jets', 'n_ak8_ZHbb', 'outZH_max_ak8pnetMass', 'outZH_b12_m', 'outZH_b12_dr', 'ht_b', 'ht_outZH', 'ak4_bestb_inZH', 'ak4_worstb_inZH', 'nonZHbb_q1_dr', 'nonZHbb_b1_dr', 'inZHb_outZHb_dr', 'ZH_l_dr', 'ZH_l_invM', 'l_b1_invM', 'l_b2_invM', 'l_b1_dr', 'l_b2_dr', 'spher', 'aplan', 'n_b_inZH', 'n_q_inZH', 'n_b_outZH', 'n_q_outZH', 'ZH_bbvLscore'], flatten=True, store_size=True, fill_none=True, fill_value=-999.0, pos_start=None, pos_end=None)],
           'btag_mask': [ColOut(collection='events', columns=['matchedGen_ZHbb_bb', 'outZH_b1_pt', 'outZH_b2_pt', 'outZH_b1_score', 'outZH_b2_score', 'outZH_q1_pt', 'outZH_q2_pt', 'outZH_q1_score', 'outZH_q2_score', 'outZH_b1_q_mindr', 'outZH_b2_q_mindr', 'outZH_q_q_dr_nearb1', 'outZH_q_q_dr_nearb2', 'outZH_qq_M_nearb1', 'outZH_qq_M_nearb2', 'outZH_b1_qq_dr', 'outZH_b2_qq_dr', 'outZH_b1qq_M', 'outZH_b2qq_M', 'ZH_b1qq_dr', 'ZH_b2qq_dr', 'ZH_lbb1qq_dr', 'ZH_lbb2qq_dr', 'l_b2_mtb', 'ZH_closeb_invM', 'n_ak8jets', 'n_ak4jets', 'n_ak8_ZHbb', 'outZH_max_ak8pnetMass', 'outZH_b12_m', 'outZH_b12_dr', 'ht_b', 'ht_outZH', 'ak4_bestb_inZH', 'ak4_worstb_inZH', 'nonZHbb_q1_dr', 'nonZHbb_b1_dr', 'inZHb_outZHb_dr', 'ZH_l_dr', 'ZH_l_invM', 'l_b1_invM', 'l_b2_invM', 'l_b1_dr', 'l_b2_dr', 'spher', 'aplan', 'n_b_inZH', 'n_q_inZH', 'n_b_outZH', 'n_q_outZH', 'ZH_bbvLscore'], flatten=True, store_size=True, fill_none=True, fill_value=-999.0, pos_start=None, pos_end=None)]},
'TTZToLLNuNu': {'baseline': [ColOut(collection='events', columns=['matchedGen_ZHbb_bb', 'outZH_b1_pt', 'outZH_b2_pt', 'outZH_b1_score', 'outZH_b2_score', 'outZH_q1_pt', 'outZH_q2_pt', 'outZH_q1_score', 'outZH_q2_score', 'outZH_b1_q_mindr', 'outZH_b2_q_mindr', 'outZH_q_q_dr_nearb1', 'outZH_q_q_dr_nearb2', 'outZH_qq_M_nearb1', 'outZH_qq_M_nearb2', 'outZH_b1_qq_dr', 'outZH_b2_qq_dr', 'outZH_b1qq_M', 'outZH_b2qq_M', 'ZH_b1qq_dr', 'ZH_b2qq_dr', 'ZH_lbb1qq_dr', 'ZH_lbb2qq_dr', 'l_b2_mtb', 'ZH_closeb_invM', 'n_ak8jets', 'n_ak4jets', 'n_ak8_ZHbb', 'outZH_max_ak8pnetMass', 'outZH_b12_m', 'outZH_b12_dr', 'ht_b', 'ht_outZH', 'ak4_bestb_inZH', 'ak4_worstb_inZH', 'nonZHbb_q1_dr', 'nonZHbb_b1_dr', 'inZHb_outZHb_dr', 'ZH_l_dr', 'ZH_l_invM', 'l_b1_invM', 'l_b2_invM', 'l_b1_dr', 'l_b2_dr', 'spher', 'aplan', 'n_b_inZH', 'n_q_inZH', 'n_b_outZH', 'n_q_outZH', 'ZH_bbvLscore'], flatten=True, store_size=True, fill_none=True, fill_value=-999.0, pos_start=None, pos_end=None)],
               'btag_mask': [ColOut(collection='events', columns=['matchedGen_ZHbb_bb', 'outZH_b1_pt', 'outZH_b2_pt', 'outZH_b1_score', 'outZH_b2_score', 'outZH_q1_pt', 'outZH_q2_pt', 'outZH_q1_score', 'outZH_q2_score', 'outZH_b1_q_mindr', 'outZH_b2_q_mindr', 'outZH_q_q_dr_nearb1', 'outZH_q_q_dr_nearb2', 'outZH_qq_M_nearb1', 'outZH_qq_M_nearb2', 'outZH_b1_qq_dr', 'outZH_b2_qq_dr', 'outZH_b1qq_M', 'outZH_b2qq_M', 'ZH_b1qq_dr', 'ZH_b2qq_dr', 'ZH_lbb1qq_dr', 'ZH_lbb2qq_dr', 'l_b2_mtb', 'ZH_closeb_invM', 'n_ak8jets', 'n_ak4jets', 'n_ak8_ZHbb', 'outZH_max_ak8pnetMass', 'outZH_b12_m', 'outZH_b12_dr', 'ht_b', 'ht_outZH', 'ak4_bestb_inZH', 'ak4_worstb_inZH', 'nonZHbb_q1_dr', 'nonZHbb_b1_dr', 'inZHb_outZHb_dr', 'ZH_l_dr', 'ZH_l_invM', 'l_b1_invM', 'l_b2_invM', 'l_b1_dr', 'l_b2_dr', 'spher', 'aplan', 'n_b_inZH', 'n_q_inZH', 'n_b_outZH', 'n_q_outZH', 'ZH_bbvLscore'], flatten=True, store_size=True, fill_none=True, fill_value=-999.0, pos_start=None, pos_end=None)]},
'TTZToQQ': {'baseline': [ColOut(collection='events', columns=['matchedGen_ZHbb_bb', 'outZH_b1_pt', 'outZH_b2_pt', 'outZH_b1_score', 'outZH_b2_score', 'outZH_q1_pt', 'outZH_q2_pt', 'outZH_q1_score', 'outZH_q2_score', 'outZH_b1_q_mindr', 'outZH_b2_q_mindr', 'outZH_q_q_dr_nearb1', 'outZH_q_q_dr_nearb2', 'outZH_qq_M_nearb1', 'outZH_qq_M_nearb2', 'outZH_b1_qq_dr', 'outZH_b2_qq_dr', 'outZH_b1qq_M', 'outZH_b2qq_M', 'ZH_b1qq_dr', 'ZH_b2qq_dr', 'ZH_lbb1qq_dr', 'ZH_lbb2qq_dr', 'l_b2_mtb', 'ZH_closeb_invM', 'n_ak8jets', 'n_ak4jets', 'n_ak8_ZHbb', 'outZH_max_ak8pnetMass', 'outZH_b12_m', 'outZH_b12_dr', 'ht_b', 'ht_outZH', 'ak4_bestb_inZH', 'ak4_worstb_inZH', 'nonZHbb_q1_dr', 'nonZHbb_b1_dr', 'inZHb_outZHb_dr', 'ZH_l_dr', 'ZH_l_invM', 'l_b1_invM', 'l_b2_invM', 'l_b1_dr', 'l_b2_dr', 'spher', 'aplan', 'n_b_inZH', 'n_q_inZH', 'n_b_outZH', 'n_q_outZH', 'ZH_bbvLscore'], flatten=True, store_size=True, fill_none=True, fill_value=-999.0, pos_start=None, pos_end=None)],
           'btag_mask': [ColOut(collection='events', columns=['matchedGen_ZHbb_bb', 'outZH_b1_pt', 'outZH_b2_pt', 'outZH_b1_score', 'outZH_b2_score', 'outZH_q1_pt', 'outZH_q2_pt', 'outZH_q1_score', 'outZH_q2_score', 'outZH_b1_q_mindr', 'outZH_b2_q_mindr', 'outZH_q_q_dr_nearb1', 'outZH_q_q_dr_nearb2', 'outZH_qq_M_nearb1', 'outZH_qq_M_nearb2', 'outZH_b1_qq_dr', 'outZH_b2_qq_dr', 'outZH_b1qq_M', 'outZH_b2qq_M', 'ZH_b1qq_dr', 'ZH_b2qq_dr', 'ZH_lbb1qq_dr', 'ZH_lbb2qq_dr', 'l_b2_mtb', 'ZH_closeb_invM', 'n_ak8jets', 'n_ak4jets', 'n_ak8_ZHbb', 'outZH_max_ak8pnetMass', 'outZH_b12_m', 'outZH_b12_dr', 'ht_b', 'ht_outZH', 'ak4_bestb_inZH', 'ak4_worstb_inZH', 'nonZHbb_q1_dr', 'nonZHbb_b1_dr', 'inZHb_outZHb_dr', 'ZH_l_dr', 'ZH_l_invM', 'l_b1_invM', 'l_b2_invM', 'l_b1_dr', 'l_b2_dr', 'spher', 'aplan', 'n_b_inZH', 'n_q_inZH', 'n_b_outZH', 'n_q_outZH', 'ZH_bbvLscore'], flatten=True, store_size=True, fill_none=True, fill_value=-999.0, pos_start=None, pos_end=None)]},
'TTbb_2L2Nu': {'baseline': [ColOut(collection='events', columns=['matchedGen_ZHbb_bb', 'outZH_b1_pt', 'outZH_b2_pt', 'outZH_b1_score', 'outZH_b2_score', 'outZH_q1_pt', 'outZH_q2_pt', 'outZH_q1_score', 'outZH_q2_score', 'outZH_b1_q_mindr', 'outZH_b2_q_mindr', 'outZH_q_q_dr_nearb1', 'outZH_q_q_dr_nearb2', 'outZH_qq_M_nearb1', 'outZH_qq_M_nearb2', 'outZH_b1_qq_dr', 'outZH_b2_qq_dr', 'outZH_b1qq_M', 'outZH_b2qq_M', 'ZH_b1qq_dr', 'ZH_b2qq_dr', 'ZH_lbb1qq_dr', 'ZH_lbb2qq_dr', 'l_b2_mtb', 'ZH_closeb_invM', 'n_ak8jets', 'n_ak4jets', 'n_ak8_ZHbb', 'outZH_max_ak8pnetMass', 'outZH_b12_m', 'outZH_b12_dr', 'ht_b', 'ht_outZH', 'ak4_bestb_inZH', 'ak4_worstb_inZH', 'nonZHbb_q1_dr', 'nonZHbb_b1_dr', 'inZHb_outZHb_dr', 'ZH_l_dr', 'ZH_l_invM', 'l_b1_invM', 'l_b2_invM', 'l_b1_dr', 'l_b2_dr', 'spher', 'aplan', 'n_b_inZH', 'n_q_inZH', 'n_b_outZH', 'n_q_outZH', 'ZH_bbvLscore'], flatten=True, store_size=True, fill_none=True, fill_value=-999.0, pos_start=None, pos_end=None)],
              'btag_mask': [ColOut(collection='events', columns=['matchedGen_ZHbb_bb', 'outZH_b1_pt', 'outZH_b2_pt', 'outZH_b1_score', 'outZH_b2_score', 'outZH_q1_pt', 'outZH_q2_pt', 'outZH_q1_score', 'outZH_q2_score', 'outZH_b1_q_mindr', 'outZH_b2_q_mindr', 'outZH_q_q_dr_nearb1', 'outZH_q_q_dr_nearb2', 'outZH_qq_M_nearb1', 'outZH_qq_M_nearb2', 'outZH_b1_qq_dr', 'outZH_b2_qq_dr', 'outZH_b1qq_M', 'outZH_b2qq_M', 'ZH_b1qq_dr', 'ZH_b2qq_dr', 'ZH_lbb1qq_dr', 'ZH_lbb2qq_dr', 'l_b2_mtb', 'ZH_closeb_invM', 'n_ak8jets', 'n_ak4jets', 'n_ak8_ZHbb', 'outZH_max_ak8pnetMass', 'outZH_b12_m', 'outZH_b12_dr', 'ht_b', 'ht_outZH', 'ak4_bestb_inZH', 'ak4_worstb_inZH', 'nonZHbb_q1_dr', 'nonZHbb_b1_dr', 'inZHb_outZHb_dr', 'ZH_l_dr', 'ZH_l_invM', 'l_b1_invM', 'l_b2_invM', 'l_b1_dr', 'l_b2_dr', 'spher', 'aplan', 'n_b_inZH', 'n_q_inZH', 'n_b_outZH', 'n_q_outZH', 'ZH_bbvLscore'], flatten=True, store_size=True, fill_none=True, fill_value=-999.0, pos_start=None, pos_end=None)]},
'TTbb_Hadronic': {'baseline': [ColOut(collection='events', columns=['matchedGen_ZHbb_bb', 'outZH_b1_pt', 'outZH_b2_pt', 'outZH_b1_score', 'outZH_b2_score', 'outZH_q1_pt', 'outZH_q2_pt', 'outZH_q1_score', 'outZH_q2_score', 'outZH_b1_q_mindr', 'outZH_b2_q_mindr', 'outZH_q_q_dr_nearb1', 'outZH_q_q_dr_nearb2', 'outZH_qq_M_nearb1', 'outZH_qq_M_nearb2', 'outZH_b1_qq_dr', 'outZH_b2_qq_dr', 'outZH_b1qq_M', 'outZH_b2qq_M', 'ZH_b1qq_dr', 'ZH_b2qq_dr', 'ZH_lbb1qq_dr', 'ZH_lbb2qq_dr', 'l_b2_mtb', 'ZH_closeb_invM', 'n_ak8jets', 'n_ak4jets', 'n_ak8_ZHbb', 'outZH_max_ak8pnetMass', 'outZH_b12_m', 'outZH_b12_dr', 'ht_b', 'ht_outZH', 'ak4_bestb_inZH', 'ak4_worstb_inZH', 'nonZHbb_q1_dr', 'nonZHbb_b1_dr', 'inZHb_outZHb_dr', 'ZH_l_dr', 'ZH_l_invM', 'l_b1_invM', 'l_b2_invM', 'l_b1_dr', 'l_b2_dr', 'spher', 'aplan', 'n_b_inZH', 'n_q_inZH', 'n_b_outZH', 'n_q_outZH', 'ZH_bbvLscore'], flatten=True, store_size=True, fill_none=True, fill_value=-999.0, pos_start=None, pos_end=None)],
                 'btag_mask': [ColOut(collection='events', columns=['matchedGen_ZHbb_bb', 'outZH_b1_pt', 'outZH_b2_pt', 'outZH_b1_score', 'outZH_b2_score', 'outZH_q1_pt', 'outZH_q2_pt', 'outZH_q1_score', 'outZH_q2_score', 'outZH_b1_q_mindr', 'outZH_b2_q_mindr', 'outZH_q_q_dr_nearb1', 'outZH_q_q_dr_nearb2', 'outZH_qq_M_nearb1', 'outZH_qq_M_nearb2', 'outZH_b1_qq_dr', 'outZH_b2_qq_dr', 'outZH_b1qq_M', 'outZH_b2qq_M', 'ZH_b1qq_dr', 'ZH_b2qq_dr', 'ZH_lbb1qq_dr', 'ZH_lbb2qq_dr', 'l_b2_mtb', 'ZH_closeb_invM', 'n_ak8jets', 'n_ak4jets', 'n_ak8_ZHbb', 'outZH_max_ak8pnetMass', 'outZH_b12_m', 'outZH_b12_dr', 'ht_b', 'ht_outZH', 'ak4_bestb_inZH', 'ak4_worstb_inZH', 'nonZHbb_q1_dr', 'nonZHbb_b1_dr', 'inZHb_outZHb_dr', 'ZH_l_dr', 'ZH_l_invM', 'l_b1_invM', 'l_b2_invM', 'l_b1_dr', 'l_b2_dr', 'spher', 'aplan', 'n_b_inZH', 'n_q_inZH', 'n_b_outZH', 'n_q_outZH', 'ZH_bbvLscore'], flatten=True, store_size=True, fill_none=True, fill_value=-999.0, pos_start=None, pos_end=None)]},
'TTbb_SemiLeptonic': {'baseline': [ColOut(collection='events', columns=['matchedGen_ZHbb_bb', 'outZH_b1_pt', 'outZH_b2_pt', 'outZH_b1_score', 'outZH_b2_score', 'outZH_q1_pt', 'outZH_q2_pt', 'outZH_q1_score', 'outZH_q2_score', 'outZH_b1_q_mindr', 'outZH_b2_q_mindr', 'outZH_q_q_dr_nearb1', 'outZH_q_q_dr_nearb2', 'outZH_qq_M_nearb1', 'outZH_qq_M_nearb2', 'outZH_b1_qq_dr', 'outZH_b2_qq_dr', 'outZH_b1qq_M', 'outZH_b2qq_M', 'ZH_b1qq_dr', 'ZH_b2qq_dr', 'ZH_lbb1qq_dr', 'ZH_lbb2qq_dr', 'l_b2_mtb', 'ZH_closeb_invM', 'n_ak8jets', 'n_ak4jets', 'n_ak8_ZHbb', 'outZH_max_ak8pnetMass', 'outZH_b12_m', 'outZH_b12_dr', 'ht_b', 'ht_outZH', 'ak4_bestb_inZH', 'ak4_worstb_inZH', 'nonZHbb_q1_dr', 'nonZHbb_b1_dr', 'inZHb_outZHb_dr', 'ZH_l_dr', 'ZH_l_invM', 'l_b1_invM', 'l_b2_invM', 'l_b1_dr', 'l_b2_dr', 'spher', 'aplan', 'n_b_inZH', 'n_q_inZH', 'n_b_outZH', 'n_q_outZH', 'ZH_bbvLscore'], flatten=True, store_size=True, fill_none=True, fill_value=-999.0, pos_start=None, pos_end=None)],
                     'btag_mask': [ColOut(collection='events', columns=['matchedGen_ZHbb_bb', 'outZH_b1_pt', 'outZH_b2_pt', 'outZH_b1_score', 'outZH_b2_score', 'outZH_q1_pt', 'outZH_q2_pt', 'outZH_q1_score', 'outZH_q2_score', 'outZH_b1_q_mindr', 'outZH_b2_q_mindr', 'outZH_q_q_dr_nearb1', 'outZH_q_q_dr_nearb2', 'outZH_qq_M_nearb1', 'outZH_qq_M_nearb2', 'outZH_b1_qq_dr', 'outZH_b2_qq_dr', 'outZH_b1qq_M', 'outZH_b2qq_M', 'ZH_b1qq_dr', 'ZH_b2qq_dr', 'ZH_lbb1qq_dr', 'ZH_lbb2qq_dr', 'l_b2_mtb', 'ZH_closeb_invM', 'n_ak8jets', 'n_ak4jets', 'n_ak8_ZHbb', 'outZH_max_ak8pnetMass', 'outZH_b12_m', 'outZH_b12_dr', 'ht_b', 'ht_outZH', 'ak4_bestb_inZH', 'ak4_worstb_inZH', 'nonZHbb_q1_dr', 'nonZHbb_b1_dr', 'inZHb_outZHb_dr', 'ZH_l_dr', 'ZH_l_invM', 'l_b1_invM', 'l_b2_invM', 'l_b1_dr', 'l_b2_dr', 'spher', 'aplan', 'n_b_inZH', 'n_q_inZH', 'n_b_outZH', 'n_q_outZH', 'ZH_bbvLscore'], flatten=True, store_size=True, fill_none=True, fill_value=-999.0, pos_start=None, pos_end=None)]},
'ttHToNonbb': {'baseline': [ColOut(collection='events', columns=['matchedGen_ZHbb_bb', 'outZH_b1_pt', 'outZH_b2_pt', 'outZH_b1_score', 'outZH_b2_score', 'outZH_q1_pt', 'outZH_q2_pt', 'outZH_q1_score', 'outZH_q2_score', 'outZH_b1_q_mindr', 'outZH_b2_q_mindr', 'outZH_q_q_dr_nearb1', 'outZH_q_q_dr_nearb2', 'outZH_qq_M_nearb1', 'outZH_qq_M_nearb2', 'outZH_b1_qq_dr', 'outZH_b2_qq_dr', 'outZH_b1qq_M', 'outZH_b2qq_M', 'ZH_b1qq_dr', 'ZH_b2qq_dr', 'ZH_lbb1qq_dr', 'ZH_lbb2qq_dr', 'l_b2_mtb', 'ZH_closeb_invM', 'n_ak8jets', 'n_ak4jets', 'n_ak8_ZHbb', 'outZH_max_ak8pnetMass', 'outZH_b12_m', 'outZH_b12_dr', 'ht_b', 'ht_outZH', 'ak4_bestb_inZH', 'ak4_worstb_inZH', 'nonZHbb_q1_dr', 'nonZHbb_b1_dr', 'inZHb_outZHb_dr', 'ZH_l_dr', 'ZH_l_invM', 'l_b1_invM', 'l_b2_invM', 'l_b1_dr', 'l_b2_dr', 'spher', 'aplan', 'n_b_inZH', 'n_q_inZH', 'n_b_outZH', 'n_q_outZH', 'ZH_bbvLscore'], flatten=True, store_size=True, fill_none=True, fill_value=-999.0, pos_start=None, pos_end=None)],
              'btag_mask': [ColOut(collection='events', columns=['matchedGen_ZHbb_bb', 'outZH_b1_pt', 'outZH_b2_pt', 'outZH_b1_score', 'outZH_b2_score', 'outZH_q1_pt', 'outZH_q2_pt', 'outZH_q1_score', 'outZH_q2_score', 'outZH_b1_q_mindr', 'outZH_b2_q_mindr', 'outZH_q_q_dr_nearb1', 'outZH_q_q_dr_nearb2', 'outZH_qq_M_nearb1', 'outZH_qq_M_nearb2', 'outZH_b1_qq_dr', 'outZH_b2_qq_dr', 'outZH_b1qq_M', 'outZH_b2qq_M', 'ZH_b1qq_dr', 'ZH_b2qq_dr', 'ZH_lbb1qq_dr', 'ZH_lbb2qq_dr', 'l_b2_mtb', 'ZH_closeb_invM', 'n_ak8jets', 'n_ak4jets', 'n_ak8_ZHbb', 'outZH_max_ak8pnetMass', 'outZH_b12_m', 'outZH_b12_dr', 'ht_b', 'ht_outZH', 'ak4_bestb_inZH', 'ak4_worstb_inZH', 'nonZHbb_q1_dr', 'nonZHbb_b1_dr', 'inZHb_outZHb_dr', 'ZH_l_dr', 'ZH_l_invM', 'l_b1_invM', 'l_b2_invM', 'l_b1_dr', 'l_b2_dr', 'spher', 'aplan', 'n_b_inZH', 'n_q_inZH', 'n_b_outZH', 'n_q_outZH', 'ZH_bbvLscore'], flatten=True, store_size=True, fill_none=True, fill_value=-999.0, pos_start=None, pos_end=None)]},
'ttHTobb': {'baseline': [ColOut(collection='events', columns=['matchedGen_ZHbb_bb', 'outZH_b1_pt', 'outZH_b2_pt', 'outZH_b1_score', 'outZH_b2_score', 'outZH_q1_pt', 'outZH_q2_pt', 'outZH_q1_score', 'outZH_q2_score', 'outZH_b1_q_mindr', 'outZH_b2_q_mindr', 'outZH_q_q_dr_nearb1', 'outZH_q_q_dr_nearb2', 'outZH_qq_M_nearb1', 'outZH_qq_M_nearb2', 'outZH_b1_qq_dr', 'outZH_b2_qq_dr', 'outZH_b1qq_M', 'outZH_b2qq_M', 'ZH_b1qq_dr', 'ZH_b2qq_dr', 'ZH_lbb1qq_dr', 'ZH_lbb2qq_dr', 'l_b2_mtb', 'ZH_closeb_invM', 'n_ak8jets', 'n_ak4jets', 'n_ak8_ZHbb', 'outZH_max_ak8pnetMass', 'outZH_b12_m', 'outZH_b12_dr', 'ht_b', 'ht_outZH', 'ak4_bestb_inZH', 'ak4_worstb_inZH', 'nonZHbb_q1_dr', 'nonZHbb_b1_dr', 'inZHb_outZHb_dr', 'ZH_l_dr', 'ZH_l_invM', 'l_b1_invM', 'l_b2_invM', 'l_b1_dr', 'l_b2_dr', 'spher', 'aplan', 'n_b_inZH', 'n_q_inZH', 'n_b_outZH', 'n_q_outZH', 'ZH_bbvLscore'], flatten=True, store_size=True, fill_none=True, fill_value=-999.0, pos_start=None, pos_end=None)],
           'btag_mask': [ColOut(collection='events', columns=['matchedGen_ZHbb_bb', 'outZH_b1_pt', 'outZH_b2_pt', 'outZH_b1_score', 'outZH_b2_score', 'outZH_q1_pt', 'outZH_q2_pt', 'outZH_q1_score', 'outZH_q2_score', 'outZH_b1_q_mindr', 'outZH_b2_q_mindr', 'outZH_q_q_dr_nearb1', 'outZH_q_q_dr_nearb2', 'outZH_qq_M_nearb1', 'outZH_qq_M_nearb2', 'outZH_b1_qq_dr', 'outZH_b2_qq_dr', 'outZH_b1qq_M', 'outZH_b2qq_M', 'ZH_b1qq_dr', 'ZH_b2qq_dr', 'ZH_lbb1qq_dr', 'ZH_lbb2qq_dr', 'l_b2_mtb', 'ZH_closeb_invM', 'n_ak8jets', 'n_ak4jets', 'n_ak8_ZHbb', 'outZH_max_ak8pnetMass', 'outZH_b12_m', 'outZH_b12_dr', 'ht_b', 'ht_outZH', 'ak4_bestb_inZH', 'ak4_worstb_inZH', 'nonZHbb_q1_dr', 'nonZHbb_b1_dr', 'inZHb_outZHb_dr', 'ZH_l_dr', 'ZH_l_invM', 'l_b1_invM', 'l_b2_invM', 'l_b1_dr', 'l_b2_dr', 'spher', 'aplan', 'n_b_inZH', 'n_q_inZH', 'n_b_outZH', 'n_q_outZH', 'ZH_bbvLscore'], flatten=True, store_size=True, fill_none=True, fill_value=-999.0, pos_start=None, pos_end=None)]}}
  - available weights variations: {'TTTo2L2Nu': ['pileup', 'nominal'],
'TTToHadronic': ['pileup', 'nominal'],
'TTToSemiLeptonic': ['pileup', 'nominal'],
'TTZToBB': ['pileup', 'nominal'],
'TTZToLLNuNu': ['pileup', 'nominal'],
'TTZToQQ': ['pileup', 'nominal'],
'TTbb_2L2Nu': ['pileup', 'nominal'],
'TTbb_Hadronic': ['pileup', 'nominal'],
'TTbb_SemiLeptonic': ['pileup', 'nominal'],
'ttHToNonbb': ['pileup', 'nominal'],
'ttHTobb': ['pileup', 'nominal']} 
  - available shape variations: {'TTTo2L2Nu': [],
'TTToHadronic': [],
'TTToSemiLeptonic': [],
'TTZToBB': [],
'TTZToLLNuNu': [],
'TTZToQQ': [],
'TTbb_2L2Nu': [],
'TTbb_Hadronic': [],
'TTbb_SemiLeptonic': [],
'ttHToNonbb': [],
'ttHTobb': []}
[INFO    ] Configurator instance:
  - Workflow: <class 'zhbbworkflow.ZHbbBaseProcessor'>
  - Workflow options: {}
  - N. datasets: 11 
   -- Dataset: ttHTobb_M125_M125_2017,  Sample: ttHTobb, N. files: 46, N. events: 7825000
   -- Dataset: ttHToNonbb_M125_M125_2017,  Sample: ttHToNonbb, N. files: 35, N. events: 5070989
   -- Dataset: TTZToBB__2017,  Sample: TTZToBB, N. files: 26, N. events: 7074000
   -- Dataset: TTZToQQ__2017,  Sample: TTZToQQ, N. files: 35, N. events: 13822000
   -- Dataset: TTZToLLNuNu__2017,  Sample: TTZToLLNuNu, N. files: 19, N. events: 14036000
   -- Dataset: TTbb_Hadronic__2017,  Sample: TTbb_Hadronic, N. files: 9, N. events: 5694656
   -- Dataset: TTbb_2L2Nu__2017,  Sample: TTbb_2L2Nu, N. files: 7, N. events: 3472503
   -- Dataset: TTbb_SemiLeptonic__2017,  Sample: TTbb_SemiLeptonic, N. files: 12, N. events: 7318891
   -- Dataset: TTToHadronic__2017,  Sample: TTToHadronic, N. files: 199, N. events: 232999999
   -- Dataset: TTTo2L2Nu__2017,  Sample: TTTo2L2Nu, N. files: 99, N. events: 106724000
   -- Dataset: TTToSemiLeptonic__2017,  Sample: TTToSemiLeptonic, N. files: 297, N. events: 346052000
  - Subsamples:
   -- Sample ttHTobb: StandardSelection ['ttHTobb'], (1 categories)
   -- Sample ttHToNonbb: StandardSelection ['ttHToNonbb'], (1 categories)
   -- Sample TTZToBB: StandardSelection ['TTZToBB'], (1 categories)
   -- Sample TTZToQQ: StandardSelection ['TTZToQQ'], (1 categories)
   -- Sample TTZToLLNuNu: StandardSelection ['TTZToLLNuNu'], (1 categories)
   -- Sample TTbb_Hadronic: StandardSelection ['TTbb_Hadronic'], (1 categories)
   -- Sample TTbb_2L2Nu: StandardSelection ['TTbb_2L2Nu'], (1 categories)
   -- Sample TTbb_SemiLeptonic: StandardSelection ['TTbb_SemiLeptonic'], (1 categories)
   -- Sample TTToHadronic: StandardSelection ['TTToHadronic'], (1 categories)
   -- Sample TTTo2L2Nu: StandardSelection ['TTTo2L2Nu'], (1 categories)
   -- Sample TTToSemiLeptonic: StandardSelection ['TTToSemiLeptonic'], (1 categories)
  - Skim: ['preSkimCut']
  - Preselection: ['eventSelection']
  - Categories: StandardSelection ['baseline', 'btag_mask'], (2 categories)
  - Variables:  ['mAK8', 'zhbbtag', 'zhbbtag_sorted', 'outZH_b1_pt']
  - Columns: {'TTTo2L2Nu': {'baseline': [ColOut(collection='events', columns=['matchedGen_ZHbb_bb', 'outZH_b1_pt', 'outZH_b2_pt', 'outZH_b1_score', 'outZH_b2_score', 'outZH_q1_pt', 'outZH_q2_pt', 'outZH_q1_score', 'outZH_q2_score', 'outZH_b1_q_mindr', 'outZH_b2_q_mindr', 'outZH_q_q_dr_nearb1', 'outZH_q_q_dr_nearb2', 'outZH_qq_M_nearb1', 'outZH_qq_M_nearb2', 'outZH_b1_qq_dr', 'outZH_b2_qq_dr', 'outZH_b1qq_M', 'outZH_b2qq_M', 'ZH_b1qq_dr', 'ZH_b2qq_dr', 'ZH_lbb1qq_dr', 'ZH_lbb2qq_dr', 'l_b2_mtb', 'ZH_closeb_invM', 'n_ak8jets', 'n_ak4jets', 'n_ak8_ZHbb', 'outZH_max_ak8pnetMass', 'outZH_b12_m', 'outZH_b12_dr', 'ht_b', 'ht_outZH', 'ak4_bestb_inZH', 'ak4_worstb_inZH', 'nonZHbb_q1_dr', 'nonZHbb_b1_dr', 'inZHb_outZHb_dr', 'ZH_l_dr', 'ZH_l_invM', 'l_b1_invM', 'l_b2_invM', 'l_b1_dr', 'l_b2_dr', 'spher', 'aplan', 'n_b_inZH', 'n_q_inZH', 'n_b_outZH', 'n_q_outZH', 'ZH_bbvLscore'], flatten=True, store_size=True, fill_none=True, fill_value=-999.0, pos_start=None, pos_end=None)],
             'btag_mask': [ColOut(collection='events', columns=['matchedGen_ZHbb_bb', 'outZH_b1_pt', 'outZH_b2_pt', 'outZH_b1_score', 'outZH_b2_score', 'outZH_q1_pt', 'outZH_q2_pt', 'outZH_q1_score', 'outZH_q2_score', 'outZH_b1_q_mindr', 'outZH_b2_q_mindr', 'outZH_q_q_dr_nearb1', 'outZH_q_q_dr_nearb2', 'outZH_qq_M_nearb1', 'outZH_qq_M_nearb2', 'outZH_b1_qq_dr', 'outZH_b2_qq_dr', 'outZH_b1qq_M', 'outZH_b2qq_M', 'ZH_b1qq_dr', 'ZH_b2qq_dr', 'ZH_lbb1qq_dr', 'ZH_lbb2qq_dr', 'l_b2_mtb', 'ZH_closeb_invM', 'n_ak8jets', 'n_ak4jets', 'n_ak8_ZHbb', 'outZH_max_ak8pnetMass', 'outZH_b12_m', 'outZH_b12_dr', 'ht_b', 'ht_outZH', 'ak4_bestb_inZH', 'ak4_worstb_inZH', 'nonZHbb_q1_dr', 'nonZHbb_b1_dr', 'inZHb_outZHb_dr', 'ZH_l_dr', 'ZH_l_invM', 'l_b1_invM', 'l_b2_invM', 'l_b1_dr', 'l_b2_dr', 'spher', 'aplan', 'n_b_inZH', 'n_q_inZH', 'n_b_outZH', 'n_q_outZH', 'ZH_bbvLscore'], flatten=True, store_size=True, fill_none=True, fill_value=-999.0, pos_start=None, pos_end=None)]},
'TTToHadronic': {'baseline': [ColOut(collection='events', columns=['matchedGen_ZHbb_bb', 'outZH_b1_pt', 'outZH_b2_pt', 'outZH_b1_score', 'outZH_b2_score', 'outZH_q1_pt', 'outZH_q2_pt', 'outZH_q1_score', 'outZH_q2_score', 'outZH_b1_q_mindr', 'outZH_b2_q_mindr', 'outZH_q_q_dr_nearb1', 'outZH_q_q_dr_nearb2', 'outZH_qq_M_nearb1', 'outZH_qq_M_nearb2', 'outZH_b1_qq_dr', 'outZH_b2_qq_dr', 'outZH_b1qq_M', 'outZH_b2qq_M', 'ZH_b1qq_dr', 'ZH_b2qq_dr', 'ZH_lbb1qq_dr', 'ZH_lbb2qq_dr', 'l_b2_mtb', 'ZH_closeb_invM', 'n_ak8jets', 'n_ak4jets', 'n_ak8_ZHbb', 'outZH_max_ak8pnetMass', 'outZH_b12_m', 'outZH_b12_dr', 'ht_b', 'ht_outZH', 'ak4_bestb_inZH', 'ak4_worstb_inZH', 'nonZHbb_q1_dr', 'nonZHbb_b1_dr', 'inZHb_outZHb_dr', 'ZH_l_dr', 'ZH_l_invM', 'l_b1_invM', 'l_b2_invM', 'l_b1_dr', 'l_b2_dr', 'spher', 'aplan', 'n_b_inZH', 'n_q_inZH', 'n_b_outZH', 'n_q_outZH', 'ZH_bbvLscore'], flatten=True, store_size=True, fill_none=True, fill_value=-999.0, pos_start=None, pos_end=None)],
                'btag_mask': [ColOut(collection='events', columns=['matchedGen_ZHbb_bb', 'outZH_b1_pt', 'outZH_b2_pt', 'outZH_b1_score', 'outZH_b2_score', 'outZH_q1_pt', 'outZH_q2_pt', 'outZH_q1_score', 'outZH_q2_score', 'outZH_b1_q_mindr', 'outZH_b2_q_mindr', 'outZH_q_q_dr_nearb1', 'outZH_q_q_dr_nearb2', 'outZH_qq_M_nearb1', 'outZH_qq_M_nearb2', 'outZH_b1_qq_dr', 'outZH_b2_qq_dr', 'outZH_b1qq_M', 'outZH_b2qq_M', 'ZH_b1qq_dr', 'ZH_b2qq_dr', 'ZH_lbb1qq_dr', 'ZH_lbb2qq_dr', 'l_b2_mtb', 'ZH_closeb_invM', 'n_ak8jets', 'n_ak4jets', 'n_ak8_ZHbb', 'outZH_max_ak8pnetMass', 'outZH_b12_m', 'outZH_b12_dr', 'ht_b', 'ht_outZH', 'ak4_bestb_inZH', 'ak4_worstb_inZH', 'nonZHbb_q1_dr', 'nonZHbb_b1_dr', 'inZHb_outZHb_dr', 'ZH_l_dr', 'ZH_l_invM', 'l_b1_invM', 'l_b2_invM', 'l_b1_dr', 'l_b2_dr', 'spher', 'aplan', 'n_b_inZH', 'n_q_inZH', 'n_b_outZH', 'n_q_outZH', 'ZH_bbvLscore'], flatten=True, store_size=True, fill_none=True, fill_value=-999.0, pos_start=None, pos_end=None)]},
'TTToSemiLeptonic': {'baseline': [ColOut(collection='events', columns=['matchedGen_ZHbb_bb', 'outZH_b1_pt', 'outZH_b2_pt', 'outZH_b1_score', 'outZH_b2_score', 'outZH_q1_pt', 'outZH_q2_pt', 'outZH_q1_score', 'outZH_q2_score', 'outZH_b1_q_mindr', 'outZH_b2_q_mindr', 'outZH_q_q_dr_nearb1', 'outZH_q_q_dr_nearb2', 'outZH_qq_M_nearb1', 'outZH_qq_M_nearb2', 'outZH_b1_qq_dr', 'outZH_b2_qq_dr', 'outZH_b1qq_M', 'outZH_b2qq_M', 'ZH_b1qq_dr', 'ZH_b2qq_dr', 'ZH_lbb1qq_dr', 'ZH_lbb2qq_dr', 'l_b2_mtb', 'ZH_closeb_invM', 'n_ak8jets', 'n_ak4jets', 'n_ak8_ZHbb', 'outZH_max_ak8pnetMass', 'outZH_b12_m', 'outZH_b12_dr', 'ht_b', 'ht_outZH', 'ak4_bestb_inZH', 'ak4_worstb_inZH', 'nonZHbb_q1_dr', 'nonZHbb_b1_dr', 'inZHb_outZHb_dr', 'ZH_l_dr', 'ZH_l_invM', 'l_b1_invM', 'l_b2_invM', 'l_b1_dr', 'l_b2_dr', 'spher', 'aplan', 'n_b_inZH', 'n_q_inZH', 'n_b_outZH', 'n_q_outZH', 'ZH_bbvLscore'], flatten=True, store_size=True, fill_none=True, fill_value=-999.0, pos_start=None, pos_end=None)],
                    'btag_mask': [ColOut(collection='events', columns=['matchedGen_ZHbb_bb', 'outZH_b1_pt', 'outZH_b2_pt', 'outZH_b1_score', 'outZH_b2_score', 'outZH_q1_pt', 'outZH_q2_pt', 'outZH_q1_score', 'outZH_q2_score', 'outZH_b1_q_mindr', 'outZH_b2_q_mindr', 'outZH_q_q_dr_nearb1', 'outZH_q_q_dr_nearb2', 'outZH_qq_M_nearb1', 'outZH_qq_M_nearb2', 'outZH_b1_qq_dr', 'outZH_b2_qq_dr', 'outZH_b1qq_M', 'outZH_b2qq_M', 'ZH_b1qq_dr', 'ZH_b2qq_dr', 'ZH_lbb1qq_dr', 'ZH_lbb2qq_dr', 'l_b2_mtb', 'ZH_closeb_invM', 'n_ak8jets', 'n_ak4jets', 'n_ak8_ZHbb', 'outZH_max_ak8pnetMass', 'outZH_b12_m', 'outZH_b12_dr', 'ht_b', 'ht_outZH', 'ak4_bestb_inZH', 'ak4_worstb_inZH', 'nonZHbb_q1_dr', 'nonZHbb_b1_dr', 'inZHb_outZHb_dr', 'ZH_l_dr', 'ZH_l_invM', 'l_b1_invM', 'l_b2_invM', 'l_b1_dr', 'l_b2_dr', 'spher', 'aplan', 'n_b_inZH', 'n_q_inZH', 'n_b_outZH', 'n_q_outZH', 'ZH_bbvLscore'], flatten=True, store_size=True, fill_none=True, fill_value=-999.0, pos_start=None, pos_end=None)]},
'TTZToBB': {'baseline': [ColOut(collection='events', columns=['matchedGen_ZHbb_bb', 'outZH_b1_pt', 'outZH_b2_pt', 'outZH_b1_score', 'outZH_b2_score', 'outZH_q1_pt', 'outZH_q2_pt', 'outZH_q1_score', 'outZH_q2_score', 'outZH_b1_q_mindr', 'outZH_b2_q_mindr', 'outZH_q_q_dr_nearb1', 'outZH_q_q_dr_nearb2', 'outZH_qq_M_nearb1', 'outZH_qq_M_nearb2', 'outZH_b1_qq_dr', 'outZH_b2_qq_dr', 'outZH_b1qq_M', 'outZH_b2qq_M', 'ZH_b1qq_dr', 'ZH_b2qq_dr', 'ZH_lbb1qq_dr', 'ZH_lbb2qq_dr', 'l_b2_mtb', 'ZH_closeb_invM', 'n_ak8jets', 'n_ak4jets', 'n_ak8_ZHbb', 'outZH_max_ak8pnetMass', 'outZH_b12_m', 'outZH_b12_dr', 'ht_b', 'ht_outZH', 'ak4_bestb_inZH', 'ak4_worstb_inZH', 'nonZHbb_q1_dr', 'nonZHbb_b1_dr', 'inZHb_outZHb_dr', 'ZH_l_dr', 'ZH_l_invM', 'l_b1_invM', 'l_b2_invM', 'l_b1_dr', 'l_b2_dr', 'spher', 'aplan', 'n_b_inZH', 'n_q_inZH', 'n_b_outZH', 'n_q_outZH', 'ZH_bbvLscore'], flatten=True, store_size=True, fill_none=True, fill_value=-999.0, pos_start=None, pos_end=None)],
           'btag_mask': [ColOut(collection='events', columns=['matchedGen_ZHbb_bb', 'outZH_b1_pt', 'outZH_b2_pt', 'outZH_b1_score', 'outZH_b2_score', 'outZH_q1_pt', 'outZH_q2_pt', 'outZH_q1_score', 'outZH_q2_score', 'outZH_b1_q_mindr', 'outZH_b2_q_mindr', 'outZH_q_q_dr_nearb1', 'outZH_q_q_dr_nearb2', 'outZH_qq_M_nearb1', 'outZH_qq_M_nearb2', 'outZH_b1_qq_dr', 'outZH_b2_qq_dr', 'outZH_b1qq_M', 'outZH_b2qq_M', 'ZH_b1qq_dr', 'ZH_b2qq_dr', 'ZH_lbb1qq_dr', 'ZH_lbb2qq_dr', 'l_b2_mtb', 'ZH_closeb_invM', 'n_ak8jets', 'n_ak4jets', 'n_ak8_ZHbb', 'outZH_max_ak8pnetMass', 'outZH_b12_m', 'outZH_b12_dr', 'ht_b', 'ht_outZH', 'ak4_bestb_inZH', 'ak4_worstb_inZH', 'nonZHbb_q1_dr', 'nonZHbb_b1_dr', 'inZHb_outZHb_dr', 'ZH_l_dr', 'ZH_l_invM', 'l_b1_invM', 'l_b2_invM', 'l_b1_dr', 'l_b2_dr', 'spher', 'aplan', 'n_b_inZH', 'n_q_inZH', 'n_b_outZH', 'n_q_outZH', 'ZH_bbvLscore'], flatten=True, store_size=True, fill_none=True, fill_value=-999.0, pos_start=None, pos_end=None)]},
'TTZToLLNuNu': {'baseline': [ColOut(collection='events', columns=['matchedGen_ZHbb_bb', 'outZH_b1_pt', 'outZH_b2_pt', 'outZH_b1_score', 'outZH_b2_score', 'outZH_q1_pt', 'outZH_q2_pt', 'outZH_q1_score', 'outZH_q2_score', 'outZH_b1_q_mindr', 'outZH_b2_q_mindr', 'outZH_q_q_dr_nearb1', 'outZH_q_q_dr_nearb2', 'outZH_qq_M_nearb1', 'outZH_qq_M_nearb2', 'outZH_b1_qq_dr', 'outZH_b2_qq_dr', 'outZH_b1qq_M', 'outZH_b2qq_M', 'ZH_b1qq_dr', 'ZH_b2qq_dr', 'ZH_lbb1qq_dr', 'ZH_lbb2qq_dr', 'l_b2_mtb', 'ZH_closeb_invM', 'n_ak8jets', 'n_ak4jets', 'n_ak8_ZHbb', 'outZH_max_ak8pnetMass', 'outZH_b12_m', 'outZH_b12_dr', 'ht_b', 'ht_outZH', 'ak4_bestb_inZH', 'ak4_worstb_inZH', 'nonZHbb_q1_dr', 'nonZHbb_b1_dr', 'inZHb_outZHb_dr', 'ZH_l_dr', 'ZH_l_invM', 'l_b1_invM', 'l_b2_invM', 'l_b1_dr', 'l_b2_dr', 'spher', 'aplan', 'n_b_inZH', 'n_q_inZH', 'n_b_outZH', 'n_q_outZH', 'ZH_bbvLscore'], flatten=True, store_size=True, fill_none=True, fill_value=-999.0, pos_start=None, pos_end=None)],
               'btag_mask': [ColOut(collection='events', columns=['matchedGen_ZHbb_bb', 'outZH_b1_pt', 'outZH_b2_pt', 'outZH_b1_score', 'outZH_b2_score', 'outZH_q1_pt', 'outZH_q2_pt', 'outZH_q1_score', 'outZH_q2_score', 'outZH_b1_q_mindr', 'outZH_b2_q_mindr', 'outZH_q_q_dr_nearb1', 'outZH_q_q_dr_nearb2', 'outZH_qq_M_nearb1', 'outZH_qq_M_nearb2', 'outZH_b1_qq_dr', 'outZH_b2_qq_dr', 'outZH_b1qq_M', 'outZH_b2qq_M', 'ZH_b1qq_dr', 'ZH_b2qq_dr', 'ZH_lbb1qq_dr', 'ZH_lbb2qq_dr', 'l_b2_mtb', 'ZH_closeb_invM', 'n_ak8jets', 'n_ak4jets', 'n_ak8_ZHbb', 'outZH_max_ak8pnetMass', 'outZH_b12_m', 'outZH_b12_dr', 'ht_b', 'ht_outZH', 'ak4_bestb_inZH', 'ak4_worstb_inZH', 'nonZHbb_q1_dr', 'nonZHbb_b1_dr', 'inZHb_outZHb_dr', 'ZH_l_dr', 'ZH_l_invM', 'l_b1_invM', 'l_b2_invM', 'l_b1_dr', 'l_b2_dr', 'spher', 'aplan', 'n_b_inZH', 'n_q_inZH', 'n_b_outZH', 'n_q_outZH', 'ZH_bbvLscore'], flatten=True, store_size=True, fill_none=True, fill_value=-999.0, pos_start=None, pos_end=None)]},
'TTZToQQ': {'baseline': [ColOut(collection='events', columns=['matchedGen_ZHbb_bb', 'outZH_b1_pt', 'outZH_b2_pt', 'outZH_b1_score', 'outZH_b2_score', 'outZH_q1_pt', 'outZH_q2_pt', 'outZH_q1_score', 'outZH_q2_score', 'outZH_b1_q_mindr', 'outZH_b2_q_mindr', 'outZH_q_q_dr_nearb1', 'outZH_q_q_dr_nearb2', 'outZH_qq_M_nearb1', 'outZH_qq_M_nearb2', 'outZH_b1_qq_dr', 'outZH_b2_qq_dr', 'outZH_b1qq_M', 'outZH_b2qq_M', 'ZH_b1qq_dr', 'ZH_b2qq_dr', 'ZH_lbb1qq_dr', 'ZH_lbb2qq_dr', 'l_b2_mtb', 'ZH_closeb_invM', 'n_ak8jets', 'n_ak4jets', 'n_ak8_ZHbb', 'outZH_max_ak8pnetMass', 'outZH_b12_m', 'outZH_b12_dr', 'ht_b', 'ht_outZH', 'ak4_bestb_inZH', 'ak4_worstb_inZH', 'nonZHbb_q1_dr', 'nonZHbb_b1_dr', 'inZHb_outZHb_dr', 'ZH_l_dr', 'ZH_l_invM', 'l_b1_invM', 'l_b2_invM', 'l_b1_dr', 'l_b2_dr', 'spher', 'aplan', 'n_b_inZH', 'n_q_inZH', 'n_b_outZH', 'n_q_outZH', 'ZH_bbvLscore'], flatten=True, store_size=True, fill_none=True, fill_value=-999.0, pos_start=None, pos_end=None)],
           'btag_mask': [ColOut(collection='events', columns=['matchedGen_ZHbb_bb', 'outZH_b1_pt', 'outZH_b2_pt', 'outZH_b1_score', 'outZH_b2_score', 'outZH_q1_pt', 'outZH_q2_pt', 'outZH_q1_score', 'outZH_q2_score', 'outZH_b1_q_mindr', 'outZH_b2_q_mindr', 'outZH_q_q_dr_nearb1', 'outZH_q_q_dr_nearb2', 'outZH_qq_M_nearb1', 'outZH_qq_M_nearb2', 'outZH_b1_qq_dr', 'outZH_b2_qq_dr', 'outZH_b1qq_M', 'outZH_b2qq_M', 'ZH_b1qq_dr', 'ZH_b2qq_dr', 'ZH_lbb1qq_dr', 'ZH_lbb2qq_dr', 'l_b2_mtb', 'ZH_closeb_invM', 'n_ak8jets', 'n_ak4jets', 'n_ak8_ZHbb', 'outZH_max_ak8pnetMass', 'outZH_b12_m', 'outZH_b12_dr', 'ht_b', 'ht_outZH', 'ak4_bestb_inZH', 'ak4_worstb_inZH', 'nonZHbb_q1_dr', 'nonZHbb_b1_dr', 'inZHb_outZHb_dr', 'ZH_l_dr', 'ZH_l_invM', 'l_b1_invM', 'l_b2_invM', 'l_b1_dr', 'l_b2_dr', 'spher', 'aplan', 'n_b_inZH', 'n_q_inZH', 'n_b_outZH', 'n_q_outZH', 'ZH_bbvLscore'], flatten=True, store_size=True, fill_none=True, fill_value=-999.0, pos_start=None, pos_end=None)]},
'TTbb_2L2Nu': {'baseline': [ColOut(collection='events', columns=['matchedGen_ZHbb_bb', 'outZH_b1_pt', 'outZH_b2_pt', 'outZH_b1_score', 'outZH_b2_score', 'outZH_q1_pt', 'outZH_q2_pt', 'outZH_q1_score', 'outZH_q2_score', 'outZH_b1_q_mindr', 'outZH_b2_q_mindr', 'outZH_q_q_dr_nearb1', 'outZH_q_q_dr_nearb2', 'outZH_qq_M_nearb1', 'outZH_qq_M_nearb2', 'outZH_b1_qq_dr', 'outZH_b2_qq_dr', 'outZH_b1qq_M', 'outZH_b2qq_M', 'ZH_b1qq_dr', 'ZH_b2qq_dr', 'ZH_lbb1qq_dr', 'ZH_lbb2qq_dr', 'l_b2_mtb', 'ZH_closeb_invM', 'n_ak8jets', 'n_ak4jets', 'n_ak8_ZHbb', 'outZH_max_ak8pnetMass', 'outZH_b12_m', 'outZH_b12_dr', 'ht_b', 'ht_outZH', 'ak4_bestb_inZH', 'ak4_worstb_inZH', 'nonZHbb_q1_dr', 'nonZHbb_b1_dr', 'inZHb_outZHb_dr', 'ZH_l_dr', 'ZH_l_invM', 'l_b1_invM', 'l_b2_invM', 'l_b1_dr', 'l_b2_dr', 'spher', 'aplan', 'n_b_inZH', 'n_q_inZH', 'n_b_outZH', 'n_q_outZH', 'ZH_bbvLscore'], flatten=True, store_size=True, fill_none=True, fill_value=-999.0, pos_start=None, pos_end=None)],
              'btag_mask': [ColOut(collection='events', columns=['matchedGen_ZHbb_bb', 'outZH_b1_pt', 'outZH_b2_pt', 'outZH_b1_score', 'outZH_b2_score', 'outZH_q1_pt', 'outZH_q2_pt', 'outZH_q1_score', 'outZH_q2_score', 'outZH_b1_q_mindr', 'outZH_b2_q_mindr', 'outZH_q_q_dr_nearb1', 'outZH_q_q_dr_nearb2', 'outZH_qq_M_nearb1', 'outZH_qq_M_nearb2', 'outZH_b1_qq_dr', 'outZH_b2_qq_dr', 'outZH_b1qq_M', 'outZH_b2qq_M', 'ZH_b1qq_dr', 'ZH_b2qq_dr', 'ZH_lbb1qq_dr', 'ZH_lbb2qq_dr', 'l_b2_mtb', 'ZH_closeb_invM', 'n_ak8jets', 'n_ak4jets', 'n_ak8_ZHbb', 'outZH_max_ak8pnetMass', 'outZH_b12_m', 'outZH_b12_dr', 'ht_b', 'ht_outZH', 'ak4_bestb_inZH', 'ak4_worstb_inZH', 'nonZHbb_q1_dr', 'nonZHbb_b1_dr', 'inZHb_outZHb_dr', 'ZH_l_dr', 'ZH_l_invM', 'l_b1_invM', 'l_b2_invM', 'l_b1_dr', 'l_b2_dr', 'spher', 'aplan', 'n_b_inZH', 'n_q_inZH', 'n_b_outZH', 'n_q_outZH', 'ZH_bbvLscore'], flatten=True, store_size=True, fill_none=True, fill_value=-999.0, pos_start=None, pos_end=None)]},
'TTbb_Hadronic': {'baseline': [ColOut(collection='events', columns=['matchedGen_ZHbb_bb', 'outZH_b1_pt', 'outZH_b2_pt', 'outZH_b1_score', 'outZH_b2_score', 'outZH_q1_pt', 'outZH_q2_pt', 'outZH_q1_score', 'outZH_q2_score', 'outZH_b1_q_mindr', 'outZH_b2_q_mindr', 'outZH_q_q_dr_nearb1', 'outZH_q_q_dr_nearb2', 'outZH_qq_M_nearb1', 'outZH_qq_M_nearb2', 'outZH_b1_qq_dr', 'outZH_b2_qq_dr', 'outZH_b1qq_M', 'outZH_b2qq_M', 'ZH_b1qq_dr', 'ZH_b2qq_dr', 'ZH_lbb1qq_dr', 'ZH_lbb2qq_dr', 'l_b2_mtb', 'ZH_closeb_invM', 'n_ak8jets', 'n_ak4jets', 'n_ak8_ZHbb', 'outZH_max_ak8pnetMass', 'outZH_b12_m', 'outZH_b12_dr', 'ht_b', 'ht_outZH', 'ak4_bestb_inZH', 'ak4_worstb_inZH', 'nonZHbb_q1_dr', 'nonZHbb_b1_dr', 'inZHb_outZHb_dr', 'ZH_l_dr', 'ZH_l_invM', 'l_b1_invM', 'l_b2_invM', 'l_b1_dr', 'l_b2_dr', 'spher', 'aplan', 'n_b_inZH', 'n_q_inZH', 'n_b_outZH', 'n_q_outZH', 'ZH_bbvLscore'], flatten=True, store_size=True, fill_none=True, fill_value=-999.0, pos_start=None, pos_end=None)],
                 'btag_mask': [ColOut(collection='events', columns=['matchedGen_ZHbb_bb', 'outZH_b1_pt', 'outZH_b2_pt', 'outZH_b1_score', 'outZH_b2_score', 'outZH_q1_pt', 'outZH_q2_pt', 'outZH_q1_score', 'outZH_q2_score', 'outZH_b1_q_mindr', 'outZH_b2_q_mindr', 'outZH_q_q_dr_nearb1', 'outZH_q_q_dr_nearb2', 'outZH_qq_M_nearb1', 'outZH_qq_M_nearb2', 'outZH_b1_qq_dr', 'outZH_b2_qq_dr', 'outZH_b1qq_M', 'outZH_b2qq_M', 'ZH_b1qq_dr', 'ZH_b2qq_dr', 'ZH_lbb1qq_dr', 'ZH_lbb2qq_dr', 'l_b2_mtb', 'ZH_closeb_invM', 'n_ak8jets', 'n_ak4jets', 'n_ak8_ZHbb', 'outZH_max_ak8pnetMass', 'outZH_b12_m', 'outZH_b12_dr', 'ht_b', 'ht_outZH', 'ak4_bestb_inZH', 'ak4_worstb_inZH', 'nonZHbb_q1_dr', 'nonZHbb_b1_dr', 'inZHb_outZHb_dr', 'ZH_l_dr', 'ZH_l_invM', 'l_b1_invM', 'l_b2_invM', 'l_b1_dr', 'l_b2_dr', 'spher', 'aplan', 'n_b_inZH', 'n_q_inZH', 'n_b_outZH', 'n_q_outZH', 'ZH_bbvLscore'], flatten=True, store_size=True, fill_none=True, fill_value=-999.0, pos_start=None, pos_end=None)]},
'TTbb_SemiLeptonic': {'baseline': [ColOut(collection='events', columns=['matchedGen_ZHbb_bb', 'outZH_b1_pt', 'outZH_b2_pt', 'outZH_b1_score', 'outZH_b2_score', 'outZH_q1_pt', 'outZH_q2_pt', 'outZH_q1_score', 'outZH_q2_score', 'outZH_b1_q_mindr', 'outZH_b2_q_mindr', 'outZH_q_q_dr_nearb1', 'outZH_q_q_dr_nearb2', 'outZH_qq_M_nearb1', 'outZH_qq_M_nearb2', 'outZH_b1_qq_dr', 'outZH_b2_qq_dr', 'outZH_b1qq_M', 'outZH_b2qq_M', 'ZH_b1qq_dr', 'ZH_b2qq_dr', 'ZH_lbb1qq_dr', 'ZH_lbb2qq_dr', 'l_b2_mtb', 'ZH_closeb_invM', 'n_ak8jets', 'n_ak4jets', 'n_ak8_ZHbb', 'outZH_max_ak8pnetMass', 'outZH_b12_m', 'outZH_b12_dr', 'ht_b', 'ht_outZH', 'ak4_bestb_inZH', 'ak4_worstb_inZH', 'nonZHbb_q1_dr', 'nonZHbb_b1_dr', 'inZHb_outZHb_dr', 'ZH_l_dr', 'ZH_l_invM', 'l_b1_invM', 'l_b2_invM', 'l_b1_dr', 'l_b2_dr', 'spher', 'aplan', 'n_b_inZH', 'n_q_inZH', 'n_b_outZH', 'n_q_outZH', 'ZH_bbvLscore'], flatten=True, store_size=True, fill_none=True, fill_value=-999.0, pos_start=None, pos_end=None)],
                     'btag_mask': [ColOut(collection='events', columns=['matchedGen_ZHbb_bb', 'outZH_b1_pt', 'outZH_b2_pt', 'outZH_b1_score', 'outZH_b2_score', 'outZH_q1_pt', 'outZH_q2_pt', 'outZH_q1_score', 'outZH_q2_score', 'outZH_b1_q_mindr', 'outZH_b2_q_mindr', 'outZH_q_q_dr_nearb1', 'outZH_q_q_dr_nearb2', 'outZH_qq_M_nearb1', 'outZH_qq_M_nearb2', 'outZH_b1_qq_dr', 'outZH_b2_qq_dr', 'outZH_b1qq_M', 'outZH_b2qq_M', 'ZH_b1qq_dr', 'ZH_b2qq_dr', 'ZH_lbb1qq_dr', 'ZH_lbb2qq_dr', 'l_b2_mtb', 'ZH_closeb_invM', 'n_ak8jets', 'n_ak4jets', 'n_ak8_ZHbb', 'outZH_max_ak8pnetMass', 'outZH_b12_m', 'outZH_b12_dr', 'ht_b', 'ht_outZH', 'ak4_bestb_inZH', 'ak4_worstb_inZH', 'nonZHbb_q1_dr', 'nonZHbb_b1_dr', 'inZHb_outZHb_dr', 'ZH_l_dr', 'ZH_l_invM', 'l_b1_invM', 'l_b2_invM', 'l_b1_dr', 'l_b2_dr', 'spher', 'aplan', 'n_b_inZH', 'n_q_inZH', 'n_b_outZH', 'n_q_outZH', 'ZH_bbvLscore'], flatten=True, store_size=True, fill_none=True, fill_value=-999.0, pos_start=None, pos_end=None)]},
'ttHToNonbb': {'baseline': [ColOut(collection='events', columns=['matchedGen_ZHbb_bb', 'outZH_b1_pt', 'outZH_b2_pt', 'outZH_b1_score', 'outZH_b2_score', 'outZH_q1_pt', 'outZH_q2_pt', 'outZH_q1_score', 'outZH_q2_score', 'outZH_b1_q_mindr', 'outZH_b2_q_mindr', 'outZH_q_q_dr_nearb1', 'outZH_q_q_dr_nearb2', 'outZH_qq_M_nearb1', 'outZH_qq_M_nearb2', 'outZH_b1_qq_dr', 'outZH_b2_qq_dr', 'outZH_b1qq_M', 'outZH_b2qq_M', 'ZH_b1qq_dr', 'ZH_b2qq_dr', 'ZH_lbb1qq_dr', 'ZH_lbb2qq_dr', 'l_b2_mtb', 'ZH_closeb_invM', 'n_ak8jets', 'n_ak4jets', 'n_ak8_ZHbb', 'outZH_max_ak8pnetMass', 'outZH_b12_m', 'outZH_b12_dr', 'ht_b', 'ht_outZH', 'ak4_bestb_inZH', 'ak4_worstb_inZH', 'nonZHbb_q1_dr', 'nonZHbb_b1_dr', 'inZHb_outZHb_dr', 'ZH_l_dr', 'ZH_l_invM', 'l_b1_invM', 'l_b2_invM', 'l_b1_dr', 'l_b2_dr', 'spher', 'aplan', 'n_b_inZH', 'n_q_inZH', 'n_b_outZH', 'n_q_outZH', 'ZH_bbvLscore'], flatten=True, store_size=True, fill_none=True, fill_value=-999.0, pos_start=None, pos_end=None)],
              'btag_mask': [ColOut(collection='events', columns=['matchedGen_ZHbb_bb', 'outZH_b1_pt', 'outZH_b2_pt', 'outZH_b1_score', 'outZH_b2_score', 'outZH_q1_pt', 'outZH_q2_pt', 'outZH_q1_score', 'outZH_q2_score', 'outZH_b1_q_mindr', 'outZH_b2_q_mindr', 'outZH_q_q_dr_nearb1', 'outZH_q_q_dr_nearb2', 'outZH_qq_M_nearb1', 'outZH_qq_M_nearb2', 'outZH_b1_qq_dr', 'outZH_b2_qq_dr', 'outZH_b1qq_M', 'outZH_b2qq_M', 'ZH_b1qq_dr', 'ZH_b2qq_dr', 'ZH_lbb1qq_dr', 'ZH_lbb2qq_dr', 'l_b2_mtb', 'ZH_closeb_invM', 'n_ak8jets', 'n_ak4jets', 'n_ak8_ZHbb', 'outZH_max_ak8pnetMass', 'outZH_b12_m', 'outZH_b12_dr', 'ht_b', 'ht_outZH', 'ak4_bestb_inZH', 'ak4_worstb_inZH', 'nonZHbb_q1_dr', 'nonZHbb_b1_dr', 'inZHb_outZHb_dr', 'ZH_l_dr', 'ZH_l_invM', 'l_b1_invM', 'l_b2_invM', 'l_b1_dr', 'l_b2_dr', 'spher', 'aplan', 'n_b_inZH', 'n_q_inZH', 'n_b_outZH', 'n_q_outZH', 'ZH_bbvLscore'], flatten=True, store_size=True, fill_none=True, fill_value=-999.0, pos_start=None, pos_end=None)]},
'ttHTobb': {'baseline': [ColOut(collection='events', columns=['matchedGen_ZHbb_bb', 'outZH_b1_pt', 'outZH_b2_pt', 'outZH_b1_score', 'outZH_b2_score', 'outZH_q1_pt', 'outZH_q2_pt', 'outZH_q1_score', 'outZH_q2_score', 'outZH_b1_q_mindr', 'outZH_b2_q_mindr', 'outZH_q_q_dr_nearb1', 'outZH_q_q_dr_nearb2', 'outZH_qq_M_nearb1', 'outZH_qq_M_nearb2', 'outZH_b1_qq_dr', 'outZH_b2_qq_dr', 'outZH_b1qq_M', 'outZH_b2qq_M', 'ZH_b1qq_dr', 'ZH_b2qq_dr', 'ZH_lbb1qq_dr', 'ZH_lbb2qq_dr', 'l_b2_mtb', 'ZH_closeb_invM', 'n_ak8jets', 'n_ak4jets', 'n_ak8_ZHbb', 'outZH_max_ak8pnetMass', 'outZH_b12_m', 'outZH_b12_dr', 'ht_b', 'ht_outZH', 'ak4_bestb_inZH', 'ak4_worstb_inZH', 'nonZHbb_q1_dr', 'nonZHbb_b1_dr', 'inZHb_outZHb_dr', 'ZH_l_dr', 'ZH_l_invM', 'l_b1_invM', 'l_b2_invM', 'l_b1_dr', 'l_b2_dr', 'spher', 'aplan', 'n_b_inZH', 'n_q_inZH', 'n_b_outZH', 'n_q_outZH', 'ZH_bbvLscore'], flatten=True, store_size=True, fill_none=True, fill_value=-999.0, pos_start=None, pos_end=None)],
           'btag_mask': [ColOut(collection='events', columns=['matchedGen_ZHbb_bb', 'outZH_b1_pt', 'outZH_b2_pt', 'outZH_b1_score', 'outZH_b2_score', 'outZH_q1_pt', 'outZH_q2_pt', 'outZH_q1_score', 'outZH_q2_score', 'outZH_b1_q_mindr', 'outZH_b2_q_mindr', 'outZH_q_q_dr_nearb1', 'outZH_q_q_dr_nearb2', 'outZH_qq_M_nearb1', 'outZH_qq_M_nearb2', 'outZH_b1_qq_dr', 'outZH_b2_qq_dr', 'outZH_b1qq_M', 'outZH_b2qq_M', 'ZH_b1qq_dr', 'ZH_b2qq_dr', 'ZH_lbb1qq_dr', 'ZH_lbb2qq_dr', 'l_b2_mtb', 'ZH_closeb_invM', 'n_ak8jets', 'n_ak4jets', 'n_ak8_ZHbb', 'outZH_max_ak8pnetMass', 'outZH_b12_m', 'outZH_b12_dr', 'ht_b', 'ht_outZH', 'ak4_bestb_inZH', 'ak4_worstb_inZH', 'nonZHbb_q1_dr', 'nonZHbb_b1_dr', 'inZHb_outZHb_dr', 'ZH_l_dr', 'ZH_l_invM', 'l_b1_invM', 'l_b2_invM', 'l_b1_dr', 'l_b2_dr', 'spher', 'aplan', 'n_b_inZH', 'n_q_inZH', 'n_b_outZH', 'n_q_outZH', 'ZH_bbvLscore'], flatten=True, store_size=True, fill_none=True, fill_value=-999.0, pos_start=None, pos_end=None)]}}
  - available weights variations: {'TTTo2L2Nu': ['nominal', 'pileup'],
'TTToHadronic': ['nominal', 'pileup'],
'TTToSemiLeptonic': ['nominal', 'pileup'],
'TTZToBB': ['nominal', 'pileup'],
'TTZToLLNuNu': ['nominal', 'pileup'],
'TTZToQQ': ['nominal', 'pileup'],
'TTbb_2L2Nu': ['nominal', 'pileup'],
'TTbb_Hadronic': ['nominal', 'pileup'],
'TTbb_SemiLeptonic': ['nominal', 'pileup'],
'ttHToNonbb': ['nominal', 'pileup'],
'ttHTobb': ['nominal', 'pileup']} 
  - available shape variations: {'TTTo2L2Nu': [],
'TTToHadronic': [],
'TTToSemiLeptonic': [],
'TTZToBB': [],
'TTZToLLNuNu': [],
'TTZToQQ': [],
'TTbb_2L2Nu': [],
'TTbb_Hadronic': [],
'TTbb_SemiLeptonic': [],
'ttHToNonbb': [],
'ttHTobb': []}
[INFO    ] Configurator instance:
  - Workflow: <class 'zhbbworkflow.ZHbbBaseProcessor'>
  - Workflow options: {}
  - N. datasets: 11 
   -- Dataset: ttHTobb_M125_M125_2017,  Sample: ttHTobb, N. files: 46, N. events: 7825000
   -- Dataset: ttHToNonbb_M125_M125_2017,  Sample: ttHToNonbb, N. files: 35, N. events: 5070989
   -- Dataset: TTZToBB__2017,  Sample: TTZToBB, N. files: 26, N. events: 7074000
   -- Dataset: TTZToQQ__2017,  Sample: TTZToQQ, N. files: 35, N. events: 13822000
   -- Dataset: TTZToLLNuNu__2017,  Sample: TTZToLLNuNu, N. files: 19, N. events: 14036000
   -- Dataset: TTbb_Hadronic__2017,  Sample: TTbb_Hadronic, N. files: 9, N. events: 5694656
   -- Dataset: TTbb_2L2Nu__2017,  Sample: TTbb_2L2Nu, N. files: 7, N. events: 3472503
   -- Dataset: TTbb_SemiLeptonic__2017,  Sample: TTbb_SemiLeptonic, N. files: 12, N. events: 7318891
   -- Dataset: TTToHadronic__2017,  Sample: TTToHadronic, N. files: 199, N. events: 232999999
   -- Dataset: TTTo2L2Nu__2017,  Sample: TTTo2L2Nu, N. files: 99, N. events: 106724000
   -- Dataset: TTToSemiLeptonic__2017,  Sample: TTToSemiLeptonic, N. files: 297, N. events: 346052000
  - Subsamples:
   -- Sample ttHTobb: StandardSelection ['ttHTobb'], (1 categories)
   -- Sample ttHToNonbb: StandardSelection ['ttHToNonbb'], (1 categories)
   -- Sample TTZToBB: StandardSelection ['TTZToBB'], (1 categories)
   -- Sample TTZToQQ: StandardSelection ['TTZToQQ'], (1 categories)
   -- Sample TTZToLLNuNu: StandardSelection ['TTZToLLNuNu'], (1 categories)
   -- Sample TTbb_Hadronic: StandardSelection ['TTbb_Hadronic'], (1 categories)
   -- Sample TTbb_2L2Nu: StandardSelection ['TTbb_2L2Nu'], (1 categories)
   -- Sample TTbb_SemiLeptonic: StandardSelection ['TTbb_SemiLeptonic'], (1 categories)
   -- Sample TTToHadronic: StandardSelection ['TTToHadronic'], (1 categories)
   -- Sample TTTo2L2Nu: StandardSelection ['TTTo2L2Nu'], (1 categories)
   -- Sample TTToSemiLeptonic: StandardSelection ['TTToSemiLeptonic'], (1 categories)
  - Skim: ['preSkimCut']
  - Preselection: ['eventSelection']
  - Categories: StandardSelection ['baseline', 'btag_mask'], (2 categories)
  - Variables:  ['mAK8', 'zhbbtag', 'zhbbtag_sorted', 'outZH_b1_pt']
  - Columns: {'TTTo2L2Nu': {'baseline': [ColOut(collection='events', columns=['matchedGen_ZHbb_bb', 'outZH_b1_pt', 'outZH_b2_pt', 'outZH_b1_score', 'outZH_b2_score', 'outZH_q1_pt', 'outZH_q2_pt', 'outZH_q1_score', 'outZH_q2_score', 'outZH_b1_q_mindr', 'outZH_b2_q_mindr', 'outZH_q_q_dr_nearb1', 'outZH_q_q_dr_nearb2', 'outZH_qq_M_nearb1', 'outZH_qq_M_nearb2', 'outZH_b1_qq_dr', 'outZH_b2_qq_dr', 'outZH_b1qq_M', 'outZH_b2qq_M', 'ZH_b1qq_dr', 'ZH_b2qq_dr', 'ZH_lbb1qq_dr', 'ZH_lbb2qq_dr', 'l_b2_mtb', 'ZH_closeb_invM', 'n_ak8jets', 'n_ak4jets', 'n_ak8_ZHbb', 'outZH_max_ak8pnetMass', 'outZH_b12_m', 'outZH_b12_dr', 'ht_b', 'ht_outZH', 'ak4_bestb_inZH', 'ak4_worstb_inZH', 'nonZHbb_q1_dr', 'nonZHbb_b1_dr', 'inZHb_outZHb_dr', 'ZH_l_dr', 'ZH_l_invM', 'l_b1_invM', 'l_b2_invM', 'l_b1_dr', 'l_b2_dr', 'spher', 'aplan', 'n_b_inZH', 'n_q_inZH', 'n_b_outZH', 'n_q_outZH', 'ZH_bbvLscore'], flatten=True, store_size=True, fill_none=True, fill_value=-999.0, pos_start=None, pos_end=None)],
             'btag_mask': [ColOut(collection='events', columns=['matchedGen_ZHbb_bb', 'outZH_b1_pt', 'outZH_b2_pt', 'outZH_b1_score', 'outZH_b2_score', 'outZH_q1_pt', 'outZH_q2_pt', 'outZH_q1_score', 'outZH_q2_score', 'outZH_b1_q_mindr', 'outZH_b2_q_mindr', 'outZH_q_q_dr_nearb1', 'outZH_q_q_dr_nearb2', 'outZH_qq_M_nearb1', 'outZH_qq_M_nearb2', 'outZH_b1_qq_dr', 'outZH_b2_qq_dr', 'outZH_b1qq_M', 'outZH_b2qq_M', 'ZH_b1qq_dr', 'ZH_b2qq_dr', 'ZH_lbb1qq_dr', 'ZH_lbb2qq_dr', 'l_b2_mtb', 'ZH_closeb_invM', 'n_ak8jets', 'n_ak4jets', 'n_ak8_ZHbb', 'outZH_max_ak8pnetMass', 'outZH_b12_m', 'outZH_b12_dr', 'ht_b', 'ht_outZH', 'ak4_bestb_inZH', 'ak4_worstb_inZH', 'nonZHbb_q1_dr', 'nonZHbb_b1_dr', 'inZHb_outZHb_dr', 'ZH_l_dr', 'ZH_l_invM', 'l_b1_invM', 'l_b2_invM', 'l_b1_dr', 'l_b2_dr', 'spher', 'aplan', 'n_b_inZH', 'n_q_inZH', 'n_b_outZH', 'n_q_outZH', 'ZH_bbvLscore'], flatten=True, store_size=True, fill_none=True, fill_value=-999.0, pos_start=None, pos_end=None)]},
'TTToHadronic': {'baseline': [ColOut(collection='events', columns=['matchedGen_ZHbb_bb', 'outZH_b1_pt', 'outZH_b2_pt', 'outZH_b1_score', 'outZH_b2_score', 'outZH_q1_pt', 'outZH_q2_pt', 'outZH_q1_score', 'outZH_q2_score', 'outZH_b1_q_mindr', 'outZH_b2_q_mindr', 'outZH_q_q_dr_nearb1', 'outZH_q_q_dr_nearb2', 'outZH_qq_M_nearb1', 'outZH_qq_M_nearb2', 'outZH_b1_qq_dr', 'outZH_b2_qq_dr', 'outZH_b1qq_M', 'outZH_b2qq_M', 'ZH_b1qq_dr', 'ZH_b2qq_dr', 'ZH_lbb1qq_dr', 'ZH_lbb2qq_dr', 'l_b2_mtb', 'ZH_closeb_invM', 'n_ak8jets', 'n_ak4jets', 'n_ak8_ZHbb', 'outZH_max_ak8pnetMass', 'outZH_b12_m', 'outZH_b12_dr', 'ht_b', 'ht_outZH', 'ak4_bestb_inZH', 'ak4_worstb_inZH', 'nonZHbb_q1_dr', 'nonZHbb_b1_dr', 'inZHb_outZHb_dr', 'ZH_l_dr', 'ZH_l_invM', 'l_b1_invM', 'l_b2_invM', 'l_b1_dr', 'l_b2_dr', 'spher', 'aplan', 'n_b_inZH', 'n_q_inZH', 'n_b_outZH', 'n_q_outZH', 'ZH_bbvLscore'], flatten=True, store_size=True, fill_none=True, fill_value=-999.0, pos_start=None, pos_end=None)],
                'btag_mask': [ColOut(collection='events', columns=['matchedGen_ZHbb_bb', 'outZH_b1_pt', 'outZH_b2_pt', 'outZH_b1_score', 'outZH_b2_score', 'outZH_q1_pt', 'outZH_q2_pt', 'outZH_q1_score', 'outZH_q2_score', 'outZH_b1_q_mindr', 'outZH_b2_q_mindr', 'outZH_q_q_dr_nearb1', 'outZH_q_q_dr_nearb2', 'outZH_qq_M_nearb1', 'outZH_qq_M_nearb2', 'outZH_b1_qq_dr', 'outZH_b2_qq_dr', 'outZH_b1qq_M', 'outZH_b2qq_M', 'ZH_b1qq_dr', 'ZH_b2qq_dr', 'ZH_lbb1qq_dr', 'ZH_lbb2qq_dr', 'l_b2_mtb', 'ZH_closeb_invM', 'n_ak8jets', 'n_ak4jets', 'n_ak8_ZHbb', 'outZH_max_ak8pnetMass', 'outZH_b12_m', 'outZH_b12_dr', 'ht_b', 'ht_outZH', 'ak4_bestb_inZH', 'ak4_worstb_inZH', 'nonZHbb_q1_dr', 'nonZHbb_b1_dr', 'inZHb_outZHb_dr', 'ZH_l_dr', 'ZH_l_invM', 'l_b1_invM', 'l_b2_invM', 'l_b1_dr', 'l_b2_dr', 'spher', 'aplan', 'n_b_inZH', 'n_q_inZH', 'n_b_outZH', 'n_q_outZH', 'ZH_bbvLscore'], flatten=True, store_size=True, fill_none=True, fill_value=-999.0, pos_start=None, pos_end=None)]},
'TTToSemiLeptonic': {'baseline': [ColOut(collection='events', columns=['matchedGen_ZHbb_bb', 'outZH_b1_pt', 'outZH_b2_pt', 'outZH_b1_score', 'outZH_b2_score', 'outZH_q1_pt', 'outZH_q2_pt', 'outZH_q1_score', 'outZH_q2_score', 'outZH_b1_q_mindr', 'outZH_b2_q_mindr', 'outZH_q_q_dr_nearb1', 'outZH_q_q_dr_nearb2', 'outZH_qq_M_nearb1', 'outZH_qq_M_nearb2', 'outZH_b1_qq_dr', 'outZH_b2_qq_dr', 'outZH_b1qq_M', 'outZH_b2qq_M', 'ZH_b1qq_dr', 'ZH_b2qq_dr', 'ZH_lbb1qq_dr', 'ZH_lbb2qq_dr', 'l_b2_mtb', 'ZH_closeb_invM', 'n_ak8jets', 'n_ak4jets', 'n_ak8_ZHbb', 'outZH_max_ak8pnetMass', 'outZH_b12_m', 'outZH_b12_dr', 'ht_b', 'ht_outZH', 'ak4_bestb_inZH', 'ak4_worstb_inZH', 'nonZHbb_q1_dr', 'nonZHbb_b1_dr', 'inZHb_outZHb_dr', 'ZH_l_dr', 'ZH_l_invM', 'l_b1_invM', 'l_b2_invM', 'l_b1_dr', 'l_b2_dr', 'spher', 'aplan', 'n_b_inZH', 'n_q_inZH', 'n_b_outZH', 'n_q_outZH', 'ZH_bbvLscore'], flatten=True, store_size=True, fill_none=True, fill_value=-999.0, pos_start=None, pos_end=None)],
                    'btag_mask': [ColOut(collection='events', columns=['matchedGen_ZHbb_bb', 'outZH_b1_pt', 'outZH_b2_pt', 'outZH_b1_score', 'outZH_b2_score', 'outZH_q1_pt', 'outZH_q2_pt', 'outZH_q1_score', 'outZH_q2_score', 'outZH_b1_q_mindr', 'outZH_b2_q_mindr', 'outZH_q_q_dr_nearb1', 'outZH_q_q_dr_nearb2', 'outZH_qq_M_nearb1', 'outZH_qq_M_nearb2', 'outZH_b1_qq_dr', 'outZH_b2_qq_dr', 'outZH_b1qq_M', 'outZH_b2qq_M', 'ZH_b1qq_dr', 'ZH_b2qq_dr', 'ZH_lbb1qq_dr', 'ZH_lbb2qq_dr', 'l_b2_mtb', 'ZH_closeb_invM', 'n_ak8jets', 'n_ak4jets', 'n_ak8_ZHbb', 'outZH_max_ak8pnetMass', 'outZH_b12_m', 'outZH_b12_dr', 'ht_b', 'ht_outZH', 'ak4_bestb_inZH', 'ak4_worstb_inZH', 'nonZHbb_q1_dr', 'nonZHbb_b1_dr', 'inZHb_outZHb_dr', 'ZH_l_dr', 'ZH_l_invM', 'l_b1_invM', 'l_b2_invM', 'l_b1_dr', 'l_b2_dr', 'spher', 'aplan', 'n_b_inZH', 'n_q_inZH', 'n_b_outZH', 'n_q_outZH', 'ZH_bbvLscore'], flatten=True, store_size=True, fill_none=True, fill_value=-999.0, pos_start=None, pos_end=None)]},
'TTZToBB': {'baseline': [ColOut(collection='events', columns=['matchedGen_ZHbb_bb', 'outZH_b1_pt', 'outZH_b2_pt', 'outZH_b1_score', 'outZH_b2_score', 'outZH_q1_pt', 'outZH_q2_pt', 'outZH_q1_score', 'outZH_q2_score', 'outZH_b1_q_mindr', 'outZH_b2_q_mindr', 'outZH_q_q_dr_nearb1', 'outZH_q_q_dr_nearb2', 'outZH_qq_M_nearb1', 'outZH_qq_M_nearb2', 'outZH_b1_qq_dr', 'outZH_b2_qq_dr', 'outZH_b1qq_M', 'outZH_b2qq_M', 'ZH_b1qq_dr', 'ZH_b2qq_dr', 'ZH_lbb1qq_dr', 'ZH_lbb2qq_dr', 'l_b2_mtb', 'ZH_closeb_invM', 'n_ak8jets', 'n_ak4jets', 'n_ak8_ZHbb', 'outZH_max_ak8pnetMass', 'outZH_b12_m', 'outZH_b12_dr', 'ht_b', 'ht_outZH', 'ak4_bestb_inZH', 'ak4_worstb_inZH', 'nonZHbb_q1_dr', 'nonZHbb_b1_dr', 'inZHb_outZHb_dr', 'ZH_l_dr', 'ZH_l_invM', 'l_b1_invM', 'l_b2_invM', 'l_b1_dr', 'l_b2_dr', 'spher', 'aplan', 'n_b_inZH', 'n_q_inZH', 'n_b_outZH', 'n_q_outZH', 'ZH_bbvLscore'], flatten=True, store_size=True, fill_none=True, fill_value=-999.0, pos_start=None, pos_end=None)],
           'btag_mask': [ColOut(collection='events', columns=['matchedGen_ZHbb_bb', 'outZH_b1_pt', 'outZH_b2_pt', 'outZH_b1_score', 'outZH_b2_score', 'outZH_q1_pt', 'outZH_q2_pt', 'outZH_q1_score', 'outZH_q2_score', 'outZH_b1_q_mindr', 'outZH_b2_q_mindr', 'outZH_q_q_dr_nearb1', 'outZH_q_q_dr_nearb2', 'outZH_qq_M_nearb1', 'outZH_qq_M_nearb2', 'outZH_b1_qq_dr', 'outZH_b2_qq_dr', 'outZH_b1qq_M', 'outZH_b2qq_M', 'ZH_b1qq_dr', 'ZH_b2qq_dr', 'ZH_lbb1qq_dr', 'ZH_lbb2qq_dr', 'l_b2_mtb', 'ZH_closeb_invM', 'n_ak8jets', 'n_ak4jets', 'n_ak8_ZHbb', 'outZH_max_ak8pnetMass', 'outZH_b12_m', 'outZH_b12_dr', 'ht_b', 'ht_outZH', 'ak4_bestb_inZH', 'ak4_worstb_inZH', 'nonZHbb_q1_dr', 'nonZHbb_b1_dr', 'inZHb_outZHb_dr', 'ZH_l_dr', 'ZH_l_invM', 'l_b1_invM', 'l_b2_invM', 'l_b1_dr', 'l_b2_dr', 'spher', 'aplan', 'n_b_inZH', 'n_q_inZH', 'n_b_outZH', 'n_q_outZH', 'ZH_bbvLscore'], flatten=True, store_size=True, fill_none=True, fill_value=-999.0, pos_start=None, pos_end=None)]},
'TTZToLLNuNu': {'baseline': [ColOut(collection='events', columns=['matchedGen_ZHbb_bb', 'outZH_b1_pt', 'outZH_b2_pt', 'outZH_b1_score', 'outZH_b2_score', 'outZH_q1_pt', 'outZH_q2_pt', 'outZH_q1_score', 'outZH_q2_score', 'outZH_b1_q_mindr', 'outZH_b2_q_mindr', 'outZH_q_q_dr_nearb1', 'outZH_q_q_dr_nearb2', 'outZH_qq_M_nearb1', 'outZH_qq_M_nearb2', 'outZH_b1_qq_dr', 'outZH_b2_qq_dr', 'outZH_b1qq_M', 'outZH_b2qq_M', 'ZH_b1qq_dr', 'ZH_b2qq_dr', 'ZH_lbb1qq_dr', 'ZH_lbb2qq_dr', 'l_b2_mtb', 'ZH_closeb_invM', 'n_ak8jets', 'n_ak4jets', 'n_ak8_ZHbb', 'outZH_max_ak8pnetMass', 'outZH_b12_m', 'outZH_b12_dr', 'ht_b', 'ht_outZH', 'ak4_bestb_inZH', 'ak4_worstb_inZH', 'nonZHbb_q1_dr', 'nonZHbb_b1_dr', 'inZHb_outZHb_dr', 'ZH_l_dr', 'ZH_l_invM', 'l_b1_invM', 'l_b2_invM', 'l_b1_dr', 'l_b2_dr', 'spher', 'aplan', 'n_b_inZH', 'n_q_inZH', 'n_b_outZH', 'n_q_outZH', 'ZH_bbvLscore'], flatten=True, store_size=True, fill_none=True, fill_value=-999.0, pos_start=None, pos_end=None)],
               'btag_mask': [ColOut(collection='events', columns=['matchedGen_ZHbb_bb', 'outZH_b1_pt', 'outZH_b2_pt', 'outZH_b1_score', 'outZH_b2_score', 'outZH_q1_pt', 'outZH_q2_pt', 'outZH_q1_score', 'outZH_q2_score', 'outZH_b1_q_mindr', 'outZH_b2_q_mindr', 'outZH_q_q_dr_nearb1', 'outZH_q_q_dr_nearb2', 'outZH_qq_M_nearb1', 'outZH_qq_M_nearb2', 'outZH_b1_qq_dr', 'outZH_b2_qq_dr', 'outZH_b1qq_M', 'outZH_b2qq_M', 'ZH_b1qq_dr', 'ZH_b2qq_dr', 'ZH_lbb1qq_dr', 'ZH_lbb2qq_dr', 'l_b2_mtb', 'ZH_closeb_invM', 'n_ak8jets', 'n_ak4jets', 'n_ak8_ZHbb', 'outZH_max_ak8pnetMass', 'outZH_b12_m', 'outZH_b12_dr', 'ht_b', 'ht_outZH', 'ak4_bestb_inZH', 'ak4_worstb_inZH', 'nonZHbb_q1_dr', 'nonZHbb_b1_dr', 'inZHb_outZHb_dr', 'ZH_l_dr', 'ZH_l_invM', 'l_b1_invM', 'l_b2_invM', 'l_b1_dr', 'l_b2_dr', 'spher', 'aplan', 'n_b_inZH', 'n_q_inZH', 'n_b_outZH', 'n_q_outZH', 'ZH_bbvLscore'], flatten=True, store_size=True, fill_none=True, fill_value=-999.0, pos_start=None, pos_end=None)]},
'TTZToQQ': {'baseline': [ColOut(collection='events', columns=['matchedGen_ZHbb_bb', 'outZH_b1_pt', 'outZH_b2_pt', 'outZH_b1_score', 'outZH_b2_score', 'outZH_q1_pt', 'outZH_q2_pt', 'outZH_q1_score', 'outZH_q2_score', 'outZH_b1_q_mindr', 'outZH_b2_q_mindr', 'outZH_q_q_dr_nearb1', 'outZH_q_q_dr_nearb2', 'outZH_qq_M_nearb1', 'outZH_qq_M_nearb2', 'outZH_b1_qq_dr', 'outZH_b2_qq_dr', 'outZH_b1qq_M', 'outZH_b2qq_M', 'ZH_b1qq_dr', 'ZH_b2qq_dr', 'ZH_lbb1qq_dr', 'ZH_lbb2qq_dr', 'l_b2_mtb', 'ZH_closeb_invM', 'n_ak8jets', 'n_ak4jets', 'n_ak8_ZHbb', 'outZH_max_ak8pnetMass', 'outZH_b12_m', 'outZH_b12_dr', 'ht_b', 'ht_outZH', 'ak4_bestb_inZH', 'ak4_worstb_inZH', 'nonZHbb_q1_dr', 'nonZHbb_b1_dr', 'inZHb_outZHb_dr', 'ZH_l_dr', 'ZH_l_invM', 'l_b1_invM', 'l_b2_invM', 'l_b1_dr', 'l_b2_dr', 'spher', 'aplan', 'n_b_inZH', 'n_q_inZH', 'n_b_outZH', 'n_q_outZH', 'ZH_bbvLscore'], flatten=True, store_size=True, fill_none=True, fill_value=-999.0, pos_start=None, pos_end=None)],
           'btag_mask': [ColOut(collection='events', columns=['matchedGen_ZHbb_bb', 'outZH_b1_pt', 'outZH_b2_pt', 'outZH_b1_score', 'outZH_b2_score', 'outZH_q1_pt', 'outZH_q2_pt', 'outZH_q1_score', 'outZH_q2_score', 'outZH_b1_q_mindr', 'outZH_b2_q_mindr', 'outZH_q_q_dr_nearb1', 'outZH_q_q_dr_nearb2', 'outZH_qq_M_nearb1', 'outZH_qq_M_nearb2', 'outZH_b1_qq_dr', 'outZH_b2_qq_dr', 'outZH_b1qq_M', 'outZH_b2qq_M', 'ZH_b1qq_dr', 'ZH_b2qq_dr', 'ZH_lbb1qq_dr', 'ZH_lbb2qq_dr', 'l_b2_mtb', 'ZH_closeb_invM', 'n_ak8jets', 'n_ak4jets', 'n_ak8_ZHbb', 'outZH_max_ak8pnetMass', 'outZH_b12_m', 'outZH_b12_dr', 'ht_b', 'ht_outZH', 'ak4_bestb_inZH', 'ak4_worstb_inZH', 'nonZHbb_q1_dr', 'nonZHbb_b1_dr', 'inZHb_outZHb_dr', 'ZH_l_dr', 'ZH_l_invM', 'l_b1_invM', 'l_b2_invM', 'l_b1_dr', 'l_b2_dr', 'spher', 'aplan', 'n_b_inZH', 'n_q_inZH', 'n_b_outZH', 'n_q_outZH', 'ZH_bbvLscore'], flatten=True, store_size=True, fill_none=True, fill_value=-999.0, pos_start=None, pos_end=None)]},
'TTbb_2L2Nu': {'baseline': [ColOut(collection='events', columns=['matchedGen_ZHbb_bb', 'outZH_b1_pt', 'outZH_b2_pt', 'outZH_b1_score', 'outZH_b2_score', 'outZH_q1_pt', 'outZH_q2_pt', 'outZH_q1_score', 'outZH_q2_score', 'outZH_b1_q_mindr', 'outZH_b2_q_mindr', 'outZH_q_q_dr_nearb1', 'outZH_q_q_dr_nearb2', 'outZH_qq_M_nearb1', 'outZH_qq_M_nearb2', 'outZH_b1_qq_dr', 'outZH_b2_qq_dr', 'outZH_b1qq_M', 'outZH_b2qq_M', 'ZH_b1qq_dr', 'ZH_b2qq_dr', 'ZH_lbb1qq_dr', 'ZH_lbb2qq_dr', 'l_b2_mtb', 'ZH_closeb_invM', 'n_ak8jets', 'n_ak4jets', 'n_ak8_ZHbb', 'outZH_max_ak8pnetMass', 'outZH_b12_m', 'outZH_b12_dr', 'ht_b', 'ht_outZH', 'ak4_bestb_inZH', 'ak4_worstb_inZH', 'nonZHbb_q1_dr', 'nonZHbb_b1_dr', 'inZHb_outZHb_dr', 'ZH_l_dr', 'ZH_l_invM', 'l_b1_invM', 'l_b2_invM', 'l_b1_dr', 'l_b2_dr', 'spher', 'aplan', 'n_b_inZH', 'n_q_inZH', 'n_b_outZH', 'n_q_outZH', 'ZH_bbvLscore'], flatten=True, store_size=True, fill_none=True, fill_value=-999.0, pos_start=None, pos_end=None)],
              'btag_mask': [ColOut(collection='events', columns=['matchedGen_ZHbb_bb', 'outZH_b1_pt', 'outZH_b2_pt', 'outZH_b1_score', 'outZH_b2_score', 'outZH_q1_pt', 'outZH_q2_pt', 'outZH_q1_score', 'outZH_q2_score', 'outZH_b1_q_mindr', 'outZH_b2_q_mindr', 'outZH_q_q_dr_nearb1', 'outZH_q_q_dr_nearb2', 'outZH_qq_M_nearb1', 'outZH_qq_M_nearb2', 'outZH_b1_qq_dr', 'outZH_b2_qq_dr', 'outZH_b1qq_M', 'outZH_b2qq_M', 'ZH_b1qq_dr', 'ZH_b2qq_dr', 'ZH_lbb1qq_dr', 'ZH_lbb2qq_dr', 'l_b2_mtb', 'ZH_closeb_invM', 'n_ak8jets', 'n_ak4jets', 'n_ak8_ZHbb', 'outZH_max_ak8pnetMass', 'outZH_b12_m', 'outZH_b12_dr', 'ht_b', 'ht_outZH', 'ak4_bestb_inZH', 'ak4_worstb_inZH', 'nonZHbb_q1_dr', 'nonZHbb_b1_dr', 'inZHb_outZHb_dr', 'ZH_l_dr', 'ZH_l_invM', 'l_b1_invM', 'l_b2_invM', 'l_b1_dr', 'l_b2_dr', 'spher', 'aplan', 'n_b_inZH', 'n_q_inZH', 'n_b_outZH', 'n_q_outZH', 'ZH_bbvLscore'], flatten=True, store_size=True, fill_none=True, fill_value=-999.0, pos_start=None, pos_end=None)]},
'TTbb_Hadronic': {'baseline': [ColOut(collection='events', columns=['matchedGen_ZHbb_bb', 'outZH_b1_pt', 'outZH_b2_pt', 'outZH_b1_score', 'outZH_b2_score', 'outZH_q1_pt', 'outZH_q2_pt', 'outZH_q1_score', 'outZH_q2_score', 'outZH_b1_q_mindr', 'outZH_b2_q_mindr', 'outZH_q_q_dr_nearb1', 'outZH_q_q_dr_nearb2', 'outZH_qq_M_nearb1', 'outZH_qq_M_nearb2', 'outZH_b1_qq_dr', 'outZH_b2_qq_dr', 'outZH_b1qq_M', 'outZH_b2qq_M', 'ZH_b1qq_dr', 'ZH_b2qq_dr', 'ZH_lbb1qq_dr', 'ZH_lbb2qq_dr', 'l_b2_mtb', 'ZH_closeb_invM', 'n_ak8jets', 'n_ak4jets', 'n_ak8_ZHbb', 'outZH_max_ak8pnetMass', 'outZH_b12_m', 'outZH_b12_dr', 'ht_b', 'ht_outZH', 'ak4_bestb_inZH', 'ak4_worstb_inZH', 'nonZHbb_q1_dr', 'nonZHbb_b1_dr', 'inZHb_outZHb_dr', 'ZH_l_dr', 'ZH_l_invM', 'l_b1_invM', 'l_b2_invM', 'l_b1_dr', 'l_b2_dr', 'spher', 'aplan', 'n_b_inZH', 'n_q_inZH', 'n_b_outZH', 'n_q_outZH', 'ZH_bbvLscore'], flatten=True, store_size=True, fill_none=True, fill_value=-999.0, pos_start=None, pos_end=None)],
                 'btag_mask': [ColOut(collection='events', columns=['matchedGen_ZHbb_bb', 'outZH_b1_pt', 'outZH_b2_pt', 'outZH_b1_score', 'outZH_b2_score', 'outZH_q1_pt', 'outZH_q2_pt', 'outZH_q1_score', 'outZH_q2_score', 'outZH_b1_q_mindr', 'outZH_b2_q_mindr', 'outZH_q_q_dr_nearb1', 'outZH_q_q_dr_nearb2', 'outZH_qq_M_nearb1', 'outZH_qq_M_nearb2', 'outZH_b1_qq_dr', 'outZH_b2_qq_dr', 'outZH_b1qq_M', 'outZH_b2qq_M', 'ZH_b1qq_dr', 'ZH_b2qq_dr', 'ZH_lbb1qq_dr', 'ZH_lbb2qq_dr', 'l_b2_mtb', 'ZH_closeb_invM', 'n_ak8jets', 'n_ak4jets', 'n_ak8_ZHbb', 'outZH_max_ak8pnetMass', 'outZH_b12_m', 'outZH_b12_dr', 'ht_b', 'ht_outZH', 'ak4_bestb_inZH', 'ak4_worstb_inZH', 'nonZHbb_q1_dr', 'nonZHbb_b1_dr', 'inZHb_outZHb_dr', 'ZH_l_dr', 'ZH_l_invM', 'l_b1_invM', 'l_b2_invM', 'l_b1_dr', 'l_b2_dr', 'spher', 'aplan', 'n_b_inZH', 'n_q_inZH', 'n_b_outZH', 'n_q_outZH', 'ZH_bbvLscore'], flatten=True, store_size=True, fill_none=True, fill_value=-999.0, pos_start=None, pos_end=None)]},
'TTbb_SemiLeptonic': {'baseline': [ColOut(collection='events', columns=['matchedGen_ZHbb_bb', 'outZH_b1_pt', 'outZH_b2_pt', 'outZH_b1_score', 'outZH_b2_score', 'outZH_q1_pt', 'outZH_q2_pt', 'outZH_q1_score', 'outZH_q2_score', 'outZH_b1_q_mindr', 'outZH_b2_q_mindr', 'outZH_q_q_dr_nearb1', 'outZH_q_q_dr_nearb2', 'outZH_qq_M_nearb1', 'outZH_qq_M_nearb2', 'outZH_b1_qq_dr', 'outZH_b2_qq_dr', 'outZH_b1qq_M', 'outZH_b2qq_M', 'ZH_b1qq_dr', 'ZH_b2qq_dr', 'ZH_lbb1qq_dr', 'ZH_lbb2qq_dr', 'l_b2_mtb', 'ZH_closeb_invM', 'n_ak8jets', 'n_ak4jets', 'n_ak8_ZHbb', 'outZH_max_ak8pnetMass', 'outZH_b12_m', 'outZH_b12_dr', 'ht_b', 'ht_outZH', 'ak4_bestb_inZH', 'ak4_worstb_inZH', 'nonZHbb_q1_dr', 'nonZHbb_b1_dr', 'inZHb_outZHb_dr', 'ZH_l_dr', 'ZH_l_invM', 'l_b1_invM', 'l_b2_invM', 'l_b1_dr', 'l_b2_dr', 'spher', 'aplan', 'n_b_inZH', 'n_q_inZH', 'n_b_outZH', 'n_q_outZH', 'ZH_bbvLscore'], flatten=True, store_size=True, fill_none=True, fill_value=-999.0, pos_start=None, pos_end=None)],
                     'btag_mask': [ColOut(collection='events', columns=['matchedGen_ZHbb_bb', 'outZH_b1_pt', 'outZH_b2_pt', 'outZH_b1_score', 'outZH_b2_score', 'outZH_q1_pt', 'outZH_q2_pt', 'outZH_q1_score', 'outZH_q2_score', 'outZH_b1_q_mindr', 'outZH_b2_q_mindr', 'outZH_q_q_dr_nearb1', 'outZH_q_q_dr_nearb2', 'outZH_qq_M_nearb1', 'outZH_qq_M_nearb2', 'outZH_b1_qq_dr', 'outZH_b2_qq_dr', 'outZH_b1qq_M', 'outZH_b2qq_M', 'ZH_b1qq_dr', 'ZH_b2qq_dr', 'ZH_lbb1qq_dr', 'ZH_lbb2qq_dr', 'l_b2_mtb', 'ZH_closeb_invM', 'n_ak8jets', 'n_ak4jets', 'n_ak8_ZHbb', 'outZH_max_ak8pnetMass', 'outZH_b12_m', 'outZH_b12_dr', 'ht_b', 'ht_outZH', 'ak4_bestb_inZH', 'ak4_worstb_inZH', 'nonZHbb_q1_dr', 'nonZHbb_b1_dr', 'inZHb_outZHb_dr', 'ZH_l_dr', 'ZH_l_invM', 'l_b1_invM', 'l_b2_invM', 'l_b1_dr', 'l_b2_dr', 'spher', 'aplan', 'n_b_inZH', 'n_q_inZH', 'n_b_outZH', 'n_q_outZH', 'ZH_bbvLscore'], flatten=True, store_size=True, fill_none=True, fill_value=-999.0, pos_start=None, pos_end=None)]},
'ttHToNonbb': {'baseline': [ColOut(collection='events', columns=['matchedGen_ZHbb_bb', 'outZH_b1_pt', 'outZH_b2_pt', 'outZH_b1_score', 'outZH_b2_score', 'outZH_q1_pt', 'outZH_q2_pt', 'outZH_q1_score', 'outZH_q2_score', 'outZH_b1_q_mindr', 'outZH_b2_q_mindr', 'outZH_q_q_dr_nearb1', 'outZH_q_q_dr_nearb2', 'outZH_qq_M_nearb1', 'outZH_qq_M_nearb2', 'outZH_b1_qq_dr', 'outZH_b2_qq_dr', 'outZH_b1qq_M', 'outZH_b2qq_M', 'ZH_b1qq_dr', 'ZH_b2qq_dr', 'ZH_lbb1qq_dr', 'ZH_lbb2qq_dr', 'l_b2_mtb', 'ZH_closeb_invM', 'n_ak8jets', 'n_ak4jets', 'n_ak8_ZHbb', 'outZH_max_ak8pnetMass', 'outZH_b12_m', 'outZH_b12_dr', 'ht_b', 'ht_outZH', 'ak4_bestb_inZH', 'ak4_worstb_inZH', 'nonZHbb_q1_dr', 'nonZHbb_b1_dr', 'inZHb_outZHb_dr', 'ZH_l_dr', 'ZH_l_invM', 'l_b1_invM', 'l_b2_invM', 'l_b1_dr', 'l_b2_dr', 'spher', 'aplan', 'n_b_inZH', 'n_q_inZH', 'n_b_outZH', 'n_q_outZH', 'ZH_bbvLscore'], flatten=True, store_size=True, fill_none=True, fill_value=-999.0, pos_start=None, pos_end=None)],
              'btag_mask': [ColOut(collection='events', columns=['matchedGen_ZHbb_bb', 'outZH_b1_pt', 'outZH_b2_pt', 'outZH_b1_score', 'outZH_b2_score', 'outZH_q1_pt', 'outZH_q2_pt', 'outZH_q1_score', 'outZH_q2_score', 'outZH_b1_q_mindr', 'outZH_b2_q_mindr', 'outZH_q_q_dr_nearb1', 'outZH_q_q_dr_nearb2', 'outZH_qq_M_nearb1', 'outZH_qq_M_nearb2', 'outZH_b1_qq_dr', 'outZH_b2_qq_dr', 'outZH_b1qq_M', 'outZH_b2qq_M', 'ZH_b1qq_dr', 'ZH_b2qq_dr', 'ZH_lbb1qq_dr', 'ZH_lbb2qq_dr', 'l_b2_mtb', 'ZH_closeb_invM', 'n_ak8jets', 'n_ak4jets', 'n_ak8_ZHbb', 'outZH_max_ak8pnetMass', 'outZH_b12_m', 'outZH_b12_dr', 'ht_b', 'ht_outZH', 'ak4_bestb_inZH', 'ak4_worstb_inZH', 'nonZHbb_q1_dr', 'nonZHbb_b1_dr', 'inZHb_outZHb_dr', 'ZH_l_dr', 'ZH_l_invM', 'l_b1_invM', 'l_b2_invM', 'l_b1_dr', 'l_b2_dr', 'spher', 'aplan', 'n_b_inZH', 'n_q_inZH', 'n_b_outZH', 'n_q_outZH', 'ZH_bbvLscore'], flatten=True, store_size=True, fill_none=True, fill_value=-999.0, pos_start=None, pos_end=None)]},
'ttHTobb': {'baseline': [ColOut(collection='events', columns=['matchedGen_ZHbb_bb', 'outZH_b1_pt', 'outZH_b2_pt', 'outZH_b1_score', 'outZH_b2_score', 'outZH_q1_pt', 'outZH_q2_pt', 'outZH_q1_score', 'outZH_q2_score', 'outZH_b1_q_mindr', 'outZH_b2_q_mindr', 'outZH_q_q_dr_nearb1', 'outZH_q_q_dr_nearb2', 'outZH_qq_M_nearb1', 'outZH_qq_M_nearb2', 'outZH_b1_qq_dr', 'outZH_b2_qq_dr', 'outZH_b1qq_M', 'outZH_b2qq_M', 'ZH_b1qq_dr', 'ZH_b2qq_dr', 'ZH_lbb1qq_dr', 'ZH_lbb2qq_dr', 'l_b2_mtb', 'ZH_closeb_invM', 'n_ak8jets', 'n_ak4jets', 'n_ak8_ZHbb', 'outZH_max_ak8pnetMass', 'outZH_b12_m', 'outZH_b12_dr', 'ht_b', 'ht_outZH', 'ak4_bestb_inZH', 'ak4_worstb_inZH', 'nonZHbb_q1_dr', 'nonZHbb_b1_dr', 'inZHb_outZHb_dr', 'ZH_l_dr', 'ZH_l_invM', 'l_b1_invM', 'l_b2_invM', 'l_b1_dr', 'l_b2_dr', 'spher', 'aplan', 'n_b_inZH', 'n_q_inZH', 'n_b_outZH', 'n_q_outZH', 'ZH_bbvLscore'], flatten=True, store_size=True, fill_none=True, fill_value=-999.0, pos_start=None, pos_end=None)],
           'btag_mask': [ColOut(collection='events', columns=['matchedGen_ZHbb_bb', 'outZH_b1_pt', 'outZH_b2_pt', 'outZH_b1_score', 'outZH_b2_score', 'outZH_q1_pt', 'outZH_q2_pt', 'outZH_q1_score', 'outZH_q2_score', 'outZH_b1_q_mindr', 'outZH_b2_q_mindr', 'outZH_q_q_dr_nearb1', 'outZH_q_q_dr_nearb2', 'outZH_qq_M_nearb1', 'outZH_qq_M_nearb2', 'outZH_b1_qq_dr', 'outZH_b2_qq_dr', 'outZH_b1qq_M', 'outZH_b2qq_M', 'ZH_b1qq_dr', 'ZH_b2qq_dr', 'ZH_lbb1qq_dr', 'ZH_lbb2qq_dr', 'l_b2_mtb', 'ZH_closeb_invM', 'n_ak8jets', 'n_ak4jets', 'n_ak8_ZHbb', 'outZH_max_ak8pnetMass', 'outZH_b12_m', 'outZH_b12_dr', 'ht_b', 'ht_outZH', 'ak4_bestb_inZH', 'ak4_worstb_inZH', 'nonZHbb_q1_dr', 'nonZHbb_b1_dr', 'inZHb_outZHb_dr', 'ZH_l_dr', 'ZH_l_invM', 'l_b1_invM', 'l_b2_invM', 'l_b1_dr', 'l_b2_dr', 'spher', 'aplan', 'n_b_inZH', 'n_q_inZH', 'n_b_outZH', 'n_q_outZH', 'ZH_bbvLscore'], flatten=True, store_size=True, fill_none=True, fill_value=-999.0, pos_start=None, pos_end=None)]}}
  - available weights variations: {'TTTo2L2Nu': ['nominal', 'pileup'],
'TTToHadronic': ['nominal', 'pileup'],
'TTToSemiLeptonic': ['nominal', 'pileup'],
'TTZToBB': ['nominal', 'pileup'],
'TTZToLLNuNu': ['nominal', 'pileup'],
'TTZToQQ': ['nominal', 'pileup'],
'TTbb_2L2Nu': ['nominal', 'pileup'],
'TTbb_Hadronic': ['nominal', 'pileup'],
'TTbb_SemiLeptonic': ['nominal', 'pileup'],
'ttHToNonbb': ['nominal', 'pileup'],
'ttHTobb': ['nominal', 'pileup']} 
  - available shape variations: {'TTTo2L2Nu': [],
'TTToHadronic': [],
'TTToSemiLeptonic': [],
'TTZToBB': [],
'TTZToLLNuNu': [],
'TTZToQQ': [],
'TTbb_2L2Nu': [],
'TTbb_Hadronic': [],
'TTbb_SemiLeptonic': [],
'ttHToNonbb': [],
'ttHTobb': []}
[INFO    ] Configurator instance:
  - Workflow: <class 'zhbbworkflow.ZHbbBaseProcessor'>
  - Workflow options: {}
  - N. datasets: 11 
   -- Dataset: ttHTobb_M125_M125_2017,  Sample: ttHTobb, N. files: 46, N. events: 7825000
   -- Dataset: ttHToNonbb_M125_M125_2017,  Sample: ttHToNonbb, N. files: 35, N. events: 5070989
   -- Dataset: TTZToBB__2017,  Sample: TTZToBB, N. files: 26, N. events: 7074000
   -- Dataset: TTZToQQ__2017,  Sample: TTZToQQ, N. files: 35, N. events: 13822000
   -- Dataset: TTZToLLNuNu__2017,  Sample: TTZToLLNuNu, N. files: 19, N. events: 14036000
   -- Dataset: TTbb_Hadronic__2017,  Sample: TTbb_Hadronic, N. files: 9, N. events: 5694656
   -- Dataset: TTbb_2L2Nu__2017,  Sample: TTbb_2L2Nu, N. files: 7, N. events: 3472503
   -- Dataset: TTbb_SemiLeptonic__2017,  Sample: TTbb_SemiLeptonic, N. files: 12, N. events: 7318891
   -- Dataset: TTToHadronic__2017,  Sample: TTToHadronic, N. files: 199, N. events: 232999999
   -- Dataset: TTTo2L2Nu__2017,  Sample: TTTo2L2Nu, N. files: 99, N. events: 106724000
   -- Dataset: TTToSemiLeptonic__2017,  Sample: TTToSemiLeptonic, N. files: 297, N. events: 346052000
  - Subsamples:
   -- Sample ttHTobb: StandardSelection ['ttHTobb'], (1 categories)
   -- Sample ttHToNonbb: StandardSelection ['ttHToNonbb'], (1 categories)
   -- Sample TTZToBB: StandardSelection ['TTZToBB'], (1 categories)
   -- Sample TTZToQQ: StandardSelection ['TTZToQQ'], (1 categories)
   -- Sample TTZToLLNuNu: StandardSelection ['TTZToLLNuNu'], (1 categories)
   -- Sample TTbb_Hadronic: StandardSelection ['TTbb_Hadronic'], (1 categories)
   -- Sample TTbb_2L2Nu: StandardSelection ['TTbb_2L2Nu'], (1 categories)
   -- Sample TTbb_SemiLeptonic: StandardSelection ['TTbb_SemiLeptonic'], (1 categories)
   -- Sample TTToHadronic: StandardSelection ['TTToHadronic'], (1 categories)
   -- Sample TTTo2L2Nu: StandardSelection ['TTTo2L2Nu'], (1 categories)
   -- Sample TTToSemiLeptonic: StandardSelection ['TTToSemiLeptonic'], (1 categories)
  - Skim: ['preSkimCut']
  - Preselection: ['eventSelection']
  - Categories: StandardSelection ['baseline', 'btag_mask'], (2 categories)
  - Variables:  ['mAK8', 'zhbbtag', 'zhbbtag_sorted', 'outZH_b1_pt']
  - Columns: {'TTTo2L2Nu': {'baseline': [ColOut(collection='events', columns=['matchedGen_ZHbb_bb', 'tt_typeoutZH_b1_pt', 'outZH_b2_pt', 'outZH_b1_score', 'outZH_b2_score', 'outZH_q1_pt', 'outZH_q2_pt', 'outZH_q1_score', 'outZH_q2_score', 'outZH_b1_q_mindr', 'outZH_b2_q_mindr', 'outZH_q_q_dr_nearb1', 'outZH_q_q_dr_nearb2', 'outZH_qq_M_nearb1', 'outZH_qq_M_nearb2', 'outZH_b1_qq_dr', 'outZH_b2_qq_dr', 'outZH_b1qq_M', 'outZH_b2qq_M', 'ZH_b1qq_dr', 'ZH_b2qq_dr', 'ZH_lbb1qq_dr', 'ZH_lbb2qq_dr', 'l_b2_mtb', 'ZH_closeb_invM', 'n_ak8jets', 'n_ak4jets', 'n_ak8_ZHbb', 'outZH_max_ak8pnetMass', 'outZH_b12_m', 'outZH_b12_dr', 'ht_b', 'ht_outZH', 'ak4_bestb_inZH', 'ak4_worstb_inZH', 'nonZHbb_q1_dr', 'nonZHbb_b1_dr', 'inZHb_outZHb_dr', 'ZH_l_dr', 'ZH_l_invM', 'l_b1_invM', 'l_b2_invM', 'l_b1_dr', 'l_b2_dr', 'spher', 'aplan', 'n_b_inZH', 'n_q_inZH', 'n_b_outZH', 'n_q_outZH', 'ZH_bbvLscore'], flatten=True, store_size=True, fill_none=True, fill_value=-999.0, pos_start=None, pos_end=None)],
             'btag_mask': [ColOut(collection='events', columns=['matchedGen_ZHbb_bb', 'tt_typeoutZH_b1_pt', 'outZH_b2_pt', 'outZH_b1_score', 'outZH_b2_score', 'outZH_q1_pt', 'outZH_q2_pt', 'outZH_q1_score', 'outZH_q2_score', 'outZH_b1_q_mindr', 'outZH_b2_q_mindr', 'outZH_q_q_dr_nearb1', 'outZH_q_q_dr_nearb2', 'outZH_qq_M_nearb1', 'outZH_qq_M_nearb2', 'outZH_b1_qq_dr', 'outZH_b2_qq_dr', 'outZH_b1qq_M', 'outZH_b2qq_M', 'ZH_b1qq_dr', 'ZH_b2qq_dr', 'ZH_lbb1qq_dr', 'ZH_lbb2qq_dr', 'l_b2_mtb', 'ZH_closeb_invM', 'n_ak8jets', 'n_ak4jets', 'n_ak8_ZHbb', 'outZH_max_ak8pnetMass', 'outZH_b12_m', 'outZH_b12_dr', 'ht_b', 'ht_outZH', 'ak4_bestb_inZH', 'ak4_worstb_inZH', 'nonZHbb_q1_dr', 'nonZHbb_b1_dr', 'inZHb_outZHb_dr', 'ZH_l_dr', 'ZH_l_invM', 'l_b1_invM', 'l_b2_invM', 'l_b1_dr', 'l_b2_dr', 'spher', 'aplan', 'n_b_inZH', 'n_q_inZH', 'n_b_outZH', 'n_q_outZH', 'ZH_bbvLscore'], flatten=True, store_size=True, fill_none=True, fill_value=-999.0, pos_start=None, pos_end=None)]},
'TTToHadronic': {'baseline': [ColOut(collection='events', columns=['matchedGen_ZHbb_bb', 'tt_typeoutZH_b1_pt', 'outZH_b2_pt', 'outZH_b1_score', 'outZH_b2_score', 'outZH_q1_pt', 'outZH_q2_pt', 'outZH_q1_score', 'outZH_q2_score', 'outZH_b1_q_mindr', 'outZH_b2_q_mindr', 'outZH_q_q_dr_nearb1', 'outZH_q_q_dr_nearb2', 'outZH_qq_M_nearb1', 'outZH_qq_M_nearb2', 'outZH_b1_qq_dr', 'outZH_b2_qq_dr', 'outZH_b1qq_M', 'outZH_b2qq_M', 'ZH_b1qq_dr', 'ZH_b2qq_dr', 'ZH_lbb1qq_dr', 'ZH_lbb2qq_dr', 'l_b2_mtb', 'ZH_closeb_invM', 'n_ak8jets', 'n_ak4jets', 'n_ak8_ZHbb', 'outZH_max_ak8pnetMass', 'outZH_b12_m', 'outZH_b12_dr', 'ht_b', 'ht_outZH', 'ak4_bestb_inZH', 'ak4_worstb_inZH', 'nonZHbb_q1_dr', 'nonZHbb_b1_dr', 'inZHb_outZHb_dr', 'ZH_l_dr', 'ZH_l_invM', 'l_b1_invM', 'l_b2_invM', 'l_b1_dr', 'l_b2_dr', 'spher', 'aplan', 'n_b_inZH', 'n_q_inZH', 'n_b_outZH', 'n_q_outZH', 'ZH_bbvLscore'], flatten=True, store_size=True, fill_none=True, fill_value=-999.0, pos_start=None, pos_end=None)],
                'btag_mask': [ColOut(collection='events', columns=['matchedGen_ZHbb_bb', 'tt_typeoutZH_b1_pt', 'outZH_b2_pt', 'outZH_b1_score', 'outZH_b2_score', 'outZH_q1_pt', 'outZH_q2_pt', 'outZH_q1_score', 'outZH_q2_score', 'outZH_b1_q_mindr', 'outZH_b2_q_mindr', 'outZH_q_q_dr_nearb1', 'outZH_q_q_dr_nearb2', 'outZH_qq_M_nearb1', 'outZH_qq_M_nearb2', 'outZH_b1_qq_dr', 'outZH_b2_qq_dr', 'outZH_b1qq_M', 'outZH_b2qq_M', 'ZH_b1qq_dr', 'ZH_b2qq_dr', 'ZH_lbb1qq_dr', 'ZH_lbb2qq_dr', 'l_b2_mtb', 'ZH_closeb_invM', 'n_ak8jets', 'n_ak4jets', 'n_ak8_ZHbb', 'outZH_max_ak8pnetMass', 'outZH_b12_m', 'outZH_b12_dr', 'ht_b', 'ht_outZH', 'ak4_bestb_inZH', 'ak4_worstb_inZH', 'nonZHbb_q1_dr', 'nonZHbb_b1_dr', 'inZHb_outZHb_dr', 'ZH_l_dr', 'ZH_l_invM', 'l_b1_invM', 'l_b2_invM', 'l_b1_dr', 'l_b2_dr', 'spher', 'aplan', 'n_b_inZH', 'n_q_inZH', 'n_b_outZH', 'n_q_outZH', 'ZH_bbvLscore'], flatten=True, store_size=True, fill_none=True, fill_value=-999.0, pos_start=None, pos_end=None)]},
'TTToSemiLeptonic': {'baseline': [ColOut(collection='events', columns=['matchedGen_ZHbb_bb', 'tt_typeoutZH_b1_pt', 'outZH_b2_pt', 'outZH_b1_score', 'outZH_b2_score', 'outZH_q1_pt', 'outZH_q2_pt', 'outZH_q1_score', 'outZH_q2_score', 'outZH_b1_q_mindr', 'outZH_b2_q_mindr', 'outZH_q_q_dr_nearb1', 'outZH_q_q_dr_nearb2', 'outZH_qq_M_nearb1', 'outZH_qq_M_nearb2', 'outZH_b1_qq_dr', 'outZH_b2_qq_dr', 'outZH_b1qq_M', 'outZH_b2qq_M', 'ZH_b1qq_dr', 'ZH_b2qq_dr', 'ZH_lbb1qq_dr', 'ZH_lbb2qq_dr', 'l_b2_mtb', 'ZH_closeb_invM', 'n_ak8jets', 'n_ak4jets', 'n_ak8_ZHbb', 'outZH_max_ak8pnetMass', 'outZH_b12_m', 'outZH_b12_dr', 'ht_b', 'ht_outZH', 'ak4_bestb_inZH', 'ak4_worstb_inZH', 'nonZHbb_q1_dr', 'nonZHbb_b1_dr', 'inZHb_outZHb_dr', 'ZH_l_dr', 'ZH_l_invM', 'l_b1_invM', 'l_b2_invM', 'l_b1_dr', 'l_b2_dr', 'spher', 'aplan', 'n_b_inZH', 'n_q_inZH', 'n_b_outZH', 'n_q_outZH', 'ZH_bbvLscore'], flatten=True, store_size=True, fill_none=True, fill_value=-999.0, pos_start=None, pos_end=None)],
                    'btag_mask': [ColOut(collection='events', columns=['matchedGen_ZHbb_bb', 'tt_typeoutZH_b1_pt', 'outZH_b2_pt', 'outZH_b1_score', 'outZH_b2_score', 'outZH_q1_pt', 'outZH_q2_pt', 'outZH_q1_score', 'outZH_q2_score', 'outZH_b1_q_mindr', 'outZH_b2_q_mindr', 'outZH_q_q_dr_nearb1', 'outZH_q_q_dr_nearb2', 'outZH_qq_M_nearb1', 'outZH_qq_M_nearb2', 'outZH_b1_qq_dr', 'outZH_b2_qq_dr', 'outZH_b1qq_M', 'outZH_b2qq_M', 'ZH_b1qq_dr', 'ZH_b2qq_dr', 'ZH_lbb1qq_dr', 'ZH_lbb2qq_dr', 'l_b2_mtb', 'ZH_closeb_invM', 'n_ak8jets', 'n_ak4jets', 'n_ak8_ZHbb', 'outZH_max_ak8pnetMass', 'outZH_b12_m', 'outZH_b12_dr', 'ht_b', 'ht_outZH', 'ak4_bestb_inZH', 'ak4_worstb_inZH', 'nonZHbb_q1_dr', 'nonZHbb_b1_dr', 'inZHb_outZHb_dr', 'ZH_l_dr', 'ZH_l_invM', 'l_b1_invM', 'l_b2_invM', 'l_b1_dr', 'l_b2_dr', 'spher', 'aplan', 'n_b_inZH', 'n_q_inZH', 'n_b_outZH', 'n_q_outZH', 'ZH_bbvLscore'], flatten=True, store_size=True, fill_none=True, fill_value=-999.0, pos_start=None, pos_end=None)]},
'TTZToBB': {'baseline': [ColOut(collection='events', columns=['matchedGen_ZHbb_bb', 'tt_typeoutZH_b1_pt', 'outZH_b2_pt', 'outZH_b1_score', 'outZH_b2_score', 'outZH_q1_pt', 'outZH_q2_pt', 'outZH_q1_score', 'outZH_q2_score', 'outZH_b1_q_mindr', 'outZH_b2_q_mindr', 'outZH_q_q_dr_nearb1', 'outZH_q_q_dr_nearb2', 'outZH_qq_M_nearb1', 'outZH_qq_M_nearb2', 'outZH_b1_qq_dr', 'outZH_b2_qq_dr', 'outZH_b1qq_M', 'outZH_b2qq_M', 'ZH_b1qq_dr', 'ZH_b2qq_dr', 'ZH_lbb1qq_dr', 'ZH_lbb2qq_dr', 'l_b2_mtb', 'ZH_closeb_invM', 'n_ak8jets', 'n_ak4jets', 'n_ak8_ZHbb', 'outZH_max_ak8pnetMass', 'outZH_b12_m', 'outZH_b12_dr', 'ht_b', 'ht_outZH', 'ak4_bestb_inZH', 'ak4_worstb_inZH', 'nonZHbb_q1_dr', 'nonZHbb_b1_dr', 'inZHb_outZHb_dr', 'ZH_l_dr', 'ZH_l_invM', 'l_b1_invM', 'l_b2_invM', 'l_b1_dr', 'l_b2_dr', 'spher', 'aplan', 'n_b_inZH', 'n_q_inZH', 'n_b_outZH', 'n_q_outZH', 'ZH_bbvLscore'], flatten=True, store_size=True, fill_none=True, fill_value=-999.0, pos_start=None, pos_end=None)],
           'btag_mask': [ColOut(collection='events', columns=['matchedGen_ZHbb_bb', 'tt_typeoutZH_b1_pt', 'outZH_b2_pt', 'outZH_b1_score', 'outZH_b2_score', 'outZH_q1_pt', 'outZH_q2_pt', 'outZH_q1_score', 'outZH_q2_score', 'outZH_b1_q_mindr', 'outZH_b2_q_mindr', 'outZH_q_q_dr_nearb1', 'outZH_q_q_dr_nearb2', 'outZH_qq_M_nearb1', 'outZH_qq_M_nearb2', 'outZH_b1_qq_dr', 'outZH_b2_qq_dr', 'outZH_b1qq_M', 'outZH_b2qq_M', 'ZH_b1qq_dr', 'ZH_b2qq_dr', 'ZH_lbb1qq_dr', 'ZH_lbb2qq_dr', 'l_b2_mtb', 'ZH_closeb_invM', 'n_ak8jets', 'n_ak4jets', 'n_ak8_ZHbb', 'outZH_max_ak8pnetMass', 'outZH_b12_m', 'outZH_b12_dr', 'ht_b', 'ht_outZH', 'ak4_bestb_inZH', 'ak4_worstb_inZH', 'nonZHbb_q1_dr', 'nonZHbb_b1_dr', 'inZHb_outZHb_dr', 'ZH_l_dr', 'ZH_l_invM', 'l_b1_invM', 'l_b2_invM', 'l_b1_dr', 'l_b2_dr', 'spher', 'aplan', 'n_b_inZH', 'n_q_inZH', 'n_b_outZH', 'n_q_outZH', 'ZH_bbvLscore'], flatten=True, store_size=True, fill_none=True, fill_value=-999.0, pos_start=None, pos_end=None)]},
'TTZToLLNuNu': {'baseline': [ColOut(collection='events', columns=['matchedGen_ZHbb_bb', 'tt_typeoutZH_b1_pt', 'outZH_b2_pt', 'outZH_b1_score', 'outZH_b2_score', 'outZH_q1_pt', 'outZH_q2_pt', 'outZH_q1_score', 'outZH_q2_score', 'outZH_b1_q_mindr', 'outZH_b2_q_mindr', 'outZH_q_q_dr_nearb1', 'outZH_q_q_dr_nearb2', 'outZH_qq_M_nearb1', 'outZH_qq_M_nearb2', 'outZH_b1_qq_dr', 'outZH_b2_qq_dr', 'outZH_b1qq_M', 'outZH_b2qq_M', 'ZH_b1qq_dr', 'ZH_b2qq_dr', 'ZH_lbb1qq_dr', 'ZH_lbb2qq_dr', 'l_b2_mtb', 'ZH_closeb_invM', 'n_ak8jets', 'n_ak4jets', 'n_ak8_ZHbb', 'outZH_max_ak8pnetMass', 'outZH_b12_m', 'outZH_b12_dr', 'ht_b', 'ht_outZH', 'ak4_bestb_inZH', 'ak4_worstb_inZH', 'nonZHbb_q1_dr', 'nonZHbb_b1_dr', 'inZHb_outZHb_dr', 'ZH_l_dr', 'ZH_l_invM', 'l_b1_invM', 'l_b2_invM', 'l_b1_dr', 'l_b2_dr', 'spher', 'aplan', 'n_b_inZH', 'n_q_inZH', 'n_b_outZH', 'n_q_outZH', 'ZH_bbvLscore'], flatten=True, store_size=True, fill_none=True, fill_value=-999.0, pos_start=None, pos_end=None)],
               'btag_mask': [ColOut(collection='events', columns=['matchedGen_ZHbb_bb', 'tt_typeoutZH_b1_pt', 'outZH_b2_pt', 'outZH_b1_score', 'outZH_b2_score', 'outZH_q1_pt', 'outZH_q2_pt', 'outZH_q1_score', 'outZH_q2_score', 'outZH_b1_q_mindr', 'outZH_b2_q_mindr', 'outZH_q_q_dr_nearb1', 'outZH_q_q_dr_nearb2', 'outZH_qq_M_nearb1', 'outZH_qq_M_nearb2', 'outZH_b1_qq_dr', 'outZH_b2_qq_dr', 'outZH_b1qq_M', 'outZH_b2qq_M', 'ZH_b1qq_dr', 'ZH_b2qq_dr', 'ZH_lbb1qq_dr', 'ZH_lbb2qq_dr', 'l_b2_mtb', 'ZH_closeb_invM', 'n_ak8jets', 'n_ak4jets', 'n_ak8_ZHbb', 'outZH_max_ak8pnetMass', 'outZH_b12_m', 'outZH_b12_dr', 'ht_b', 'ht_outZH', 'ak4_bestb_inZH', 'ak4_worstb_inZH', 'nonZHbb_q1_dr', 'nonZHbb_b1_dr', 'inZHb_outZHb_dr', 'ZH_l_dr', 'ZH_l_invM', 'l_b1_invM', 'l_b2_invM', 'l_b1_dr', 'l_b2_dr', 'spher', 'aplan', 'n_b_inZH', 'n_q_inZH', 'n_b_outZH', 'n_q_outZH', 'ZH_bbvLscore'], flatten=True, store_size=True, fill_none=True, fill_value=-999.0, pos_start=None, pos_end=None)]},
'TTZToQQ': {'baseline': [ColOut(collection='events', columns=['matchedGen_ZHbb_bb', 'tt_typeoutZH_b1_pt', 'outZH_b2_pt', 'outZH_b1_score', 'outZH_b2_score', 'outZH_q1_pt', 'outZH_q2_pt', 'outZH_q1_score', 'outZH_q2_score', 'outZH_b1_q_mindr', 'outZH_b2_q_mindr', 'outZH_q_q_dr_nearb1', 'outZH_q_q_dr_nearb2', 'outZH_qq_M_nearb1', 'outZH_qq_M_nearb2', 'outZH_b1_qq_dr', 'outZH_b2_qq_dr', 'outZH_b1qq_M', 'outZH_b2qq_M', 'ZH_b1qq_dr', 'ZH_b2qq_dr', 'ZH_lbb1qq_dr', 'ZH_lbb2qq_dr', 'l_b2_mtb', 'ZH_closeb_invM', 'n_ak8jets', 'n_ak4jets', 'n_ak8_ZHbb', 'outZH_max_ak8pnetMass', 'outZH_b12_m', 'outZH_b12_dr', 'ht_b', 'ht_outZH', 'ak4_bestb_inZH', 'ak4_worstb_inZH', 'nonZHbb_q1_dr', 'nonZHbb_b1_dr', 'inZHb_outZHb_dr', 'ZH_l_dr', 'ZH_l_invM', 'l_b1_invM', 'l_b2_invM', 'l_b1_dr', 'l_b2_dr', 'spher', 'aplan', 'n_b_inZH', 'n_q_inZH', 'n_b_outZH', 'n_q_outZH', 'ZH_bbvLscore'], flatten=True, store_size=True, fill_none=True, fill_value=-999.0, pos_start=None, pos_end=None)],
           'btag_mask': [ColOut(collection='events', columns=['matchedGen_ZHbb_bb', 'tt_typeoutZH_b1_pt', 'outZH_b2_pt', 'outZH_b1_score', 'outZH_b2_score', 'outZH_q1_pt', 'outZH_q2_pt', 'outZH_q1_score', 'outZH_q2_score', 'outZH_b1_q_mindr', 'outZH_b2_q_mindr', 'outZH_q_q_dr_nearb1', 'outZH_q_q_dr_nearb2', 'outZH_qq_M_nearb1', 'outZH_qq_M_nearb2', 'outZH_b1_qq_dr', 'outZH_b2_qq_dr', 'outZH_b1qq_M', 'outZH_b2qq_M', 'ZH_b1qq_dr', 'ZH_b2qq_dr', 'ZH_lbb1qq_dr', 'ZH_lbb2qq_dr', 'l_b2_mtb', 'ZH_closeb_invM', 'n_ak8jets', 'n_ak4jets', 'n_ak8_ZHbb', 'outZH_max_ak8pnetMass', 'outZH_b12_m', 'outZH_b12_dr', 'ht_b', 'ht_outZH', 'ak4_bestb_inZH', 'ak4_worstb_inZH', 'nonZHbb_q1_dr', 'nonZHbb_b1_dr', 'inZHb_outZHb_dr', 'ZH_l_dr', 'ZH_l_invM', 'l_b1_invM', 'l_b2_invM', 'l_b1_dr', 'l_b2_dr', 'spher', 'aplan', 'n_b_inZH', 'n_q_inZH', 'n_b_outZH', 'n_q_outZH', 'ZH_bbvLscore'], flatten=True, store_size=True, fill_none=True, fill_value=-999.0, pos_start=None, pos_end=None)]},
'TTbb_2L2Nu': {'baseline': [ColOut(collection='events', columns=['matchedGen_ZHbb_bb', 'tt_typeoutZH_b1_pt', 'outZH_b2_pt', 'outZH_b1_score', 'outZH_b2_score', 'outZH_q1_pt', 'outZH_q2_pt', 'outZH_q1_score', 'outZH_q2_score', 'outZH_b1_q_mindr', 'outZH_b2_q_mindr', 'outZH_q_q_dr_nearb1', 'outZH_q_q_dr_nearb2', 'outZH_qq_M_nearb1', 'outZH_qq_M_nearb2', 'outZH_b1_qq_dr', 'outZH_b2_qq_dr', 'outZH_b1qq_M', 'outZH_b2qq_M', 'ZH_b1qq_dr', 'ZH_b2qq_dr', 'ZH_lbb1qq_dr', 'ZH_lbb2qq_dr', 'l_b2_mtb', 'ZH_closeb_invM', 'n_ak8jets', 'n_ak4jets', 'n_ak8_ZHbb', 'outZH_max_ak8pnetMass', 'outZH_b12_m', 'outZH_b12_dr', 'ht_b', 'ht_outZH', 'ak4_bestb_inZH', 'ak4_worstb_inZH', 'nonZHbb_q1_dr', 'nonZHbb_b1_dr', 'inZHb_outZHb_dr', 'ZH_l_dr', 'ZH_l_invM', 'l_b1_invM', 'l_b2_invM', 'l_b1_dr', 'l_b2_dr', 'spher', 'aplan', 'n_b_inZH', 'n_q_inZH', 'n_b_outZH', 'n_q_outZH', 'ZH_bbvLscore'], flatten=True, store_size=True, fill_none=True, fill_value=-999.0, pos_start=None, pos_end=None)],
              'btag_mask': [ColOut(collection='events', columns=['matchedGen_ZHbb_bb', 'tt_typeoutZH_b1_pt', 'outZH_b2_pt', 'outZH_b1_score', 'outZH_b2_score', 'outZH_q1_pt', 'outZH_q2_pt', 'outZH_q1_score', 'outZH_q2_score', 'outZH_b1_q_mindr', 'outZH_b2_q_mindr', 'outZH_q_q_dr_nearb1', 'outZH_q_q_dr_nearb2', 'outZH_qq_M_nearb1', 'outZH_qq_M_nearb2', 'outZH_b1_qq_dr', 'outZH_b2_qq_dr', 'outZH_b1qq_M', 'outZH_b2qq_M', 'ZH_b1qq_dr', 'ZH_b2qq_dr', 'ZH_lbb1qq_dr', 'ZH_lbb2qq_dr', 'l_b2_mtb', 'ZH_closeb_invM', 'n_ak8jets', 'n_ak4jets', 'n_ak8_ZHbb', 'outZH_max_ak8pnetMass', 'outZH_b12_m', 'outZH_b12_dr', 'ht_b', 'ht_outZH', 'ak4_bestb_inZH', 'ak4_worstb_inZH', 'nonZHbb_q1_dr', 'nonZHbb_b1_dr', 'inZHb_outZHb_dr', 'ZH_l_dr', 'ZH_l_invM', 'l_b1_invM', 'l_b2_invM', 'l_b1_dr', 'l_b2_dr', 'spher', 'aplan', 'n_b_inZH', 'n_q_inZH', 'n_b_outZH', 'n_q_outZH', 'ZH_bbvLscore'], flatten=True, store_size=True, fill_none=True, fill_value=-999.0, pos_start=None, pos_end=None)]},
'TTbb_Hadronic': {'baseline': [ColOut(collection='events', columns=['matchedGen_ZHbb_bb', 'tt_typeoutZH_b1_pt', 'outZH_b2_pt', 'outZH_b1_score', 'outZH_b2_score', 'outZH_q1_pt', 'outZH_q2_pt', 'outZH_q1_score', 'outZH_q2_score', 'outZH_b1_q_mindr', 'outZH_b2_q_mindr', 'outZH_q_q_dr_nearb1', 'outZH_q_q_dr_nearb2', 'outZH_qq_M_nearb1', 'outZH_qq_M_nearb2', 'outZH_b1_qq_dr', 'outZH_b2_qq_dr', 'outZH_b1qq_M', 'outZH_b2qq_M', 'ZH_b1qq_dr', 'ZH_b2qq_dr', 'ZH_lbb1qq_dr', 'ZH_lbb2qq_dr', 'l_b2_mtb', 'ZH_closeb_invM', 'n_ak8jets', 'n_ak4jets', 'n_ak8_ZHbb', 'outZH_max_ak8pnetMass', 'outZH_b12_m', 'outZH_b12_dr', 'ht_b', 'ht_outZH', 'ak4_bestb_inZH', 'ak4_worstb_inZH', 'nonZHbb_q1_dr', 'nonZHbb_b1_dr', 'inZHb_outZHb_dr', 'ZH_l_dr', 'ZH_l_invM', 'l_b1_invM', 'l_b2_invM', 'l_b1_dr', 'l_b2_dr', 'spher', 'aplan', 'n_b_inZH', 'n_q_inZH', 'n_b_outZH', 'n_q_outZH', 'ZH_bbvLscore'], flatten=True, store_size=True, fill_none=True, fill_value=-999.0, pos_start=None, pos_end=None)],
                 'btag_mask': [ColOut(collection='events', columns=['matchedGen_ZHbb_bb', 'tt_typeoutZH_b1_pt', 'outZH_b2_pt', 'outZH_b1_score', 'outZH_b2_score', 'outZH_q1_pt', 'outZH_q2_pt', 'outZH_q1_score', 'outZH_q2_score', 'outZH_b1_q_mindr', 'outZH_b2_q_mindr', 'outZH_q_q_dr_nearb1', 'outZH_q_q_dr_nearb2', 'outZH_qq_M_nearb1', 'outZH_qq_M_nearb2', 'outZH_b1_qq_dr', 'outZH_b2_qq_dr', 'outZH_b1qq_M', 'outZH_b2qq_M', 'ZH_b1qq_dr', 'ZH_b2qq_dr', 'ZH_lbb1qq_dr', 'ZH_lbb2qq_dr', 'l_b2_mtb', 'ZH_closeb_invM', 'n_ak8jets', 'n_ak4jets', 'n_ak8_ZHbb', 'outZH_max_ak8pnetMass', 'outZH_b12_m', 'outZH_b12_dr', 'ht_b', 'ht_outZH', 'ak4_bestb_inZH', 'ak4_worstb_inZH', 'nonZHbb_q1_dr', 'nonZHbb_b1_dr', 'inZHb_outZHb_dr', 'ZH_l_dr', 'ZH_l_invM', 'l_b1_invM', 'l_b2_invM', 'l_b1_dr', 'l_b2_dr', 'spher', 'aplan', 'n_b_inZH', 'n_q_inZH', 'n_b_outZH', 'n_q_outZH', 'ZH_bbvLscore'], flatten=True, store_size=True, fill_none=True, fill_value=-999.0, pos_start=None, pos_end=None)]},
'TTbb_SemiLeptonic': {'baseline': [ColOut(collection='events', columns=['matchedGen_ZHbb_bb', 'tt_typeoutZH_b1_pt', 'outZH_b2_pt', 'outZH_b1_score', 'outZH_b2_score', 'outZH_q1_pt', 'outZH_q2_pt', 'outZH_q1_score', 'outZH_q2_score', 'outZH_b1_q_mindr', 'outZH_b2_q_mindr', 'outZH_q_q_dr_nearb1', 'outZH_q_q_dr_nearb2', 'outZH_qq_M_nearb1', 'outZH_qq_M_nearb2', 'outZH_b1_qq_dr', 'outZH_b2_qq_dr', 'outZH_b1qq_M', 'outZH_b2qq_M', 'ZH_b1qq_dr', 'ZH_b2qq_dr', 'ZH_lbb1qq_dr', 'ZH_lbb2qq_dr', 'l_b2_mtb', 'ZH_closeb_invM', 'n_ak8jets', 'n_ak4jets', 'n_ak8_ZHbb', 'outZH_max_ak8pnetMass', 'outZH_b12_m', 'outZH_b12_dr', 'ht_b', 'ht_outZH', 'ak4_bestb_inZH', 'ak4_worstb_inZH', 'nonZHbb_q1_dr', 'nonZHbb_b1_dr', 'inZHb_outZHb_dr', 'ZH_l_dr', 'ZH_l_invM', 'l_b1_invM', 'l_b2_invM', 'l_b1_dr', 'l_b2_dr', 'spher', 'aplan', 'n_b_inZH', 'n_q_inZH', 'n_b_outZH', 'n_q_outZH', 'ZH_bbvLscore'], flatten=True, store_size=True, fill_none=True, fill_value=-999.0, pos_start=None, pos_end=None)],
                     'btag_mask': [ColOut(collection='events', columns=['matchedGen_ZHbb_bb', 'tt_typeoutZH_b1_pt', 'outZH_b2_pt', 'outZH_b1_score', 'outZH_b2_score', 'outZH_q1_pt', 'outZH_q2_pt', 'outZH_q1_score', 'outZH_q2_score', 'outZH_b1_q_mindr', 'outZH_b2_q_mindr', 'outZH_q_q_dr_nearb1', 'outZH_q_q_dr_nearb2', 'outZH_qq_M_nearb1', 'outZH_qq_M_nearb2', 'outZH_b1_qq_dr', 'outZH_b2_qq_dr', 'outZH_b1qq_M', 'outZH_b2qq_M', 'ZH_b1qq_dr', 'ZH_b2qq_dr', 'ZH_lbb1qq_dr', 'ZH_lbb2qq_dr', 'l_b2_mtb', 'ZH_closeb_invM', 'n_ak8jets', 'n_ak4jets', 'n_ak8_ZHbb', 'outZH_max_ak8pnetMass', 'outZH_b12_m', 'outZH_b12_dr', 'ht_b', 'ht_outZH', 'ak4_bestb_inZH', 'ak4_worstb_inZH', 'nonZHbb_q1_dr', 'nonZHbb_b1_dr', 'inZHb_outZHb_dr', 'ZH_l_dr', 'ZH_l_invM', 'l_b1_invM', 'l_b2_invM', 'l_b1_dr', 'l_b2_dr', 'spher', 'aplan', 'n_b_inZH', 'n_q_inZH', 'n_b_outZH', 'n_q_outZH', 'ZH_bbvLscore'], flatten=True, store_size=True, fill_none=True, fill_value=-999.0, pos_start=None, pos_end=None)]},
'ttHToNonbb': {'baseline': [ColOut(collection='events', columns=['matchedGen_ZHbb_bb', 'tt_typeoutZH_b1_pt', 'outZH_b2_pt', 'outZH_b1_score', 'outZH_b2_score', 'outZH_q1_pt', 'outZH_q2_pt', 'outZH_q1_score', 'outZH_q2_score', 'outZH_b1_q_mindr', 'outZH_b2_q_mindr', 'outZH_q_q_dr_nearb1', 'outZH_q_q_dr_nearb2', 'outZH_qq_M_nearb1', 'outZH_qq_M_nearb2', 'outZH_b1_qq_dr', 'outZH_b2_qq_dr', 'outZH_b1qq_M', 'outZH_b2qq_M', 'ZH_b1qq_dr', 'ZH_b2qq_dr', 'ZH_lbb1qq_dr', 'ZH_lbb2qq_dr', 'l_b2_mtb', 'ZH_closeb_invM', 'n_ak8jets', 'n_ak4jets', 'n_ak8_ZHbb', 'outZH_max_ak8pnetMass', 'outZH_b12_m', 'outZH_b12_dr', 'ht_b', 'ht_outZH', 'ak4_bestb_inZH', 'ak4_worstb_inZH', 'nonZHbb_q1_dr', 'nonZHbb_b1_dr', 'inZHb_outZHb_dr', 'ZH_l_dr', 'ZH_l_invM', 'l_b1_invM', 'l_b2_invM', 'l_b1_dr', 'l_b2_dr', 'spher', 'aplan', 'n_b_inZH', 'n_q_inZH', 'n_b_outZH', 'n_q_outZH', 'ZH_bbvLscore'], flatten=True, store_size=True, fill_none=True, fill_value=-999.0, pos_start=None, pos_end=None)],
              'btag_mask': [ColOut(collection='events', columns=['matchedGen_ZHbb_bb', 'tt_typeoutZH_b1_pt', 'outZH_b2_pt', 'outZH_b1_score', 'outZH_b2_score', 'outZH_q1_pt', 'outZH_q2_pt', 'outZH_q1_score', 'outZH_q2_score', 'outZH_b1_q_mindr', 'outZH_b2_q_mindr', 'outZH_q_q_dr_nearb1', 'outZH_q_q_dr_nearb2', 'outZH_qq_M_nearb1', 'outZH_qq_M_nearb2', 'outZH_b1_qq_dr', 'outZH_b2_qq_dr', 'outZH_b1qq_M', 'outZH_b2qq_M', 'ZH_b1qq_dr', 'ZH_b2qq_dr', 'ZH_lbb1qq_dr', 'ZH_lbb2qq_dr', 'l_b2_mtb', 'ZH_closeb_invM', 'n_ak8jets', 'n_ak4jets', 'n_ak8_ZHbb', 'outZH_max_ak8pnetMass', 'outZH_b12_m', 'outZH_b12_dr', 'ht_b', 'ht_outZH', 'ak4_bestb_inZH', 'ak4_worstb_inZH', 'nonZHbb_q1_dr', 'nonZHbb_b1_dr', 'inZHb_outZHb_dr', 'ZH_l_dr', 'ZH_l_invM', 'l_b1_invM', 'l_b2_invM', 'l_b1_dr', 'l_b2_dr', 'spher', 'aplan', 'n_b_inZH', 'n_q_inZH', 'n_b_outZH', 'n_q_outZH', 'ZH_bbvLscore'], flatten=True, store_size=True, fill_none=True, fill_value=-999.0, pos_start=None, pos_end=None)]},
'ttHTobb': {'baseline': [ColOut(collection='events', columns=['matchedGen_ZHbb_bb', 'tt_typeoutZH_b1_pt', 'outZH_b2_pt', 'outZH_b1_score', 'outZH_b2_score', 'outZH_q1_pt', 'outZH_q2_pt', 'outZH_q1_score', 'outZH_q2_score', 'outZH_b1_q_mindr', 'outZH_b2_q_mindr', 'outZH_q_q_dr_nearb1', 'outZH_q_q_dr_nearb2', 'outZH_qq_M_nearb1', 'outZH_qq_M_nearb2', 'outZH_b1_qq_dr', 'outZH_b2_qq_dr', 'outZH_b1qq_M', 'outZH_b2qq_M', 'ZH_b1qq_dr', 'ZH_b2qq_dr', 'ZH_lbb1qq_dr', 'ZH_lbb2qq_dr', 'l_b2_mtb', 'ZH_closeb_invM', 'n_ak8jets', 'n_ak4jets', 'n_ak8_ZHbb', 'outZH_max_ak8pnetMass', 'outZH_b12_m', 'outZH_b12_dr', 'ht_b', 'ht_outZH', 'ak4_bestb_inZH', 'ak4_worstb_inZH', 'nonZHbb_q1_dr', 'nonZHbb_b1_dr', 'inZHb_outZHb_dr', 'ZH_l_dr', 'ZH_l_invM', 'l_b1_invM', 'l_b2_invM', 'l_b1_dr', 'l_b2_dr', 'spher', 'aplan', 'n_b_inZH', 'n_q_inZH', 'n_b_outZH', 'n_q_outZH', 'ZH_bbvLscore'], flatten=True, store_size=True, fill_none=True, fill_value=-999.0, pos_start=None, pos_end=None)],
           'btag_mask': [ColOut(collection='events', columns=['matchedGen_ZHbb_bb', 'tt_typeoutZH_b1_pt', 'outZH_b2_pt', 'outZH_b1_score', 'outZH_b2_score', 'outZH_q1_pt', 'outZH_q2_pt', 'outZH_q1_score', 'outZH_q2_score', 'outZH_b1_q_mindr', 'outZH_b2_q_mindr', 'outZH_q_q_dr_nearb1', 'outZH_q_q_dr_nearb2', 'outZH_qq_M_nearb1', 'outZH_qq_M_nearb2', 'outZH_b1_qq_dr', 'outZH_b2_qq_dr', 'outZH_b1qq_M', 'outZH_b2qq_M', 'ZH_b1qq_dr', 'ZH_b2qq_dr', 'ZH_lbb1qq_dr', 'ZH_lbb2qq_dr', 'l_b2_mtb', 'ZH_closeb_invM', 'n_ak8jets', 'n_ak4jets', 'n_ak8_ZHbb', 'outZH_max_ak8pnetMass', 'outZH_b12_m', 'outZH_b12_dr', 'ht_b', 'ht_outZH', 'ak4_bestb_inZH', 'ak4_worstb_inZH', 'nonZHbb_q1_dr', 'nonZHbb_b1_dr', 'inZHb_outZHb_dr', 'ZH_l_dr', 'ZH_l_invM', 'l_b1_invM', 'l_b2_invM', 'l_b1_dr', 'l_b2_dr', 'spher', 'aplan', 'n_b_inZH', 'n_q_inZH', 'n_b_outZH', 'n_q_outZH', 'ZH_bbvLscore'], flatten=True, store_size=True, fill_none=True, fill_value=-999.0, pos_start=None, pos_end=None)]}}
  - available weights variations: {'TTTo2L2Nu': ['nominal', 'pileup'],
'TTToHadronic': ['nominal', 'pileup'],
'TTToSemiLeptonic': ['nominal', 'pileup'],
'TTZToBB': ['nominal', 'pileup'],
'TTZToLLNuNu': ['nominal', 'pileup'],
'TTZToQQ': ['nominal', 'pileup'],
'TTbb_2L2Nu': ['nominal', 'pileup'],
'TTbb_Hadronic': ['nominal', 'pileup'],
'TTbb_SemiLeptonic': ['nominal', 'pileup'],
'ttHToNonbb': ['nominal', 'pileup'],
'ttHTobb': ['nominal', 'pileup']} 
  - available shape variations: {'TTTo2L2Nu': [],
'TTToHadronic': [],
'TTToSemiLeptonic': [],
'TTZToBB': [],
'TTZToLLNuNu': [],
'TTZToQQ': [],
'TTbb_2L2Nu': [],
'TTbb_Hadronic': [],
'TTbb_SemiLeptonic': [],
'ttHToNonbb': [],
'ttHTobb': []}
[INFO    ] Configurator instance:
  - Workflow: <class 'zhbbworkflow.ZHbbBaseProcessor'>
  - Workflow options: {}
  - N. datasets: 11 
   -- Dataset: ttHTobb_M125_M125_2017,  Sample: ttHTobb, N. files: 46, N. events: 7825000
   -- Dataset: ttHToNonbb_M125_M125_2017,  Sample: ttHToNonbb, N. files: 35, N. events: 5070989
   -- Dataset: TTZToBB__2017,  Sample: TTZToBB, N. files: 26, N. events: 7074000
   -- Dataset: TTZToQQ__2017,  Sample: TTZToQQ, N. files: 35, N. events: 13822000
   -- Dataset: TTZToLLNuNu__2017,  Sample: TTZToLLNuNu, N. files: 19, N. events: 14036000
   -- Dataset: TTbb_Hadronic__2017,  Sample: TTbb_Hadronic, N. files: 9, N. events: 5694656
   -- Dataset: TTbb_2L2Nu__2017,  Sample: TTbb_2L2Nu, N. files: 7, N. events: 3472503
   -- Dataset: TTbb_SemiLeptonic__2017,  Sample: TTbb_SemiLeptonic, N. files: 12, N. events: 7318891
   -- Dataset: TTToHadronic__2017,  Sample: TTToHadronic, N. files: 199, N. events: 232999999
   -- Dataset: TTTo2L2Nu__2017,  Sample: TTTo2L2Nu, N. files: 99, N. events: 106724000
   -- Dataset: TTToSemiLeptonic__2017,  Sample: TTToSemiLeptonic, N. files: 297, N. events: 346052000
  - Subsamples:
   -- Sample ttHTobb: StandardSelection ['ttHTobb'], (1 categories)
   -- Sample ttHToNonbb: StandardSelection ['ttHToNonbb'], (1 categories)
   -- Sample TTZToBB: StandardSelection ['TTZToBB'], (1 categories)
   -- Sample TTZToQQ: StandardSelection ['TTZToQQ'], (1 categories)
   -- Sample TTZToLLNuNu: StandardSelection ['TTZToLLNuNu'], (1 categories)
   -- Sample TTbb_Hadronic: StandardSelection ['TTbb_Hadronic'], (1 categories)
   -- Sample TTbb_2L2Nu: StandardSelection ['TTbb_2L2Nu'], (1 categories)
   -- Sample TTbb_SemiLeptonic: StandardSelection ['TTbb_SemiLeptonic'], (1 categories)
   -- Sample TTToHadronic: StandardSelection ['TTToHadronic'], (1 categories)
   -- Sample TTTo2L2Nu: StandardSelection ['TTTo2L2Nu'], (1 categories)
   -- Sample TTToSemiLeptonic: StandardSelection ['TTToSemiLeptonic'], (1 categories)
  - Skim: ['preSkimCut']
  - Preselection: ['eventSelection']
  - Categories: StandardSelection ['baseline', 'btag_mask'], (2 categories)
  - Variables:  ['mAK8', 'zhbbtag', 'zhbbtag_sorted', 'outZH_b1_pt']
  - Columns: {'TTTo2L2Nu': {'baseline': [ColOut(collection='events', columns=['matchedGen_ZHbb_bb', 'tt_type', 'outZH_b1_pt', 'outZH_b2_pt', 'outZH_b1_score', 'outZH_b2_score', 'outZH_q1_pt', 'outZH_q2_pt', 'outZH_q1_score', 'outZH_q2_score', 'outZH_b1_q_mindr', 'outZH_b2_q_mindr', 'outZH_q_q_dr_nearb1', 'outZH_q_q_dr_nearb2', 'outZH_qq_M_nearb1', 'outZH_qq_M_nearb2', 'outZH_b1_qq_dr', 'outZH_b2_qq_dr', 'outZH_b1qq_M', 'outZH_b2qq_M', 'ZH_b1qq_dr', 'ZH_b2qq_dr', 'ZH_lbb1qq_dr', 'ZH_lbb2qq_dr', 'l_b2_mtb', 'ZH_closeb_invM', 'n_ak8jets', 'n_ak4jets', 'n_ak8_ZHbb', 'outZH_max_ak8pnetMass', 'outZH_b12_m', 'outZH_b12_dr', 'ht_b', 'ht_outZH', 'ak4_bestb_inZH', 'ak4_worstb_inZH', 'nonZHbb_q1_dr', 'nonZHbb_b1_dr', 'inZHb_outZHb_dr', 'ZH_l_dr', 'ZH_l_invM', 'l_b1_invM', 'l_b2_invM', 'l_b1_dr', 'l_b2_dr', 'spher', 'aplan', 'n_b_inZH', 'n_q_inZH', 'n_b_outZH', 'n_q_outZH', 'ZH_bbvLscore'], flatten=True, store_size=True, fill_none=True, fill_value=-999.0, pos_start=None, pos_end=None)],
             'btag_mask': [ColOut(collection='events', columns=['matchedGen_ZHbb_bb', 'tt_type', 'outZH_b1_pt', 'outZH_b2_pt', 'outZH_b1_score', 'outZH_b2_score', 'outZH_q1_pt', 'outZH_q2_pt', 'outZH_q1_score', 'outZH_q2_score', 'outZH_b1_q_mindr', 'outZH_b2_q_mindr', 'outZH_q_q_dr_nearb1', 'outZH_q_q_dr_nearb2', 'outZH_qq_M_nearb1', 'outZH_qq_M_nearb2', 'outZH_b1_qq_dr', 'outZH_b2_qq_dr', 'outZH_b1qq_M', 'outZH_b2qq_M', 'ZH_b1qq_dr', 'ZH_b2qq_dr', 'ZH_lbb1qq_dr', 'ZH_lbb2qq_dr', 'l_b2_mtb', 'ZH_closeb_invM', 'n_ak8jets', 'n_ak4jets', 'n_ak8_ZHbb', 'outZH_max_ak8pnetMass', 'outZH_b12_m', 'outZH_b12_dr', 'ht_b', 'ht_outZH', 'ak4_bestb_inZH', 'ak4_worstb_inZH', 'nonZHbb_q1_dr', 'nonZHbb_b1_dr', 'inZHb_outZHb_dr', 'ZH_l_dr', 'ZH_l_invM', 'l_b1_invM', 'l_b2_invM', 'l_b1_dr', 'l_b2_dr', 'spher', 'aplan', 'n_b_inZH', 'n_q_inZH', 'n_b_outZH', 'n_q_outZH', 'ZH_bbvLscore'], flatten=True, store_size=True, fill_none=True, fill_value=-999.0, pos_start=None, pos_end=None)]},
'TTToHadronic': {'baseline': [ColOut(collection='events', columns=['matchedGen_ZHbb_bb', 'tt_type', 'outZH_b1_pt', 'outZH_b2_pt', 'outZH_b1_score', 'outZH_b2_score', 'outZH_q1_pt', 'outZH_q2_pt', 'outZH_q1_score', 'outZH_q2_score', 'outZH_b1_q_mindr', 'outZH_b2_q_mindr', 'outZH_q_q_dr_nearb1', 'outZH_q_q_dr_nearb2', 'outZH_qq_M_nearb1', 'outZH_qq_M_nearb2', 'outZH_b1_qq_dr', 'outZH_b2_qq_dr', 'outZH_b1qq_M', 'outZH_b2qq_M', 'ZH_b1qq_dr', 'ZH_b2qq_dr', 'ZH_lbb1qq_dr', 'ZH_lbb2qq_dr', 'l_b2_mtb', 'ZH_closeb_invM', 'n_ak8jets', 'n_ak4jets', 'n_ak8_ZHbb', 'outZH_max_ak8pnetMass', 'outZH_b12_m', 'outZH_b12_dr', 'ht_b', 'ht_outZH', 'ak4_bestb_inZH', 'ak4_worstb_inZH', 'nonZHbb_q1_dr', 'nonZHbb_b1_dr', 'inZHb_outZHb_dr', 'ZH_l_dr', 'ZH_l_invM', 'l_b1_invM', 'l_b2_invM', 'l_b1_dr', 'l_b2_dr', 'spher', 'aplan', 'n_b_inZH', 'n_q_inZH', 'n_b_outZH', 'n_q_outZH', 'ZH_bbvLscore'], flatten=True, store_size=True, fill_none=True, fill_value=-999.0, pos_start=None, pos_end=None)],
                'btag_mask': [ColOut(collection='events', columns=['matchedGen_ZHbb_bb', 'tt_type', 'outZH_b1_pt', 'outZH_b2_pt', 'outZH_b1_score', 'outZH_b2_score', 'outZH_q1_pt', 'outZH_q2_pt', 'outZH_q1_score', 'outZH_q2_score', 'outZH_b1_q_mindr', 'outZH_b2_q_mindr', 'outZH_q_q_dr_nearb1', 'outZH_q_q_dr_nearb2', 'outZH_qq_M_nearb1', 'outZH_qq_M_nearb2', 'outZH_b1_qq_dr', 'outZH_b2_qq_dr', 'outZH_b1qq_M', 'outZH_b2qq_M', 'ZH_b1qq_dr', 'ZH_b2qq_dr', 'ZH_lbb1qq_dr', 'ZH_lbb2qq_dr', 'l_b2_mtb', 'ZH_closeb_invM', 'n_ak8jets', 'n_ak4jets', 'n_ak8_ZHbb', 'outZH_max_ak8pnetMass', 'outZH_b12_m', 'outZH_b12_dr', 'ht_b', 'ht_outZH', 'ak4_bestb_inZH', 'ak4_worstb_inZH', 'nonZHbb_q1_dr', 'nonZHbb_b1_dr', 'inZHb_outZHb_dr', 'ZH_l_dr', 'ZH_l_invM', 'l_b1_invM', 'l_b2_invM', 'l_b1_dr', 'l_b2_dr', 'spher', 'aplan', 'n_b_inZH', 'n_q_inZH', 'n_b_outZH', 'n_q_outZH', 'ZH_bbvLscore'], flatten=True, store_size=True, fill_none=True, fill_value=-999.0, pos_start=None, pos_end=None)]},
'TTToSemiLeptonic': {'baseline': [ColOut(collection='events', columns=['matchedGen_ZHbb_bb', 'tt_type', 'outZH_b1_pt', 'outZH_b2_pt', 'outZH_b1_score', 'outZH_b2_score', 'outZH_q1_pt', 'outZH_q2_pt', 'outZH_q1_score', 'outZH_q2_score', 'outZH_b1_q_mindr', 'outZH_b2_q_mindr', 'outZH_q_q_dr_nearb1', 'outZH_q_q_dr_nearb2', 'outZH_qq_M_nearb1', 'outZH_qq_M_nearb2', 'outZH_b1_qq_dr', 'outZH_b2_qq_dr', 'outZH_b1qq_M', 'outZH_b2qq_M', 'ZH_b1qq_dr', 'ZH_b2qq_dr', 'ZH_lbb1qq_dr', 'ZH_lbb2qq_dr', 'l_b2_mtb', 'ZH_closeb_invM', 'n_ak8jets', 'n_ak4jets', 'n_ak8_ZHbb', 'outZH_max_ak8pnetMass', 'outZH_b12_m', 'outZH_b12_dr', 'ht_b', 'ht_outZH', 'ak4_bestb_inZH', 'ak4_worstb_inZH', 'nonZHbb_q1_dr', 'nonZHbb_b1_dr', 'inZHb_outZHb_dr', 'ZH_l_dr', 'ZH_l_invM', 'l_b1_invM', 'l_b2_invM', 'l_b1_dr', 'l_b2_dr', 'spher', 'aplan', 'n_b_inZH', 'n_q_inZH', 'n_b_outZH', 'n_q_outZH', 'ZH_bbvLscore'], flatten=True, store_size=True, fill_none=True, fill_value=-999.0, pos_start=None, pos_end=None)],
                    'btag_mask': [ColOut(collection='events', columns=['matchedGen_ZHbb_bb', 'tt_type', 'outZH_b1_pt', 'outZH_b2_pt', 'outZH_b1_score', 'outZH_b2_score', 'outZH_q1_pt', 'outZH_q2_pt', 'outZH_q1_score', 'outZH_q2_score', 'outZH_b1_q_mindr', 'outZH_b2_q_mindr', 'outZH_q_q_dr_nearb1', 'outZH_q_q_dr_nearb2', 'outZH_qq_M_nearb1', 'outZH_qq_M_nearb2', 'outZH_b1_qq_dr', 'outZH_b2_qq_dr', 'outZH_b1qq_M', 'outZH_b2qq_M', 'ZH_b1qq_dr', 'ZH_b2qq_dr', 'ZH_lbb1qq_dr', 'ZH_lbb2qq_dr', 'l_b2_mtb', 'ZH_closeb_invM', 'n_ak8jets', 'n_ak4jets', 'n_ak8_ZHbb', 'outZH_max_ak8pnetMass', 'outZH_b12_m', 'outZH_b12_dr', 'ht_b', 'ht_outZH', 'ak4_bestb_inZH', 'ak4_worstb_inZH', 'nonZHbb_q1_dr', 'nonZHbb_b1_dr', 'inZHb_outZHb_dr', 'ZH_l_dr', 'ZH_l_invM', 'l_b1_invM', 'l_b2_invM', 'l_b1_dr', 'l_b2_dr', 'spher', 'aplan', 'n_b_inZH', 'n_q_inZH', 'n_b_outZH', 'n_q_outZH', 'ZH_bbvLscore'], flatten=True, store_size=True, fill_none=True, fill_value=-999.0, pos_start=None, pos_end=None)]},
'TTZToBB': {'baseline': [ColOut(collection='events', columns=['matchedGen_ZHbb_bb', 'tt_type', 'outZH_b1_pt', 'outZH_b2_pt', 'outZH_b1_score', 'outZH_b2_score', 'outZH_q1_pt', 'outZH_q2_pt', 'outZH_q1_score', 'outZH_q2_score', 'outZH_b1_q_mindr', 'outZH_b2_q_mindr', 'outZH_q_q_dr_nearb1', 'outZH_q_q_dr_nearb2', 'outZH_qq_M_nearb1', 'outZH_qq_M_nearb2', 'outZH_b1_qq_dr', 'outZH_b2_qq_dr', 'outZH_b1qq_M', 'outZH_b2qq_M', 'ZH_b1qq_dr', 'ZH_b2qq_dr', 'ZH_lbb1qq_dr', 'ZH_lbb2qq_dr', 'l_b2_mtb', 'ZH_closeb_invM', 'n_ak8jets', 'n_ak4jets', 'n_ak8_ZHbb', 'outZH_max_ak8pnetMass', 'outZH_b12_m', 'outZH_b12_dr', 'ht_b', 'ht_outZH', 'ak4_bestb_inZH', 'ak4_worstb_inZH', 'nonZHbb_q1_dr', 'nonZHbb_b1_dr', 'inZHb_outZHb_dr', 'ZH_l_dr', 'ZH_l_invM', 'l_b1_invM', 'l_b2_invM', 'l_b1_dr', 'l_b2_dr', 'spher', 'aplan', 'n_b_inZH', 'n_q_inZH', 'n_b_outZH', 'n_q_outZH', 'ZH_bbvLscore'], flatten=True, store_size=True, fill_none=True, fill_value=-999.0, pos_start=None, pos_end=None)],
           'btag_mask': [ColOut(collection='events', columns=['matchedGen_ZHbb_bb', 'tt_type', 'outZH_b1_pt', 'outZH_b2_pt', 'outZH_b1_score', 'outZH_b2_score', 'outZH_q1_pt', 'outZH_q2_pt', 'outZH_q1_score', 'outZH_q2_score', 'outZH_b1_q_mindr', 'outZH_b2_q_mindr', 'outZH_q_q_dr_nearb1', 'outZH_q_q_dr_nearb2', 'outZH_qq_M_nearb1', 'outZH_qq_M_nearb2', 'outZH_b1_qq_dr', 'outZH_b2_qq_dr', 'outZH_b1qq_M', 'outZH_b2qq_M', 'ZH_b1qq_dr', 'ZH_b2qq_dr', 'ZH_lbb1qq_dr', 'ZH_lbb2qq_dr', 'l_b2_mtb', 'ZH_closeb_invM', 'n_ak8jets', 'n_ak4jets', 'n_ak8_ZHbb', 'outZH_max_ak8pnetMass', 'outZH_b12_m', 'outZH_b12_dr', 'ht_b', 'ht_outZH', 'ak4_bestb_inZH', 'ak4_worstb_inZH', 'nonZHbb_q1_dr', 'nonZHbb_b1_dr', 'inZHb_outZHb_dr', 'ZH_l_dr', 'ZH_l_invM', 'l_b1_invM', 'l_b2_invM', 'l_b1_dr', 'l_b2_dr', 'spher', 'aplan', 'n_b_inZH', 'n_q_inZH', 'n_b_outZH', 'n_q_outZH', 'ZH_bbvLscore'], flatten=True, store_size=True, fill_none=True, fill_value=-999.0, pos_start=None, pos_end=None)]},
'TTZToLLNuNu': {'baseline': [ColOut(collection='events', columns=['matchedGen_ZHbb_bb', 'tt_type', 'outZH_b1_pt', 'outZH_b2_pt', 'outZH_b1_score', 'outZH_b2_score', 'outZH_q1_pt', 'outZH_q2_pt', 'outZH_q1_score', 'outZH_q2_score', 'outZH_b1_q_mindr', 'outZH_b2_q_mindr', 'outZH_q_q_dr_nearb1', 'outZH_q_q_dr_nearb2', 'outZH_qq_M_nearb1', 'outZH_qq_M_nearb2', 'outZH_b1_qq_dr', 'outZH_b2_qq_dr', 'outZH_b1qq_M', 'outZH_b2qq_M', 'ZH_b1qq_dr', 'ZH_b2qq_dr', 'ZH_lbb1qq_dr', 'ZH_lbb2qq_dr', 'l_b2_mtb', 'ZH_closeb_invM', 'n_ak8jets', 'n_ak4jets', 'n_ak8_ZHbb', 'outZH_max_ak8pnetMass', 'outZH_b12_m', 'outZH_b12_dr', 'ht_b', 'ht_outZH', 'ak4_bestb_inZH', 'ak4_worstb_inZH', 'nonZHbb_q1_dr', 'nonZHbb_b1_dr', 'inZHb_outZHb_dr', 'ZH_l_dr', 'ZH_l_invM', 'l_b1_invM', 'l_b2_invM', 'l_b1_dr', 'l_b2_dr', 'spher', 'aplan', 'n_b_inZH', 'n_q_inZH', 'n_b_outZH', 'n_q_outZH', 'ZH_bbvLscore'], flatten=True, store_size=True, fill_none=True, fill_value=-999.0, pos_start=None, pos_end=None)],
               'btag_mask': [ColOut(collection='events', columns=['matchedGen_ZHbb_bb', 'tt_type', 'outZH_b1_pt', 'outZH_b2_pt', 'outZH_b1_score', 'outZH_b2_score', 'outZH_q1_pt', 'outZH_q2_pt', 'outZH_q1_score', 'outZH_q2_score', 'outZH_b1_q_mindr', 'outZH_b2_q_mindr', 'outZH_q_q_dr_nearb1', 'outZH_q_q_dr_nearb2', 'outZH_qq_M_nearb1', 'outZH_qq_M_nearb2', 'outZH_b1_qq_dr', 'outZH_b2_qq_dr', 'outZH_b1qq_M', 'outZH_b2qq_M', 'ZH_b1qq_dr', 'ZH_b2qq_dr', 'ZH_lbb1qq_dr', 'ZH_lbb2qq_dr', 'l_b2_mtb', 'ZH_closeb_invM', 'n_ak8jets', 'n_ak4jets', 'n_ak8_ZHbb', 'outZH_max_ak8pnetMass', 'outZH_b12_m', 'outZH_b12_dr', 'ht_b', 'ht_outZH', 'ak4_bestb_inZH', 'ak4_worstb_inZH', 'nonZHbb_q1_dr', 'nonZHbb_b1_dr', 'inZHb_outZHb_dr', 'ZH_l_dr', 'ZH_l_invM', 'l_b1_invM', 'l_b2_invM', 'l_b1_dr', 'l_b2_dr', 'spher', 'aplan', 'n_b_inZH', 'n_q_inZH', 'n_b_outZH', 'n_q_outZH', 'ZH_bbvLscore'], flatten=True, store_size=True, fill_none=True, fill_value=-999.0, pos_start=None, pos_end=None)]},
'TTZToQQ': {'baseline': [ColOut(collection='events', columns=['matchedGen_ZHbb_bb', 'tt_type', 'outZH_b1_pt', 'outZH_b2_pt', 'outZH_b1_score', 'outZH_b2_score', 'outZH_q1_pt', 'outZH_q2_pt', 'outZH_q1_score', 'outZH_q2_score', 'outZH_b1_q_mindr', 'outZH_b2_q_mindr', 'outZH_q_q_dr_nearb1', 'outZH_q_q_dr_nearb2', 'outZH_qq_M_nearb1', 'outZH_qq_M_nearb2', 'outZH_b1_qq_dr', 'outZH_b2_qq_dr', 'outZH_b1qq_M', 'outZH_b2qq_M', 'ZH_b1qq_dr', 'ZH_b2qq_dr', 'ZH_lbb1qq_dr', 'ZH_lbb2qq_dr', 'l_b2_mtb', 'ZH_closeb_invM', 'n_ak8jets', 'n_ak4jets', 'n_ak8_ZHbb', 'outZH_max_ak8pnetMass', 'outZH_b12_m', 'outZH_b12_dr', 'ht_b', 'ht_outZH', 'ak4_bestb_inZH', 'ak4_worstb_inZH', 'nonZHbb_q1_dr', 'nonZHbb_b1_dr', 'inZHb_outZHb_dr', 'ZH_l_dr', 'ZH_l_invM', 'l_b1_invM', 'l_b2_invM', 'l_b1_dr', 'l_b2_dr', 'spher', 'aplan', 'n_b_inZH', 'n_q_inZH', 'n_b_outZH', 'n_q_outZH', 'ZH_bbvLscore'], flatten=True, store_size=True, fill_none=True, fill_value=-999.0, pos_start=None, pos_end=None)],
           'btag_mask': [ColOut(collection='events', columns=['matchedGen_ZHbb_bb', 'tt_type', 'outZH_b1_pt', 'outZH_b2_pt', 'outZH_b1_score', 'outZH_b2_score', 'outZH_q1_pt', 'outZH_q2_pt', 'outZH_q1_score', 'outZH_q2_score', 'outZH_b1_q_mindr', 'outZH_b2_q_mindr', 'outZH_q_q_dr_nearb1', 'outZH_q_q_dr_nearb2', 'outZH_qq_M_nearb1', 'outZH_qq_M_nearb2', 'outZH_b1_qq_dr', 'outZH_b2_qq_dr', 'outZH_b1qq_M', 'outZH_b2qq_M', 'ZH_b1qq_dr', 'ZH_b2qq_dr', 'ZH_lbb1qq_dr', 'ZH_lbb2qq_dr', 'l_b2_mtb', 'ZH_closeb_invM', 'n_ak8jets', 'n_ak4jets', 'n_ak8_ZHbb', 'outZH_max_ak8pnetMass', 'outZH_b12_m', 'outZH_b12_dr', 'ht_b', 'ht_outZH', 'ak4_bestb_inZH', 'ak4_worstb_inZH', 'nonZHbb_q1_dr', 'nonZHbb_b1_dr', 'inZHb_outZHb_dr', 'ZH_l_dr', 'ZH_l_invM', 'l_b1_invM', 'l_b2_invM', 'l_b1_dr', 'l_b2_dr', 'spher', 'aplan', 'n_b_inZH', 'n_q_inZH', 'n_b_outZH', 'n_q_outZH', 'ZH_bbvLscore'], flatten=True, store_size=True, fill_none=True, fill_value=-999.0, pos_start=None, pos_end=None)]},
'TTbb_2L2Nu': {'baseline': [ColOut(collection='events', columns=['matchedGen_ZHbb_bb', 'tt_type', 'outZH_b1_pt', 'outZH_b2_pt', 'outZH_b1_score', 'outZH_b2_score', 'outZH_q1_pt', 'outZH_q2_pt', 'outZH_q1_score', 'outZH_q2_score', 'outZH_b1_q_mindr', 'outZH_b2_q_mindr', 'outZH_q_q_dr_nearb1', 'outZH_q_q_dr_nearb2', 'outZH_qq_M_nearb1', 'outZH_qq_M_nearb2', 'outZH_b1_qq_dr', 'outZH_b2_qq_dr', 'outZH_b1qq_M', 'outZH_b2qq_M', 'ZH_b1qq_dr', 'ZH_b2qq_dr', 'ZH_lbb1qq_dr', 'ZH_lbb2qq_dr', 'l_b2_mtb', 'ZH_closeb_invM', 'n_ak8jets', 'n_ak4jets', 'n_ak8_ZHbb', 'outZH_max_ak8pnetMass', 'outZH_b12_m', 'outZH_b12_dr', 'ht_b', 'ht_outZH', 'ak4_bestb_inZH', 'ak4_worstb_inZH', 'nonZHbb_q1_dr', 'nonZHbb_b1_dr', 'inZHb_outZHb_dr', 'ZH_l_dr', 'ZH_l_invM', 'l_b1_invM', 'l_b2_invM', 'l_b1_dr', 'l_b2_dr', 'spher', 'aplan', 'n_b_inZH', 'n_q_inZH', 'n_b_outZH', 'n_q_outZH', 'ZH_bbvLscore'], flatten=True, store_size=True, fill_none=True, fill_value=-999.0, pos_start=None, pos_end=None)],
              'btag_mask': [ColOut(collection='events', columns=['matchedGen_ZHbb_bb', 'tt_type', 'outZH_b1_pt', 'outZH_b2_pt', 'outZH_b1_score', 'outZH_b2_score', 'outZH_q1_pt', 'outZH_q2_pt', 'outZH_q1_score', 'outZH_q2_score', 'outZH_b1_q_mindr', 'outZH_b2_q_mindr', 'outZH_q_q_dr_nearb1', 'outZH_q_q_dr_nearb2', 'outZH_qq_M_nearb1', 'outZH_qq_M_nearb2', 'outZH_b1_qq_dr', 'outZH_b2_qq_dr', 'outZH_b1qq_M', 'outZH_b2qq_M', 'ZH_b1qq_dr', 'ZH_b2qq_dr', 'ZH_lbb1qq_dr', 'ZH_lbb2qq_dr', 'l_b2_mtb', 'ZH_closeb_invM', 'n_ak8jets', 'n_ak4jets', 'n_ak8_ZHbb', 'outZH_max_ak8pnetMass', 'outZH_b12_m', 'outZH_b12_dr', 'ht_b', 'ht_outZH', 'ak4_bestb_inZH', 'ak4_worstb_inZH', 'nonZHbb_q1_dr', 'nonZHbb_b1_dr', 'inZHb_outZHb_dr', 'ZH_l_dr', 'ZH_l_invM', 'l_b1_invM', 'l_b2_invM', 'l_b1_dr', 'l_b2_dr', 'spher', 'aplan', 'n_b_inZH', 'n_q_inZH', 'n_b_outZH', 'n_q_outZH', 'ZH_bbvLscore'], flatten=True, store_size=True, fill_none=True, fill_value=-999.0, pos_start=None, pos_end=None)]},
'TTbb_Hadronic': {'baseline': [ColOut(collection='events', columns=['matchedGen_ZHbb_bb', 'tt_type', 'outZH_b1_pt', 'outZH_b2_pt', 'outZH_b1_score', 'outZH_b2_score', 'outZH_q1_pt', 'outZH_q2_pt', 'outZH_q1_score', 'outZH_q2_score', 'outZH_b1_q_mindr', 'outZH_b2_q_mindr', 'outZH_q_q_dr_nearb1', 'outZH_q_q_dr_nearb2', 'outZH_qq_M_nearb1', 'outZH_qq_M_nearb2', 'outZH_b1_qq_dr', 'outZH_b2_qq_dr', 'outZH_b1qq_M', 'outZH_b2qq_M', 'ZH_b1qq_dr', 'ZH_b2qq_dr', 'ZH_lbb1qq_dr', 'ZH_lbb2qq_dr', 'l_b2_mtb', 'ZH_closeb_invM', 'n_ak8jets', 'n_ak4jets', 'n_ak8_ZHbb', 'outZH_max_ak8pnetMass', 'outZH_b12_m', 'outZH_b12_dr', 'ht_b', 'ht_outZH', 'ak4_bestb_inZH', 'ak4_worstb_inZH', 'nonZHbb_q1_dr', 'nonZHbb_b1_dr', 'inZHb_outZHb_dr', 'ZH_l_dr', 'ZH_l_invM', 'l_b1_invM', 'l_b2_invM', 'l_b1_dr', 'l_b2_dr', 'spher', 'aplan', 'n_b_inZH', 'n_q_inZH', 'n_b_outZH', 'n_q_outZH', 'ZH_bbvLscore'], flatten=True, store_size=True, fill_none=True, fill_value=-999.0, pos_start=None, pos_end=None)],
                 'btag_mask': [ColOut(collection='events', columns=['matchedGen_ZHbb_bb', 'tt_type', 'outZH_b1_pt', 'outZH_b2_pt', 'outZH_b1_score', 'outZH_b2_score', 'outZH_q1_pt', 'outZH_q2_pt', 'outZH_q1_score', 'outZH_q2_score', 'outZH_b1_q_mindr', 'outZH_b2_q_mindr', 'outZH_q_q_dr_nearb1', 'outZH_q_q_dr_nearb2', 'outZH_qq_M_nearb1', 'outZH_qq_M_nearb2', 'outZH_b1_qq_dr', 'outZH_b2_qq_dr', 'outZH_b1qq_M', 'outZH_b2qq_M', 'ZH_b1qq_dr', 'ZH_b2qq_dr', 'ZH_lbb1qq_dr', 'ZH_lbb2qq_dr', 'l_b2_mtb', 'ZH_closeb_invM', 'n_ak8jets', 'n_ak4jets', 'n_ak8_ZHbb', 'outZH_max_ak8pnetMass', 'outZH_b12_m', 'outZH_b12_dr', 'ht_b', 'ht_outZH', 'ak4_bestb_inZH', 'ak4_worstb_inZH', 'nonZHbb_q1_dr', 'nonZHbb_b1_dr', 'inZHb_outZHb_dr', 'ZH_l_dr', 'ZH_l_invM', 'l_b1_invM', 'l_b2_invM', 'l_b1_dr', 'l_b2_dr', 'spher', 'aplan', 'n_b_inZH', 'n_q_inZH', 'n_b_outZH', 'n_q_outZH', 'ZH_bbvLscore'], flatten=True, store_size=True, fill_none=True, fill_value=-999.0, pos_start=None, pos_end=None)]},
'TTbb_SemiLeptonic': {'baseline': [ColOut(collection='events', columns=['matchedGen_ZHbb_bb', 'tt_type', 'outZH_b1_pt', 'outZH_b2_pt', 'outZH_b1_score', 'outZH_b2_score', 'outZH_q1_pt', 'outZH_q2_pt', 'outZH_q1_score', 'outZH_q2_score', 'outZH_b1_q_mindr', 'outZH_b2_q_mindr', 'outZH_q_q_dr_nearb1', 'outZH_q_q_dr_nearb2', 'outZH_qq_M_nearb1', 'outZH_qq_M_nearb2', 'outZH_b1_qq_dr', 'outZH_b2_qq_dr', 'outZH_b1qq_M', 'outZH_b2qq_M', 'ZH_b1qq_dr', 'ZH_b2qq_dr', 'ZH_lbb1qq_dr', 'ZH_lbb2qq_dr', 'l_b2_mtb', 'ZH_closeb_invM', 'n_ak8jets', 'n_ak4jets', 'n_ak8_ZHbb', 'outZH_max_ak8pnetMass', 'outZH_b12_m', 'outZH_b12_dr', 'ht_b', 'ht_outZH', 'ak4_bestb_inZH', 'ak4_worstb_inZH', 'nonZHbb_q1_dr', 'nonZHbb_b1_dr', 'inZHb_outZHb_dr', 'ZH_l_dr', 'ZH_l_invM', 'l_b1_invM', 'l_b2_invM', 'l_b1_dr', 'l_b2_dr', 'spher', 'aplan', 'n_b_inZH', 'n_q_inZH', 'n_b_outZH', 'n_q_outZH', 'ZH_bbvLscore'], flatten=True, store_size=True, fill_none=True, fill_value=-999.0, pos_start=None, pos_end=None)],
                     'btag_mask': [ColOut(collection='events', columns=['matchedGen_ZHbb_bb', 'tt_type', 'outZH_b1_pt', 'outZH_b2_pt', 'outZH_b1_score', 'outZH_b2_score', 'outZH_q1_pt', 'outZH_q2_pt', 'outZH_q1_score', 'outZH_q2_score', 'outZH_b1_q_mindr', 'outZH_b2_q_mindr', 'outZH_q_q_dr_nearb1', 'outZH_q_q_dr_nearb2', 'outZH_qq_M_nearb1', 'outZH_qq_M_nearb2', 'outZH_b1_qq_dr', 'outZH_b2_qq_dr', 'outZH_b1qq_M', 'outZH_b2qq_M', 'ZH_b1qq_dr', 'ZH_b2qq_dr', 'ZH_lbb1qq_dr', 'ZH_lbb2qq_dr', 'l_b2_mtb', 'ZH_closeb_invM', 'n_ak8jets', 'n_ak4jets', 'n_ak8_ZHbb', 'outZH_max_ak8pnetMass', 'outZH_b12_m', 'outZH_b12_dr', 'ht_b', 'ht_outZH', 'ak4_bestb_inZH', 'ak4_worstb_inZH', 'nonZHbb_q1_dr', 'nonZHbb_b1_dr', 'inZHb_outZHb_dr', 'ZH_l_dr', 'ZH_l_invM', 'l_b1_invM', 'l_b2_invM', 'l_b1_dr', 'l_b2_dr', 'spher', 'aplan', 'n_b_inZH', 'n_q_inZH', 'n_b_outZH', 'n_q_outZH', 'ZH_bbvLscore'], flatten=True, store_size=True, fill_none=True, fill_value=-999.0, pos_start=None, pos_end=None)]},
'ttHToNonbb': {'baseline': [ColOut(collection='events', columns=['matchedGen_ZHbb_bb', 'tt_type', 'outZH_b1_pt', 'outZH_b2_pt', 'outZH_b1_score', 'outZH_b2_score', 'outZH_q1_pt', 'outZH_q2_pt', 'outZH_q1_score', 'outZH_q2_score', 'outZH_b1_q_mindr', 'outZH_b2_q_mindr', 'outZH_q_q_dr_nearb1', 'outZH_q_q_dr_nearb2', 'outZH_qq_M_nearb1', 'outZH_qq_M_nearb2', 'outZH_b1_qq_dr', 'outZH_b2_qq_dr', 'outZH_b1qq_M', 'outZH_b2qq_M', 'ZH_b1qq_dr', 'ZH_b2qq_dr', 'ZH_lbb1qq_dr', 'ZH_lbb2qq_dr', 'l_b2_mtb', 'ZH_closeb_invM', 'n_ak8jets', 'n_ak4jets', 'n_ak8_ZHbb', 'outZH_max_ak8pnetMass', 'outZH_b12_m', 'outZH_b12_dr', 'ht_b', 'ht_outZH', 'ak4_bestb_inZH', 'ak4_worstb_inZH', 'nonZHbb_q1_dr', 'nonZHbb_b1_dr', 'inZHb_outZHb_dr', 'ZH_l_dr', 'ZH_l_invM', 'l_b1_invM', 'l_b2_invM', 'l_b1_dr', 'l_b2_dr', 'spher', 'aplan', 'n_b_inZH', 'n_q_inZH', 'n_b_outZH', 'n_q_outZH', 'ZH_bbvLscore'], flatten=True, store_size=True, fill_none=True, fill_value=-999.0, pos_start=None, pos_end=None)],
              'btag_mask': [ColOut(collection='events', columns=['matchedGen_ZHbb_bb', 'tt_type', 'outZH_b1_pt', 'outZH_b2_pt', 'outZH_b1_score', 'outZH_b2_score', 'outZH_q1_pt', 'outZH_q2_pt', 'outZH_q1_score', 'outZH_q2_score', 'outZH_b1_q_mindr', 'outZH_b2_q_mindr', 'outZH_q_q_dr_nearb1', 'outZH_q_q_dr_nearb2', 'outZH_qq_M_nearb1', 'outZH_qq_M_nearb2', 'outZH_b1_qq_dr', 'outZH_b2_qq_dr', 'outZH_b1qq_M', 'outZH_b2qq_M', 'ZH_b1qq_dr', 'ZH_b2qq_dr', 'ZH_lbb1qq_dr', 'ZH_lbb2qq_dr', 'l_b2_mtb', 'ZH_closeb_invM', 'n_ak8jets', 'n_ak4jets', 'n_ak8_ZHbb', 'outZH_max_ak8pnetMass', 'outZH_b12_m', 'outZH_b12_dr', 'ht_b', 'ht_outZH', 'ak4_bestb_inZH', 'ak4_worstb_inZH', 'nonZHbb_q1_dr', 'nonZHbb_b1_dr', 'inZHb_outZHb_dr', 'ZH_l_dr', 'ZH_l_invM', 'l_b1_invM', 'l_b2_invM', 'l_b1_dr', 'l_b2_dr', 'spher', 'aplan', 'n_b_inZH', 'n_q_inZH', 'n_b_outZH', 'n_q_outZH', 'ZH_bbvLscore'], flatten=True, store_size=True, fill_none=True, fill_value=-999.0, pos_start=None, pos_end=None)]},
'ttHTobb': {'baseline': [ColOut(collection='events', columns=['matchedGen_ZHbb_bb', 'tt_type', 'outZH_b1_pt', 'outZH_b2_pt', 'outZH_b1_score', 'outZH_b2_score', 'outZH_q1_pt', 'outZH_q2_pt', 'outZH_q1_score', 'outZH_q2_score', 'outZH_b1_q_mindr', 'outZH_b2_q_mindr', 'outZH_q_q_dr_nearb1', 'outZH_q_q_dr_nearb2', 'outZH_qq_M_nearb1', 'outZH_qq_M_nearb2', 'outZH_b1_qq_dr', 'outZH_b2_qq_dr', 'outZH_b1qq_M', 'outZH_b2qq_M', 'ZH_b1qq_dr', 'ZH_b2qq_dr', 'ZH_lbb1qq_dr', 'ZH_lbb2qq_dr', 'l_b2_mtb', 'ZH_closeb_invM', 'n_ak8jets', 'n_ak4jets', 'n_ak8_ZHbb', 'outZH_max_ak8pnetMass', 'outZH_b12_m', 'outZH_b12_dr', 'ht_b', 'ht_outZH', 'ak4_bestb_inZH', 'ak4_worstb_inZH', 'nonZHbb_q1_dr', 'nonZHbb_b1_dr', 'inZHb_outZHb_dr', 'ZH_l_dr', 'ZH_l_invM', 'l_b1_invM', 'l_b2_invM', 'l_b1_dr', 'l_b2_dr', 'spher', 'aplan', 'n_b_inZH', 'n_q_inZH', 'n_b_outZH', 'n_q_outZH', 'ZH_bbvLscore'], flatten=True, store_size=True, fill_none=True, fill_value=-999.0, pos_start=None, pos_end=None)],
           'btag_mask': [ColOut(collection='events', columns=['matchedGen_ZHbb_bb', 'tt_type', 'outZH_b1_pt', 'outZH_b2_pt', 'outZH_b1_score', 'outZH_b2_score', 'outZH_q1_pt', 'outZH_q2_pt', 'outZH_q1_score', 'outZH_q2_score', 'outZH_b1_q_mindr', 'outZH_b2_q_mindr', 'outZH_q_q_dr_nearb1', 'outZH_q_q_dr_nearb2', 'outZH_qq_M_nearb1', 'outZH_qq_M_nearb2', 'outZH_b1_qq_dr', 'outZH_b2_qq_dr', 'outZH_b1qq_M', 'outZH_b2qq_M', 'ZH_b1qq_dr', 'ZH_b2qq_dr', 'ZH_lbb1qq_dr', 'ZH_lbb2qq_dr', 'l_b2_mtb', 'ZH_closeb_invM', 'n_ak8jets', 'n_ak4jets', 'n_ak8_ZHbb', 'outZH_max_ak8pnetMass', 'outZH_b12_m', 'outZH_b12_dr', 'ht_b', 'ht_outZH', 'ak4_bestb_inZH', 'ak4_worstb_inZH', 'nonZHbb_q1_dr', 'nonZHbb_b1_dr', 'inZHb_outZHb_dr', 'ZH_l_dr', 'ZH_l_invM', 'l_b1_invM', 'l_b2_invM', 'l_b1_dr', 'l_b2_dr', 'spher', 'aplan', 'n_b_inZH', 'n_q_inZH', 'n_b_outZH', 'n_q_outZH', 'ZH_bbvLscore'], flatten=True, store_size=True, fill_none=True, fill_value=-999.0, pos_start=None, pos_end=None)]}}
  - available weights variations: {'TTTo2L2Nu': ['pileup', 'nominal'],
'TTToHadronic': ['pileup', 'nominal'],
'TTToSemiLeptonic': ['pileup', 'nominal'],
'TTZToBB': ['pileup', 'nominal'],
'TTZToLLNuNu': ['pileup', 'nominal'],
'TTZToQQ': ['pileup', 'nominal'],
'TTbb_2L2Nu': ['pileup', 'nominal'],
'TTbb_Hadronic': ['pileup', 'nominal'],
'TTbb_SemiLeptonic': ['pileup', 'nominal'],
'ttHToNonbb': ['pileup', 'nominal'],
'ttHTobb': ['pileup', 'nominal']} 
  - available shape variations: {'TTTo2L2Nu': [],
'TTToHadronic': [],
'TTToSemiLeptonic': [],
'TTZToBB': [],
'TTZToLLNuNu': [],
'TTZToQQ': [],
'TTbb_2L2Nu': [],
'TTbb_Hadronic': [],
'TTbb_SemiLeptonic': [],
'ttHToNonbb': [],
'ttHTobb': []}
[INFO    ] Configurator instance:
  - Workflow: <class 'zhbbworkflow.ZHbbBaseProcessor'>
  - Workflow options: {}
  - N. datasets: 11 
   -- Dataset: ttHTobb_M125_M125_2017,  Sample: ttHTobb, N. files: 46, N. events: 7825000
   -- Dataset: ttHToNonbb_M125_M125_2017,  Sample: ttHToNonbb, N. files: 35, N. events: 5070989
   -- Dataset: TTZToBB__2017,  Sample: TTZToBB, N. files: 26, N. events: 7074000
   -- Dataset: TTZToQQ__2017,  Sample: TTZToQQ, N. files: 35, N. events: 13822000
   -- Dataset: TTZToLLNuNu__2017,  Sample: TTZToLLNuNu, N. files: 19, N. events: 14036000
   -- Dataset: TTbb_Hadronic__2017,  Sample: TTbb_Hadronic, N. files: 9, N. events: 5694656
   -- Dataset: TTbb_2L2Nu__2017,  Sample: TTbb_2L2Nu, N. files: 7, N. events: 3472503
   -- Dataset: TTbb_SemiLeptonic__2017,  Sample: TTbb_SemiLeptonic, N. files: 12, N. events: 7318891
   -- Dataset: TTToHadronic__2017,  Sample: TTToHadronic, N. files: 199, N. events: 232999999
   -- Dataset: TTTo2L2Nu__2017,  Sample: TTTo2L2Nu, N. files: 99, N. events: 106724000
   -- Dataset: TTToSemiLeptonic__2017,  Sample: TTToSemiLeptonic, N. files: 297, N. events: 346052000
  - Subsamples:
   -- Sample ttHTobb: StandardSelection ['ttHTobb'], (1 categories)
   -- Sample ttHToNonbb: StandardSelection ['ttHToNonbb'], (1 categories)
   -- Sample TTZToBB: StandardSelection ['TTZToBB'], (1 categories)
   -- Sample TTZToQQ: StandardSelection ['TTZToQQ'], (1 categories)
   -- Sample TTZToLLNuNu: StandardSelection ['TTZToLLNuNu'], (1 categories)
   -- Sample TTbb_Hadronic: StandardSelection ['TTbb_Hadronic'], (1 categories)
   -- Sample TTbb_2L2Nu: StandardSelection ['TTbb_2L2Nu'], (1 categories)
   -- Sample TTbb_SemiLeptonic: StandardSelection ['TTbb_SemiLeptonic'], (1 categories)
   -- Sample TTToHadronic: StandardSelection ['TTToHadronic'], (1 categories)
   -- Sample TTTo2L2Nu: StandardSelection ['TTTo2L2Nu'], (1 categories)
   -- Sample TTToSemiLeptonic: StandardSelection ['TTToSemiLeptonic'], (1 categories)
  - Skim: ['preSkimCut']
  - Preselection: ['eventSelection']
  - Categories: StandardSelection ['baseline', 'btag_mask'], (2 categories)
  - Variables:  ['mAK8', 'zhbbtag', 'zhbbtag_sorted', 'outZH_b1_pt']
  - Columns: {'TTTo2L2Nu': {'baseline': [ColOut(collection='events', columns=['matchedGen_ZHbb_bb', 'tt_type', 'outZH_b1_pt', 'outZH_b2_pt', 'outZH_b1_score', 'outZH_b2_score', 'outZH_q1_pt', 'outZH_q2_pt', 'outZH_q1_score', 'outZH_q2_score', 'outZH_b1_q_mindr', 'outZH_b2_q_mindr', 'outZH_q_q_dr_nearb1', 'outZH_q_q_dr_nearb2', 'outZH_qq_M_nearb1', 'outZH_qq_M_nearb2', 'outZH_b1_qq_dr', 'outZH_b2_qq_dr', 'outZH_b1qq_M', 'outZH_b2qq_M', 'ZH_b1qq_dr', 'ZH_b2qq_dr', 'ZH_lbb1qq_dr', 'ZH_lbb2qq_dr', 'l_b2_mtb', 'ZH_closeb_invM', 'n_ak8jets', 'n_ak4jets', 'n_ak8_ZHbb', 'outZH_max_ak8pnetMass', 'outZH_b12_m', 'outZH_b12_dr', 'ht_b', 'ht_outZH', 'ak4_bestb_inZH', 'ak4_worstb_inZH', 'nonZHbb_q1_dr', 'nonZHbb_b1_dr', 'inZHb_outZHb_dr', 'ZH_l_dr', 'ZH_l_invM', 'l_b1_invM', 'l_b2_invM', 'l_b1_dr', 'l_b2_dr', 'spher', 'aplan', 'n_b_inZH', 'n_q_inZH', 'n_b_outZH', 'n_q_outZH', 'ZH_bbvLscore'], flatten=True, store_size=True, fill_none=True, fill_value=-999.0, pos_start=None, pos_end=None)],
             'btag_mask': [ColOut(collection='events', columns=['matchedGen_ZHbb_bb', 'tt_type', 'outZH_b1_pt', 'outZH_b2_pt', 'outZH_b1_score', 'outZH_b2_score', 'outZH_q1_pt', 'outZH_q2_pt', 'outZH_q1_score', 'outZH_q2_score', 'outZH_b1_q_mindr', 'outZH_b2_q_mindr', 'outZH_q_q_dr_nearb1', 'outZH_q_q_dr_nearb2', 'outZH_qq_M_nearb1', 'outZH_qq_M_nearb2', 'outZH_b1_qq_dr', 'outZH_b2_qq_dr', 'outZH_b1qq_M', 'outZH_b2qq_M', 'ZH_b1qq_dr', 'ZH_b2qq_dr', 'ZH_lbb1qq_dr', 'ZH_lbb2qq_dr', 'l_b2_mtb', 'ZH_closeb_invM', 'n_ak8jets', 'n_ak4jets', 'n_ak8_ZHbb', 'outZH_max_ak8pnetMass', 'outZH_b12_m', 'outZH_b12_dr', 'ht_b', 'ht_outZH', 'ak4_bestb_inZH', 'ak4_worstb_inZH', 'nonZHbb_q1_dr', 'nonZHbb_b1_dr', 'inZHb_outZHb_dr', 'ZH_l_dr', 'ZH_l_invM', 'l_b1_invM', 'l_b2_invM', 'l_b1_dr', 'l_b2_dr', 'spher', 'aplan', 'n_b_inZH', 'n_q_inZH', 'n_b_outZH', 'n_q_outZH', 'ZH_bbvLscore'], flatten=True, store_size=True, fill_none=True, fill_value=-999.0, pos_start=None, pos_end=None)]},
'TTToHadronic': {'baseline': [ColOut(collection='events', columns=['matchedGen_ZHbb_bb', 'tt_type', 'outZH_b1_pt', 'outZH_b2_pt', 'outZH_b1_score', 'outZH_b2_score', 'outZH_q1_pt', 'outZH_q2_pt', 'outZH_q1_score', 'outZH_q2_score', 'outZH_b1_q_mindr', 'outZH_b2_q_mindr', 'outZH_q_q_dr_nearb1', 'outZH_q_q_dr_nearb2', 'outZH_qq_M_nearb1', 'outZH_qq_M_nearb2', 'outZH_b1_qq_dr', 'outZH_b2_qq_dr', 'outZH_b1qq_M', 'outZH_b2qq_M', 'ZH_b1qq_dr', 'ZH_b2qq_dr', 'ZH_lbb1qq_dr', 'ZH_lbb2qq_dr', 'l_b2_mtb', 'ZH_closeb_invM', 'n_ak8jets', 'n_ak4jets', 'n_ak8_ZHbb', 'outZH_max_ak8pnetMass', 'outZH_b12_m', 'outZH_b12_dr', 'ht_b', 'ht_outZH', 'ak4_bestb_inZH', 'ak4_worstb_inZH', 'nonZHbb_q1_dr', 'nonZHbb_b1_dr', 'inZHb_outZHb_dr', 'ZH_l_dr', 'ZH_l_invM', 'l_b1_invM', 'l_b2_invM', 'l_b1_dr', 'l_b2_dr', 'spher', 'aplan', 'n_b_inZH', 'n_q_inZH', 'n_b_outZH', 'n_q_outZH', 'ZH_bbvLscore'], flatten=True, store_size=True, fill_none=True, fill_value=-999.0, pos_start=None, pos_end=None)],
                'btag_mask': [ColOut(collection='events', columns=['matchedGen_ZHbb_bb', 'tt_type', 'outZH_b1_pt', 'outZH_b2_pt', 'outZH_b1_score', 'outZH_b2_score', 'outZH_q1_pt', 'outZH_q2_pt', 'outZH_q1_score', 'outZH_q2_score', 'outZH_b1_q_mindr', 'outZH_b2_q_mindr', 'outZH_q_q_dr_nearb1', 'outZH_q_q_dr_nearb2', 'outZH_qq_M_nearb1', 'outZH_qq_M_nearb2', 'outZH_b1_qq_dr', 'outZH_b2_qq_dr', 'outZH_b1qq_M', 'outZH_b2qq_M', 'ZH_b1qq_dr', 'ZH_b2qq_dr', 'ZH_lbb1qq_dr', 'ZH_lbb2qq_dr', 'l_b2_mtb', 'ZH_closeb_invM', 'n_ak8jets', 'n_ak4jets', 'n_ak8_ZHbb', 'outZH_max_ak8pnetMass', 'outZH_b12_m', 'outZH_b12_dr', 'ht_b', 'ht_outZH', 'ak4_bestb_inZH', 'ak4_worstb_inZH', 'nonZHbb_q1_dr', 'nonZHbb_b1_dr', 'inZHb_outZHb_dr', 'ZH_l_dr', 'ZH_l_invM', 'l_b1_invM', 'l_b2_invM', 'l_b1_dr', 'l_b2_dr', 'spher', 'aplan', 'n_b_inZH', 'n_q_inZH', 'n_b_outZH', 'n_q_outZH', 'ZH_bbvLscore'], flatten=True, store_size=True, fill_none=True, fill_value=-999.0, pos_start=None, pos_end=None)]},
'TTToSemiLeptonic': {'baseline': [ColOut(collection='events', columns=['matchedGen_ZHbb_bb', 'tt_type', 'outZH_b1_pt', 'outZH_b2_pt', 'outZH_b1_score', 'outZH_b2_score', 'outZH_q1_pt', 'outZH_q2_pt', 'outZH_q1_score', 'outZH_q2_score', 'outZH_b1_q_mindr', 'outZH_b2_q_mindr', 'outZH_q_q_dr_nearb1', 'outZH_q_q_dr_nearb2', 'outZH_qq_M_nearb1', 'outZH_qq_M_nearb2', 'outZH_b1_qq_dr', 'outZH_b2_qq_dr', 'outZH_b1qq_M', 'outZH_b2qq_M', 'ZH_b1qq_dr', 'ZH_b2qq_dr', 'ZH_lbb1qq_dr', 'ZH_lbb2qq_dr', 'l_b2_mtb', 'ZH_closeb_invM', 'n_ak8jets', 'n_ak4jets', 'n_ak8_ZHbb', 'outZH_max_ak8pnetMass', 'outZH_b12_m', 'outZH_b12_dr', 'ht_b', 'ht_outZH', 'ak4_bestb_inZH', 'ak4_worstb_inZH', 'nonZHbb_q1_dr', 'nonZHbb_b1_dr', 'inZHb_outZHb_dr', 'ZH_l_dr', 'ZH_l_invM', 'l_b1_invM', 'l_b2_invM', 'l_b1_dr', 'l_b2_dr', 'spher', 'aplan', 'n_b_inZH', 'n_q_inZH', 'n_b_outZH', 'n_q_outZH', 'ZH_bbvLscore'], flatten=True, store_size=True, fill_none=True, fill_value=-999.0, pos_start=None, pos_end=None)],
                    'btag_mask': [ColOut(collection='events', columns=['matchedGen_ZHbb_bb', 'tt_type', 'outZH_b1_pt', 'outZH_b2_pt', 'outZH_b1_score', 'outZH_b2_score', 'outZH_q1_pt', 'outZH_q2_pt', 'outZH_q1_score', 'outZH_q2_score', 'outZH_b1_q_mindr', 'outZH_b2_q_mindr', 'outZH_q_q_dr_nearb1', 'outZH_q_q_dr_nearb2', 'outZH_qq_M_nearb1', 'outZH_qq_M_nearb2', 'outZH_b1_qq_dr', 'outZH_b2_qq_dr', 'outZH_b1qq_M', 'outZH_b2qq_M', 'ZH_b1qq_dr', 'ZH_b2qq_dr', 'ZH_lbb1qq_dr', 'ZH_lbb2qq_dr', 'l_b2_mtb', 'ZH_closeb_invM', 'n_ak8jets', 'n_ak4jets', 'n_ak8_ZHbb', 'outZH_max_ak8pnetMass', 'outZH_b12_m', 'outZH_b12_dr', 'ht_b', 'ht_outZH', 'ak4_bestb_inZH', 'ak4_worstb_inZH', 'nonZHbb_q1_dr', 'nonZHbb_b1_dr', 'inZHb_outZHb_dr', 'ZH_l_dr', 'ZH_l_invM', 'l_b1_invM', 'l_b2_invM', 'l_b1_dr', 'l_b2_dr', 'spher', 'aplan', 'n_b_inZH', 'n_q_inZH', 'n_b_outZH', 'n_q_outZH', 'ZH_bbvLscore'], flatten=True, store_size=True, fill_none=True, fill_value=-999.0, pos_start=None, pos_end=None)]},
'TTZToBB': {'baseline': [ColOut(collection='events', columns=['matchedGen_ZHbb_bb', 'tt_type', 'outZH_b1_pt', 'outZH_b2_pt', 'outZH_b1_score', 'outZH_b2_score', 'outZH_q1_pt', 'outZH_q2_pt', 'outZH_q1_score', 'outZH_q2_score', 'outZH_b1_q_mindr', 'outZH_b2_q_mindr', 'outZH_q_q_dr_nearb1', 'outZH_q_q_dr_nearb2', 'outZH_qq_M_nearb1', 'outZH_qq_M_nearb2', 'outZH_b1_qq_dr', 'outZH_b2_qq_dr', 'outZH_b1qq_M', 'outZH_b2qq_M', 'ZH_b1qq_dr', 'ZH_b2qq_dr', 'ZH_lbb1qq_dr', 'ZH_lbb2qq_dr', 'l_b2_mtb', 'ZH_closeb_invM', 'n_ak8jets', 'n_ak4jets', 'n_ak8_ZHbb', 'outZH_max_ak8pnetMass', 'outZH_b12_m', 'outZH_b12_dr', 'ht_b', 'ht_outZH', 'ak4_bestb_inZH', 'ak4_worstb_inZH', 'nonZHbb_q1_dr', 'nonZHbb_b1_dr', 'inZHb_outZHb_dr', 'ZH_l_dr', 'ZH_l_invM', 'l_b1_invM', 'l_b2_invM', 'l_b1_dr', 'l_b2_dr', 'spher', 'aplan', 'n_b_inZH', 'n_q_inZH', 'n_b_outZH', 'n_q_outZH', 'ZH_bbvLscore'], flatten=True, store_size=True, fill_none=True, fill_value=-999.0, pos_start=None, pos_end=None)],
           'btag_mask': [ColOut(collection='events', columns=['matchedGen_ZHbb_bb', 'tt_type', 'outZH_b1_pt', 'outZH_b2_pt', 'outZH_b1_score', 'outZH_b2_score', 'outZH_q1_pt', 'outZH_q2_pt', 'outZH_q1_score', 'outZH_q2_score', 'outZH_b1_q_mindr', 'outZH_b2_q_mindr', 'outZH_q_q_dr_nearb1', 'outZH_q_q_dr_nearb2', 'outZH_qq_M_nearb1', 'outZH_qq_M_nearb2', 'outZH_b1_qq_dr', 'outZH_b2_qq_dr', 'outZH_b1qq_M', 'outZH_b2qq_M', 'ZH_b1qq_dr', 'ZH_b2qq_dr', 'ZH_lbb1qq_dr', 'ZH_lbb2qq_dr', 'l_b2_mtb', 'ZH_closeb_invM', 'n_ak8jets', 'n_ak4jets', 'n_ak8_ZHbb', 'outZH_max_ak8pnetMass', 'outZH_b12_m', 'outZH_b12_dr', 'ht_b', 'ht_outZH', 'ak4_bestb_inZH', 'ak4_worstb_inZH', 'nonZHbb_q1_dr', 'nonZHbb_b1_dr', 'inZHb_outZHb_dr', 'ZH_l_dr', 'ZH_l_invM', 'l_b1_invM', 'l_b2_invM', 'l_b1_dr', 'l_b2_dr', 'spher', 'aplan', 'n_b_inZH', 'n_q_inZH', 'n_b_outZH', 'n_q_outZH', 'ZH_bbvLscore'], flatten=True, store_size=True, fill_none=True, fill_value=-999.0, pos_start=None, pos_end=None)]},
'TTZToLLNuNu': {'baseline': [ColOut(collection='events', columns=['matchedGen_ZHbb_bb', 'tt_type', 'outZH_b1_pt', 'outZH_b2_pt', 'outZH_b1_score', 'outZH_b2_score', 'outZH_q1_pt', 'outZH_q2_pt', 'outZH_q1_score', 'outZH_q2_score', 'outZH_b1_q_mindr', 'outZH_b2_q_mindr', 'outZH_q_q_dr_nearb1', 'outZH_q_q_dr_nearb2', 'outZH_qq_M_nearb1', 'outZH_qq_M_nearb2', 'outZH_b1_qq_dr', 'outZH_b2_qq_dr', 'outZH_b1qq_M', 'outZH_b2qq_M', 'ZH_b1qq_dr', 'ZH_b2qq_dr', 'ZH_lbb1qq_dr', 'ZH_lbb2qq_dr', 'l_b2_mtb', 'ZH_closeb_invM', 'n_ak8jets', 'n_ak4jets', 'n_ak8_ZHbb', 'outZH_max_ak8pnetMass', 'outZH_b12_m', 'outZH_b12_dr', 'ht_b', 'ht_outZH', 'ak4_bestb_inZH', 'ak4_worstb_inZH', 'nonZHbb_q1_dr', 'nonZHbb_b1_dr', 'inZHb_outZHb_dr', 'ZH_l_dr', 'ZH_l_invM', 'l_b1_invM', 'l_b2_invM', 'l_b1_dr', 'l_b2_dr', 'spher', 'aplan', 'n_b_inZH', 'n_q_inZH', 'n_b_outZH', 'n_q_outZH', 'ZH_bbvLscore'], flatten=True, store_size=True, fill_none=True, fill_value=-999.0, pos_start=None, pos_end=None)],
               'btag_mask': [ColOut(collection='events', columns=['matchedGen_ZHbb_bb', 'tt_type', 'outZH_b1_pt', 'outZH_b2_pt', 'outZH_b1_score', 'outZH_b2_score', 'outZH_q1_pt', 'outZH_q2_pt', 'outZH_q1_score', 'outZH_q2_score', 'outZH_b1_q_mindr', 'outZH_b2_q_mindr', 'outZH_q_q_dr_nearb1', 'outZH_q_q_dr_nearb2', 'outZH_qq_M_nearb1', 'outZH_qq_M_nearb2', 'outZH_b1_qq_dr', 'outZH_b2_qq_dr', 'outZH_b1qq_M', 'outZH_b2qq_M', 'ZH_b1qq_dr', 'ZH_b2qq_dr', 'ZH_lbb1qq_dr', 'ZH_lbb2qq_dr', 'l_b2_mtb', 'ZH_closeb_invM', 'n_ak8jets', 'n_ak4jets', 'n_ak8_ZHbb', 'outZH_max_ak8pnetMass', 'outZH_b12_m', 'outZH_b12_dr', 'ht_b', 'ht_outZH', 'ak4_bestb_inZH', 'ak4_worstb_inZH', 'nonZHbb_q1_dr', 'nonZHbb_b1_dr', 'inZHb_outZHb_dr', 'ZH_l_dr', 'ZH_l_invM', 'l_b1_invM', 'l_b2_invM', 'l_b1_dr', 'l_b2_dr', 'spher', 'aplan', 'n_b_inZH', 'n_q_inZH', 'n_b_outZH', 'n_q_outZH', 'ZH_bbvLscore'], flatten=True, store_size=True, fill_none=True, fill_value=-999.0, pos_start=None, pos_end=None)]},
'TTZToQQ': {'baseline': [ColOut(collection='events', columns=['matchedGen_ZHbb_bb', 'tt_type', 'outZH_b1_pt', 'outZH_b2_pt', 'outZH_b1_score', 'outZH_b2_score', 'outZH_q1_pt', 'outZH_q2_pt', 'outZH_q1_score', 'outZH_q2_score', 'outZH_b1_q_mindr', 'outZH_b2_q_mindr', 'outZH_q_q_dr_nearb1', 'outZH_q_q_dr_nearb2', 'outZH_qq_M_nearb1', 'outZH_qq_M_nearb2', 'outZH_b1_qq_dr', 'outZH_b2_qq_dr', 'outZH_b1qq_M', 'outZH_b2qq_M', 'ZH_b1qq_dr', 'ZH_b2qq_dr', 'ZH_lbb1qq_dr', 'ZH_lbb2qq_dr', 'l_b2_mtb', 'ZH_closeb_invM', 'n_ak8jets', 'n_ak4jets', 'n_ak8_ZHbb', 'outZH_max_ak8pnetMass', 'outZH_b12_m', 'outZH_b12_dr', 'ht_b', 'ht_outZH', 'ak4_bestb_inZH', 'ak4_worstb_inZH', 'nonZHbb_q1_dr', 'nonZHbb_b1_dr', 'inZHb_outZHb_dr', 'ZH_l_dr', 'ZH_l_invM', 'l_b1_invM', 'l_b2_invM', 'l_b1_dr', 'l_b2_dr', 'spher', 'aplan', 'n_b_inZH', 'n_q_inZH', 'n_b_outZH', 'n_q_outZH', 'ZH_bbvLscore'], flatten=True, store_size=True, fill_none=True, fill_value=-999.0, pos_start=None, pos_end=None)],
           'btag_mask': [ColOut(collection='events', columns=['matchedGen_ZHbb_bb', 'tt_type', 'outZH_b1_pt', 'outZH_b2_pt', 'outZH_b1_score', 'outZH_b2_score', 'outZH_q1_pt', 'outZH_q2_pt', 'outZH_q1_score', 'outZH_q2_score', 'outZH_b1_q_mindr', 'outZH_b2_q_mindr', 'outZH_q_q_dr_nearb1', 'outZH_q_q_dr_nearb2', 'outZH_qq_M_nearb1', 'outZH_qq_M_nearb2', 'outZH_b1_qq_dr', 'outZH_b2_qq_dr', 'outZH_b1qq_M', 'outZH_b2qq_M', 'ZH_b1qq_dr', 'ZH_b2qq_dr', 'ZH_lbb1qq_dr', 'ZH_lbb2qq_dr', 'l_b2_mtb', 'ZH_closeb_invM', 'n_ak8jets', 'n_ak4jets', 'n_ak8_ZHbb', 'outZH_max_ak8pnetMass', 'outZH_b12_m', 'outZH_b12_dr', 'ht_b', 'ht_outZH', 'ak4_bestb_inZH', 'ak4_worstb_inZH', 'nonZHbb_q1_dr', 'nonZHbb_b1_dr', 'inZHb_outZHb_dr', 'ZH_l_dr', 'ZH_l_invM', 'l_b1_invM', 'l_b2_invM', 'l_b1_dr', 'l_b2_dr', 'spher', 'aplan', 'n_b_inZH', 'n_q_inZH', 'n_b_outZH', 'n_q_outZH', 'ZH_bbvLscore'], flatten=True, store_size=True, fill_none=True, fill_value=-999.0, pos_start=None, pos_end=None)]},
'TTbb_2L2Nu': {'baseline': [ColOut(collection='events', columns=['matchedGen_ZHbb_bb', 'tt_type', 'outZH_b1_pt', 'outZH_b2_pt', 'outZH_b1_score', 'outZH_b2_score', 'outZH_q1_pt', 'outZH_q2_pt', 'outZH_q1_score', 'outZH_q2_score', 'outZH_b1_q_mindr', 'outZH_b2_q_mindr', 'outZH_q_q_dr_nearb1', 'outZH_q_q_dr_nearb2', 'outZH_qq_M_nearb1', 'outZH_qq_M_nearb2', 'outZH_b1_qq_dr', 'outZH_b2_qq_dr', 'outZH_b1qq_M', 'outZH_b2qq_M', 'ZH_b1qq_dr', 'ZH_b2qq_dr', 'ZH_lbb1qq_dr', 'ZH_lbb2qq_dr', 'l_b2_mtb', 'ZH_closeb_invM', 'n_ak8jets', 'n_ak4jets', 'n_ak8_ZHbb', 'outZH_max_ak8pnetMass', 'outZH_b12_m', 'outZH_b12_dr', 'ht_b', 'ht_outZH', 'ak4_bestb_inZH', 'ak4_worstb_inZH', 'nonZHbb_q1_dr', 'nonZHbb_b1_dr', 'inZHb_outZHb_dr', 'ZH_l_dr', 'ZH_l_invM', 'l_b1_invM', 'l_b2_invM', 'l_b1_dr', 'l_b2_dr', 'spher', 'aplan', 'n_b_inZH', 'n_q_inZH', 'n_b_outZH', 'n_q_outZH', 'ZH_bbvLscore'], flatten=True, store_size=True, fill_none=True, fill_value=-999.0, pos_start=None, pos_end=None)],
              'btag_mask': [ColOut(collection='events', columns=['matchedGen_ZHbb_bb', 'tt_type', 'outZH_b1_pt', 'outZH_b2_pt', 'outZH_b1_score', 'outZH_b2_score', 'outZH_q1_pt', 'outZH_q2_pt', 'outZH_q1_score', 'outZH_q2_score', 'outZH_b1_q_mindr', 'outZH_b2_q_mindr', 'outZH_q_q_dr_nearb1', 'outZH_q_q_dr_nearb2', 'outZH_qq_M_nearb1', 'outZH_qq_M_nearb2', 'outZH_b1_qq_dr', 'outZH_b2_qq_dr', 'outZH_b1qq_M', 'outZH_b2qq_M', 'ZH_b1qq_dr', 'ZH_b2qq_dr', 'ZH_lbb1qq_dr', 'ZH_lbb2qq_dr', 'l_b2_mtb', 'ZH_closeb_invM', 'n_ak8jets', 'n_ak4jets', 'n_ak8_ZHbb', 'outZH_max_ak8pnetMass', 'outZH_b12_m', 'outZH_b12_dr', 'ht_b', 'ht_outZH', 'ak4_bestb_inZH', 'ak4_worstb_inZH', 'nonZHbb_q1_dr', 'nonZHbb_b1_dr', 'inZHb_outZHb_dr', 'ZH_l_dr', 'ZH_l_invM', 'l_b1_invM', 'l_b2_invM', 'l_b1_dr', 'l_b2_dr', 'spher', 'aplan', 'n_b_inZH', 'n_q_inZH', 'n_b_outZH', 'n_q_outZH', 'ZH_bbvLscore'], flatten=True, store_size=True, fill_none=True, fill_value=-999.0, pos_start=None, pos_end=None)]},
'TTbb_Hadronic': {'baseline': [ColOut(collection='events', columns=['matchedGen_ZHbb_bb', 'tt_type', 'outZH_b1_pt', 'outZH_b2_pt', 'outZH_b1_score', 'outZH_b2_score', 'outZH_q1_pt', 'outZH_q2_pt', 'outZH_q1_score', 'outZH_q2_score', 'outZH_b1_q_mindr', 'outZH_b2_q_mindr', 'outZH_q_q_dr_nearb1', 'outZH_q_q_dr_nearb2', 'outZH_qq_M_nearb1', 'outZH_qq_M_nearb2', 'outZH_b1_qq_dr', 'outZH_b2_qq_dr', 'outZH_b1qq_M', 'outZH_b2qq_M', 'ZH_b1qq_dr', 'ZH_b2qq_dr', 'ZH_lbb1qq_dr', 'ZH_lbb2qq_dr', 'l_b2_mtb', 'ZH_closeb_invM', 'n_ak8jets', 'n_ak4jets', 'n_ak8_ZHbb', 'outZH_max_ak8pnetMass', 'outZH_b12_m', 'outZH_b12_dr', 'ht_b', 'ht_outZH', 'ak4_bestb_inZH', 'ak4_worstb_inZH', 'nonZHbb_q1_dr', 'nonZHbb_b1_dr', 'inZHb_outZHb_dr', 'ZH_l_dr', 'ZH_l_invM', 'l_b1_invM', 'l_b2_invM', 'l_b1_dr', 'l_b2_dr', 'spher', 'aplan', 'n_b_inZH', 'n_q_inZH', 'n_b_outZH', 'n_q_outZH', 'ZH_bbvLscore'], flatten=True, store_size=True, fill_none=True, fill_value=-999.0, pos_start=None, pos_end=None)],
                 'btag_mask': [ColOut(collection='events', columns=['matchedGen_ZHbb_bb', 'tt_type', 'outZH_b1_pt', 'outZH_b2_pt', 'outZH_b1_score', 'outZH_b2_score', 'outZH_q1_pt', 'outZH_q2_pt', 'outZH_q1_score', 'outZH_q2_score', 'outZH_b1_q_mindr', 'outZH_b2_q_mindr', 'outZH_q_q_dr_nearb1', 'outZH_q_q_dr_nearb2', 'outZH_qq_M_nearb1', 'outZH_qq_M_nearb2', 'outZH_b1_qq_dr', 'outZH_b2_qq_dr', 'outZH_b1qq_M', 'outZH_b2qq_M', 'ZH_b1qq_dr', 'ZH_b2qq_dr', 'ZH_lbb1qq_dr', 'ZH_lbb2qq_dr', 'l_b2_mtb', 'ZH_closeb_invM', 'n_ak8jets', 'n_ak4jets', 'n_ak8_ZHbb', 'outZH_max_ak8pnetMass', 'outZH_b12_m', 'outZH_b12_dr', 'ht_b', 'ht_outZH', 'ak4_bestb_inZH', 'ak4_worstb_inZH', 'nonZHbb_q1_dr', 'nonZHbb_b1_dr', 'inZHb_outZHb_dr', 'ZH_l_dr', 'ZH_l_invM', 'l_b1_invM', 'l_b2_invM', 'l_b1_dr', 'l_b2_dr', 'spher', 'aplan', 'n_b_inZH', 'n_q_inZH', 'n_b_outZH', 'n_q_outZH', 'ZH_bbvLscore'], flatten=True, store_size=True, fill_none=True, fill_value=-999.0, pos_start=None, pos_end=None)]},
'TTbb_SemiLeptonic': {'baseline': [ColOut(collection='events', columns=['matchedGen_ZHbb_bb', 'tt_type', 'outZH_b1_pt', 'outZH_b2_pt', 'outZH_b1_score', 'outZH_b2_score', 'outZH_q1_pt', 'outZH_q2_pt', 'outZH_q1_score', 'outZH_q2_score', 'outZH_b1_q_mindr', 'outZH_b2_q_mindr', 'outZH_q_q_dr_nearb1', 'outZH_q_q_dr_nearb2', 'outZH_qq_M_nearb1', 'outZH_qq_M_nearb2', 'outZH_b1_qq_dr', 'outZH_b2_qq_dr', 'outZH_b1qq_M', 'outZH_b2qq_M', 'ZH_b1qq_dr', 'ZH_b2qq_dr', 'ZH_lbb1qq_dr', 'ZH_lbb2qq_dr', 'l_b2_mtb', 'ZH_closeb_invM', 'n_ak8jets', 'n_ak4jets', 'n_ak8_ZHbb', 'outZH_max_ak8pnetMass', 'outZH_b12_m', 'outZH_b12_dr', 'ht_b', 'ht_outZH', 'ak4_bestb_inZH', 'ak4_worstb_inZH', 'nonZHbb_q1_dr', 'nonZHbb_b1_dr', 'inZHb_outZHb_dr', 'ZH_l_dr', 'ZH_l_invM', 'l_b1_invM', 'l_b2_invM', 'l_b1_dr', 'l_b2_dr', 'spher', 'aplan', 'n_b_inZH', 'n_q_inZH', 'n_b_outZH', 'n_q_outZH', 'ZH_bbvLscore'], flatten=True, store_size=True, fill_none=True, fill_value=-999.0, pos_start=None, pos_end=None)],
                     'btag_mask': [ColOut(collection='events', columns=['matchedGen_ZHbb_bb', 'tt_type', 'outZH_b1_pt', 'outZH_b2_pt', 'outZH_b1_score', 'outZH_b2_score', 'outZH_q1_pt', 'outZH_q2_pt', 'outZH_q1_score', 'outZH_q2_score', 'outZH_b1_q_mindr', 'outZH_b2_q_mindr', 'outZH_q_q_dr_nearb1', 'outZH_q_q_dr_nearb2', 'outZH_qq_M_nearb1', 'outZH_qq_M_nearb2', 'outZH_b1_qq_dr', 'outZH_b2_qq_dr', 'outZH_b1qq_M', 'outZH_b2qq_M', 'ZH_b1qq_dr', 'ZH_b2qq_dr', 'ZH_lbb1qq_dr', 'ZH_lbb2qq_dr', 'l_b2_mtb', 'ZH_closeb_invM', 'n_ak8jets', 'n_ak4jets', 'n_ak8_ZHbb', 'outZH_max_ak8pnetMass', 'outZH_b12_m', 'outZH_b12_dr', 'ht_b', 'ht_outZH', 'ak4_bestb_inZH', 'ak4_worstb_inZH', 'nonZHbb_q1_dr', 'nonZHbb_b1_dr', 'inZHb_outZHb_dr', 'ZH_l_dr', 'ZH_l_invM', 'l_b1_invM', 'l_b2_invM', 'l_b1_dr', 'l_b2_dr', 'spher', 'aplan', 'n_b_inZH', 'n_q_inZH', 'n_b_outZH', 'n_q_outZH', 'ZH_bbvLscore'], flatten=True, store_size=True, fill_none=True, fill_value=-999.0, pos_start=None, pos_end=None)]},
'ttHToNonbb': {'baseline': [ColOut(collection='events', columns=['matchedGen_ZHbb_bb', 'tt_type', 'outZH_b1_pt', 'outZH_b2_pt', 'outZH_b1_score', 'outZH_b2_score', 'outZH_q1_pt', 'outZH_q2_pt', 'outZH_q1_score', 'outZH_q2_score', 'outZH_b1_q_mindr', 'outZH_b2_q_mindr', 'outZH_q_q_dr_nearb1', 'outZH_q_q_dr_nearb2', 'outZH_qq_M_nearb1', 'outZH_qq_M_nearb2', 'outZH_b1_qq_dr', 'outZH_b2_qq_dr', 'outZH_b1qq_M', 'outZH_b2qq_M', 'ZH_b1qq_dr', 'ZH_b2qq_dr', 'ZH_lbb1qq_dr', 'ZH_lbb2qq_dr', 'l_b2_mtb', 'ZH_closeb_invM', 'n_ak8jets', 'n_ak4jets', 'n_ak8_ZHbb', 'outZH_max_ak8pnetMass', 'outZH_b12_m', 'outZH_b12_dr', 'ht_b', 'ht_outZH', 'ak4_bestb_inZH', 'ak4_worstb_inZH', 'nonZHbb_q1_dr', 'nonZHbb_b1_dr', 'inZHb_outZHb_dr', 'ZH_l_dr', 'ZH_l_invM', 'l_b1_invM', 'l_b2_invM', 'l_b1_dr', 'l_b2_dr', 'spher', 'aplan', 'n_b_inZH', 'n_q_inZH', 'n_b_outZH', 'n_q_outZH', 'ZH_bbvLscore'], flatten=True, store_size=True, fill_none=True, fill_value=-999.0, pos_start=None, pos_end=None)],
              'btag_mask': [ColOut(collection='events', columns=['matchedGen_ZHbb_bb', 'tt_type', 'outZH_b1_pt', 'outZH_b2_pt', 'outZH_b1_score', 'outZH_b2_score', 'outZH_q1_pt', 'outZH_q2_pt', 'outZH_q1_score', 'outZH_q2_score', 'outZH_b1_q_mindr', 'outZH_b2_q_mindr', 'outZH_q_q_dr_nearb1', 'outZH_q_q_dr_nearb2', 'outZH_qq_M_nearb1', 'outZH_qq_M_nearb2', 'outZH_b1_qq_dr', 'outZH_b2_qq_dr', 'outZH_b1qq_M', 'outZH_b2qq_M', 'ZH_b1qq_dr', 'ZH_b2qq_dr', 'ZH_lbb1qq_dr', 'ZH_lbb2qq_dr', 'l_b2_mtb', 'ZH_closeb_invM', 'n_ak8jets', 'n_ak4jets', 'n_ak8_ZHbb', 'outZH_max_ak8pnetMass', 'outZH_b12_m', 'outZH_b12_dr', 'ht_b', 'ht_outZH', 'ak4_bestb_inZH', 'ak4_worstb_inZH', 'nonZHbb_q1_dr', 'nonZHbb_b1_dr', 'inZHb_outZHb_dr', 'ZH_l_dr', 'ZH_l_invM', 'l_b1_invM', 'l_b2_invM', 'l_b1_dr', 'l_b2_dr', 'spher', 'aplan', 'n_b_inZH', 'n_q_inZH', 'n_b_outZH', 'n_q_outZH', 'ZH_bbvLscore'], flatten=True, store_size=True, fill_none=True, fill_value=-999.0, pos_start=None, pos_end=None)]},
'ttHTobb': {'baseline': [ColOut(collection='events', columns=['matchedGen_ZHbb_bb', 'tt_type', 'outZH_b1_pt', 'outZH_b2_pt', 'outZH_b1_score', 'outZH_b2_score', 'outZH_q1_pt', 'outZH_q2_pt', 'outZH_q1_score', 'outZH_q2_score', 'outZH_b1_q_mindr', 'outZH_b2_q_mindr', 'outZH_q_q_dr_nearb1', 'outZH_q_q_dr_nearb2', 'outZH_qq_M_nearb1', 'outZH_qq_M_nearb2', 'outZH_b1_qq_dr', 'outZH_b2_qq_dr', 'outZH_b1qq_M', 'outZH_b2qq_M', 'ZH_b1qq_dr', 'ZH_b2qq_dr', 'ZH_lbb1qq_dr', 'ZH_lbb2qq_dr', 'l_b2_mtb', 'ZH_closeb_invM', 'n_ak8jets', 'n_ak4jets', 'n_ak8_ZHbb', 'outZH_max_ak8pnetMass', 'outZH_b12_m', 'outZH_b12_dr', 'ht_b', 'ht_outZH', 'ak4_bestb_inZH', 'ak4_worstb_inZH', 'nonZHbb_q1_dr', 'nonZHbb_b1_dr', 'inZHb_outZHb_dr', 'ZH_l_dr', 'ZH_l_invM', 'l_b1_invM', 'l_b2_invM', 'l_b1_dr', 'l_b2_dr', 'spher', 'aplan', 'n_b_inZH', 'n_q_inZH', 'n_b_outZH', 'n_q_outZH', 'ZH_bbvLscore'], flatten=True, store_size=True, fill_none=True, fill_value=-999.0, pos_start=None, pos_end=None)],
           'btag_mask': [ColOut(collection='events', columns=['matchedGen_ZHbb_bb', 'tt_type', 'outZH_b1_pt', 'outZH_b2_pt', 'outZH_b1_score', 'outZH_b2_score', 'outZH_q1_pt', 'outZH_q2_pt', 'outZH_q1_score', 'outZH_q2_score', 'outZH_b1_q_mindr', 'outZH_b2_q_mindr', 'outZH_q_q_dr_nearb1', 'outZH_q_q_dr_nearb2', 'outZH_qq_M_nearb1', 'outZH_qq_M_nearb2', 'outZH_b1_qq_dr', 'outZH_b2_qq_dr', 'outZH_b1qq_M', 'outZH_b2qq_M', 'ZH_b1qq_dr', 'ZH_b2qq_dr', 'ZH_lbb1qq_dr', 'ZH_lbb2qq_dr', 'l_b2_mtb', 'ZH_closeb_invM', 'n_ak8jets', 'n_ak4jets', 'n_ak8_ZHbb', 'outZH_max_ak8pnetMass', 'outZH_b12_m', 'outZH_b12_dr', 'ht_b', 'ht_outZH', 'ak4_bestb_inZH', 'ak4_worstb_inZH', 'nonZHbb_q1_dr', 'nonZHbb_b1_dr', 'inZHb_outZHb_dr', 'ZH_l_dr', 'ZH_l_invM', 'l_b1_invM', 'l_b2_invM', 'l_b1_dr', 'l_b2_dr', 'spher', 'aplan', 'n_b_inZH', 'n_q_inZH', 'n_b_outZH', 'n_q_outZH', 'ZH_bbvLscore'], flatten=True, store_size=True, fill_none=True, fill_value=-999.0, pos_start=None, pos_end=None)]}}
  - available weights variations: {'TTTo2L2Nu': ['nominal', 'pileup'],
'TTToHadronic': ['nominal', 'pileup'],
'TTToSemiLeptonic': ['nominal', 'pileup'],
'TTZToBB': ['nominal', 'pileup'],
'TTZToLLNuNu': ['nominal', 'pileup'],
'TTZToQQ': ['nominal', 'pileup'],
'TTbb_2L2Nu': ['nominal', 'pileup'],
'TTbb_Hadronic': ['nominal', 'pileup'],
'TTbb_SemiLeptonic': ['nominal', 'pileup'],
'ttHToNonbb': ['nominal', 'pileup'],
'ttHTobb': ['nominal', 'pileup']} 
  - available shape variations: {'TTTo2L2Nu': [],
'TTToHadronic': [],
'TTToSemiLeptonic': [],
'TTZToBB': [],
'TTZToLLNuNu': [],
'TTZToQQ': [],
'TTbb_2L2Nu': [],
'TTbb_Hadronic': [],
'TTbb_SemiLeptonic': [],
'ttHToNonbb': [],
'ttHTobb': []}
[INFO    ] Configurator instance:
  - Workflow: <class 'zhbbworkflow.ZHbbBaseProcessor'>
  - Workflow options: {}
  - N. datasets: 11 
   -- Dataset: ttHTobb_M125_M125_2017,  Sample: ttHTobb, N. files: 46, N. events: 7825000
   -- Dataset: ttHToNonbb_M125_M125_2017,  Sample: ttHToNonbb, N. files: 35, N. events: 5070989
   -- Dataset: TTZToBB__2017,  Sample: TTZToBB, N. files: 26, N. events: 7074000
   -- Dataset: TTZToQQ__2017,  Sample: TTZToQQ, N. files: 35, N. events: 13822000
   -- Dataset: TTZToLLNuNu__2017,  Sample: TTZToLLNuNu, N. files: 19, N. events: 14036000
   -- Dataset: TTbb_Hadronic__2017,  Sample: TTbb_Hadronic, N. files: 9, N. events: 5694656
   -- Dataset: TTbb_2L2Nu__2017,  Sample: TTbb_2L2Nu, N. files: 7, N. events: 3472503
   -- Dataset: TTbb_SemiLeptonic__2017,  Sample: TTbb_SemiLeptonic, N. files: 12, N. events: 7318891
   -- Dataset: TTToHadronic__2017,  Sample: TTToHadronic, N. files: 199, N. events: 232999999
   -- Dataset: TTTo2L2Nu__2017,  Sample: TTTo2L2Nu, N. files: 99, N. events: 106724000
   -- Dataset: TTToSemiLeptonic__2017,  Sample: TTToSemiLeptonic, N. files: 297, N. events: 346052000
  - Subsamples:
   -- Sample ttHTobb: StandardSelection ['ttHTobb'], (1 categories)
   -- Sample ttHToNonbb: StandardSelection ['ttHToNonbb'], (1 categories)
   -- Sample TTZToBB: StandardSelection ['TTZToBB'], (1 categories)
   -- Sample TTZToQQ: StandardSelection ['TTZToQQ'], (1 categories)
   -- Sample TTZToLLNuNu: StandardSelection ['TTZToLLNuNu'], (1 categories)
   -- Sample TTbb_Hadronic: StandardSelection ['TTbb_Hadronic'], (1 categories)
   -- Sample TTbb_2L2Nu: StandardSelection ['TTbb_2L2Nu'], (1 categories)
   -- Sample TTbb_SemiLeptonic: StandardSelection ['TTbb_SemiLeptonic'], (1 categories)
   -- Sample TTToHadronic: StandardSelection ['TTToHadronic'], (1 categories)
   -- Sample TTTo2L2Nu: StandardSelection ['TTTo2L2Nu'], (1 categories)
   -- Sample TTToSemiLeptonic: StandardSelection ['TTToSemiLeptonic'], (1 categories)
  - Skim: ['preSkimCut']
  - Preselection: ['eventSelection']
  - Categories: StandardSelection ['baseline', 'btag_mask'], (2 categories)
  - Variables:  ['mAK8', 'zhbbtag', 'zhbbtag_sorted', 'outZH_b1_pt']
  - Columns: {'TTTo2L2Nu': {'baseline': [ColOut(collection='events', columns=['process', 'matchedGen_ZHbb_bb', 'tt_type', 'outZH_b1_pt', 'outZH_b2_pt', 'outZH_b1_score', 'outZH_b2_score', 'outZH_q1_pt', 'outZH_q2_pt', 'outZH_q1_score', 'outZH_q2_score', 'outZH_b1_q_mindr', 'outZH_b2_q_mindr', 'outZH_q_q_dr_nearb1', 'outZH_q_q_dr_nearb2', 'outZH_qq_M_nearb1', 'outZH_qq_M_nearb2', 'outZH_b1_qq_dr', 'outZH_b2_qq_dr', 'outZH_b1qq_M', 'outZH_b2qq_M', 'ZH_b1qq_dr', 'ZH_b2qq_dr', 'ZH_lbb1qq_dr', 'ZH_lbb2qq_dr', 'l_b2_mtb', 'ZH_closeb_invM', 'n_ak8jets', 'n_ak4jets', 'n_ak8_ZHbb', 'outZH_max_ak8pnetMass', 'outZH_b12_m', 'outZH_b12_dr', 'ht_b', 'ht_outZH', 'ak4_bestb_inZH', 'ak4_worstb_inZH', 'nonZHbb_q1_dr', 'nonZHbb_b1_dr', 'inZHb_outZHb_dr', 'ZH_l_dr', 'ZH_l_invM', 'l_b1_invM', 'l_b2_invM', 'l_b1_dr', 'l_b2_dr', 'spher', 'aplan', 'n_b_inZH', 'n_q_inZH', 'n_b_outZH', 'n_q_outZH', 'ZH_bbvLscore'], flatten=True, store_size=True, fill_none=True, fill_value=-999.0, pos_start=None, pos_end=None)],
             'btag_mask': [ColOut(collection='events', columns=['process', 'matchedGen_ZHbb_bb', 'tt_type', 'outZH_b1_pt', 'outZH_b2_pt', 'outZH_b1_score', 'outZH_b2_score', 'outZH_q1_pt', 'outZH_q2_pt', 'outZH_q1_score', 'outZH_q2_score', 'outZH_b1_q_mindr', 'outZH_b2_q_mindr', 'outZH_q_q_dr_nearb1', 'outZH_q_q_dr_nearb2', 'outZH_qq_M_nearb1', 'outZH_qq_M_nearb2', 'outZH_b1_qq_dr', 'outZH_b2_qq_dr', 'outZH_b1qq_M', 'outZH_b2qq_M', 'ZH_b1qq_dr', 'ZH_b2qq_dr', 'ZH_lbb1qq_dr', 'ZH_lbb2qq_dr', 'l_b2_mtb', 'ZH_closeb_invM', 'n_ak8jets', 'n_ak4jets', 'n_ak8_ZHbb', 'outZH_max_ak8pnetMass', 'outZH_b12_m', 'outZH_b12_dr', 'ht_b', 'ht_outZH', 'ak4_bestb_inZH', 'ak4_worstb_inZH', 'nonZHbb_q1_dr', 'nonZHbb_b1_dr', 'inZHb_outZHb_dr', 'ZH_l_dr', 'ZH_l_invM', 'l_b1_invM', 'l_b2_invM', 'l_b1_dr', 'l_b2_dr', 'spher', 'aplan', 'n_b_inZH', 'n_q_inZH', 'n_b_outZH', 'n_q_outZH', 'ZH_bbvLscore'], flatten=True, store_size=True, fill_none=True, fill_value=-999.0, pos_start=None, pos_end=None)]},
'TTToHadronic': {'baseline': [ColOut(collection='events', columns=['process', 'matchedGen_ZHbb_bb', 'tt_type', 'outZH_b1_pt', 'outZH_b2_pt', 'outZH_b1_score', 'outZH_b2_score', 'outZH_q1_pt', 'outZH_q2_pt', 'outZH_q1_score', 'outZH_q2_score', 'outZH_b1_q_mindr', 'outZH_b2_q_mindr', 'outZH_q_q_dr_nearb1', 'outZH_q_q_dr_nearb2', 'outZH_qq_M_nearb1', 'outZH_qq_M_nearb2', 'outZH_b1_qq_dr', 'outZH_b2_qq_dr', 'outZH_b1qq_M', 'outZH_b2qq_M', 'ZH_b1qq_dr', 'ZH_b2qq_dr', 'ZH_lbb1qq_dr', 'ZH_lbb2qq_dr', 'l_b2_mtb', 'ZH_closeb_invM', 'n_ak8jets', 'n_ak4jets', 'n_ak8_ZHbb', 'outZH_max_ak8pnetMass', 'outZH_b12_m', 'outZH_b12_dr', 'ht_b', 'ht_outZH', 'ak4_bestb_inZH', 'ak4_worstb_inZH', 'nonZHbb_q1_dr', 'nonZHbb_b1_dr', 'inZHb_outZHb_dr', 'ZH_l_dr', 'ZH_l_invM', 'l_b1_invM', 'l_b2_invM', 'l_b1_dr', 'l_b2_dr', 'spher', 'aplan', 'n_b_inZH', 'n_q_inZH', 'n_b_outZH', 'n_q_outZH', 'ZH_bbvLscore'], flatten=True, store_size=True, fill_none=True, fill_value=-999.0, pos_start=None, pos_end=None)],
                'btag_mask': [ColOut(collection='events', columns=['process', 'matchedGen_ZHbb_bb', 'tt_type', 'outZH_b1_pt', 'outZH_b2_pt', 'outZH_b1_score', 'outZH_b2_score', 'outZH_q1_pt', 'outZH_q2_pt', 'outZH_q1_score', 'outZH_q2_score', 'outZH_b1_q_mindr', 'outZH_b2_q_mindr', 'outZH_q_q_dr_nearb1', 'outZH_q_q_dr_nearb2', 'outZH_qq_M_nearb1', 'outZH_qq_M_nearb2', 'outZH_b1_qq_dr', 'outZH_b2_qq_dr', 'outZH_b1qq_M', 'outZH_b2qq_M', 'ZH_b1qq_dr', 'ZH_b2qq_dr', 'ZH_lbb1qq_dr', 'ZH_lbb2qq_dr', 'l_b2_mtb', 'ZH_closeb_invM', 'n_ak8jets', 'n_ak4jets', 'n_ak8_ZHbb', 'outZH_max_ak8pnetMass', 'outZH_b12_m', 'outZH_b12_dr', 'ht_b', 'ht_outZH', 'ak4_bestb_inZH', 'ak4_worstb_inZH', 'nonZHbb_q1_dr', 'nonZHbb_b1_dr', 'inZHb_outZHb_dr', 'ZH_l_dr', 'ZH_l_invM', 'l_b1_invM', 'l_b2_invM', 'l_b1_dr', 'l_b2_dr', 'spher', 'aplan', 'n_b_inZH', 'n_q_inZH', 'n_b_outZH', 'n_q_outZH', 'ZH_bbvLscore'], flatten=True, store_size=True, fill_none=True, fill_value=-999.0, pos_start=None, pos_end=None)]},
'TTToSemiLeptonic': {'baseline': [ColOut(collection='events', columns=['process', 'matchedGen_ZHbb_bb', 'tt_type', 'outZH_b1_pt', 'outZH_b2_pt', 'outZH_b1_score', 'outZH_b2_score', 'outZH_q1_pt', 'outZH_q2_pt', 'outZH_q1_score', 'outZH_q2_score', 'outZH_b1_q_mindr', 'outZH_b2_q_mindr', 'outZH_q_q_dr_nearb1', 'outZH_q_q_dr_nearb2', 'outZH_qq_M_nearb1', 'outZH_qq_M_nearb2', 'outZH_b1_qq_dr', 'outZH_b2_qq_dr', 'outZH_b1qq_M', 'outZH_b2qq_M', 'ZH_b1qq_dr', 'ZH_b2qq_dr', 'ZH_lbb1qq_dr', 'ZH_lbb2qq_dr', 'l_b2_mtb', 'ZH_closeb_invM', 'n_ak8jets', 'n_ak4jets', 'n_ak8_ZHbb', 'outZH_max_ak8pnetMass', 'outZH_b12_m', 'outZH_b12_dr', 'ht_b', 'ht_outZH', 'ak4_bestb_inZH', 'ak4_worstb_inZH', 'nonZHbb_q1_dr', 'nonZHbb_b1_dr', 'inZHb_outZHb_dr', 'ZH_l_dr', 'ZH_l_invM', 'l_b1_invM', 'l_b2_invM', 'l_b1_dr', 'l_b2_dr', 'spher', 'aplan', 'n_b_inZH', 'n_q_inZH', 'n_b_outZH', 'n_q_outZH', 'ZH_bbvLscore'], flatten=True, store_size=True, fill_none=True, fill_value=-999.0, pos_start=None, pos_end=None)],
                    'btag_mask': [ColOut(collection='events', columns=['process', 'matchedGen_ZHbb_bb', 'tt_type', 'outZH_b1_pt', 'outZH_b2_pt', 'outZH_b1_score', 'outZH_b2_score', 'outZH_q1_pt', 'outZH_q2_pt', 'outZH_q1_score', 'outZH_q2_score', 'outZH_b1_q_mindr', 'outZH_b2_q_mindr', 'outZH_q_q_dr_nearb1', 'outZH_q_q_dr_nearb2', 'outZH_qq_M_nearb1', 'outZH_qq_M_nearb2', 'outZH_b1_qq_dr', 'outZH_b2_qq_dr', 'outZH_b1qq_M', 'outZH_b2qq_M', 'ZH_b1qq_dr', 'ZH_b2qq_dr', 'ZH_lbb1qq_dr', 'ZH_lbb2qq_dr', 'l_b2_mtb', 'ZH_closeb_invM', 'n_ak8jets', 'n_ak4jets', 'n_ak8_ZHbb', 'outZH_max_ak8pnetMass', 'outZH_b12_m', 'outZH_b12_dr', 'ht_b', 'ht_outZH', 'ak4_bestb_inZH', 'ak4_worstb_inZH', 'nonZHbb_q1_dr', 'nonZHbb_b1_dr', 'inZHb_outZHb_dr', 'ZH_l_dr', 'ZH_l_invM', 'l_b1_invM', 'l_b2_invM', 'l_b1_dr', 'l_b2_dr', 'spher', 'aplan', 'n_b_inZH', 'n_q_inZH', 'n_b_outZH', 'n_q_outZH', 'ZH_bbvLscore'], flatten=True, store_size=True, fill_none=True, fill_value=-999.0, pos_start=None, pos_end=None)]},
'TTZToBB': {'baseline': [ColOut(collection='events', columns=['process', 'matchedGen_ZHbb_bb', 'tt_type', 'outZH_b1_pt', 'outZH_b2_pt', 'outZH_b1_score', 'outZH_b2_score', 'outZH_q1_pt', 'outZH_q2_pt', 'outZH_q1_score', 'outZH_q2_score', 'outZH_b1_q_mindr', 'outZH_b2_q_mindr', 'outZH_q_q_dr_nearb1', 'outZH_q_q_dr_nearb2', 'outZH_qq_M_nearb1', 'outZH_qq_M_nearb2', 'outZH_b1_qq_dr', 'outZH_b2_qq_dr', 'outZH_b1qq_M', 'outZH_b2qq_M', 'ZH_b1qq_dr', 'ZH_b2qq_dr', 'ZH_lbb1qq_dr', 'ZH_lbb2qq_dr', 'l_b2_mtb', 'ZH_closeb_invM', 'n_ak8jets', 'n_ak4jets', 'n_ak8_ZHbb', 'outZH_max_ak8pnetMass', 'outZH_b12_m', 'outZH_b12_dr', 'ht_b', 'ht_outZH', 'ak4_bestb_inZH', 'ak4_worstb_inZH', 'nonZHbb_q1_dr', 'nonZHbb_b1_dr', 'inZHb_outZHb_dr', 'ZH_l_dr', 'ZH_l_invM', 'l_b1_invM', 'l_b2_invM', 'l_b1_dr', 'l_b2_dr', 'spher', 'aplan', 'n_b_inZH', 'n_q_inZH', 'n_b_outZH', 'n_q_outZH', 'ZH_bbvLscore'], flatten=True, store_size=True, fill_none=True, fill_value=-999.0, pos_start=None, pos_end=None)],
           'btag_mask': [ColOut(collection='events', columns=['process', 'matchedGen_ZHbb_bb', 'tt_type', 'outZH_b1_pt', 'outZH_b2_pt', 'outZH_b1_score', 'outZH_b2_score', 'outZH_q1_pt', 'outZH_q2_pt', 'outZH_q1_score', 'outZH_q2_score', 'outZH_b1_q_mindr', 'outZH_b2_q_mindr', 'outZH_q_q_dr_nearb1', 'outZH_q_q_dr_nearb2', 'outZH_qq_M_nearb1', 'outZH_qq_M_nearb2', 'outZH_b1_qq_dr', 'outZH_b2_qq_dr', 'outZH_b1qq_M', 'outZH_b2qq_M', 'ZH_b1qq_dr', 'ZH_b2qq_dr', 'ZH_lbb1qq_dr', 'ZH_lbb2qq_dr', 'l_b2_mtb', 'ZH_closeb_invM', 'n_ak8jets', 'n_ak4jets', 'n_ak8_ZHbb', 'outZH_max_ak8pnetMass', 'outZH_b12_m', 'outZH_b12_dr', 'ht_b', 'ht_outZH', 'ak4_bestb_inZH', 'ak4_worstb_inZH', 'nonZHbb_q1_dr', 'nonZHbb_b1_dr', 'inZHb_outZHb_dr', 'ZH_l_dr', 'ZH_l_invM', 'l_b1_invM', 'l_b2_invM', 'l_b1_dr', 'l_b2_dr', 'spher', 'aplan', 'n_b_inZH', 'n_q_inZH', 'n_b_outZH', 'n_q_outZH', 'ZH_bbvLscore'], flatten=True, store_size=True, fill_none=True, fill_value=-999.0, pos_start=None, pos_end=None)]},
'TTZToLLNuNu': {'baseline': [ColOut(collection='events', columns=['process', 'matchedGen_ZHbb_bb', 'tt_type', 'outZH_b1_pt', 'outZH_b2_pt', 'outZH_b1_score', 'outZH_b2_score', 'outZH_q1_pt', 'outZH_q2_pt', 'outZH_q1_score', 'outZH_q2_score', 'outZH_b1_q_mindr', 'outZH_b2_q_mindr', 'outZH_q_q_dr_nearb1', 'outZH_q_q_dr_nearb2', 'outZH_qq_M_nearb1', 'outZH_qq_M_nearb2', 'outZH_b1_qq_dr', 'outZH_b2_qq_dr', 'outZH_b1qq_M', 'outZH_b2qq_M', 'ZH_b1qq_dr', 'ZH_b2qq_dr', 'ZH_lbb1qq_dr', 'ZH_lbb2qq_dr', 'l_b2_mtb', 'ZH_closeb_invM', 'n_ak8jets', 'n_ak4jets', 'n_ak8_ZHbb', 'outZH_max_ak8pnetMass', 'outZH_b12_m', 'outZH_b12_dr', 'ht_b', 'ht_outZH', 'ak4_bestb_inZH', 'ak4_worstb_inZH', 'nonZHbb_q1_dr', 'nonZHbb_b1_dr', 'inZHb_outZHb_dr', 'ZH_l_dr', 'ZH_l_invM', 'l_b1_invM', 'l_b2_invM', 'l_b1_dr', 'l_b2_dr', 'spher', 'aplan', 'n_b_inZH', 'n_q_inZH', 'n_b_outZH', 'n_q_outZH', 'ZH_bbvLscore'], flatten=True, store_size=True, fill_none=True, fill_value=-999.0, pos_start=None, pos_end=None)],
               'btag_mask': [ColOut(collection='events', columns=['process', 'matchedGen_ZHbb_bb', 'tt_type', 'outZH_b1_pt', 'outZH_b2_pt', 'outZH_b1_score', 'outZH_b2_score', 'outZH_q1_pt', 'outZH_q2_pt', 'outZH_q1_score', 'outZH_q2_score', 'outZH_b1_q_mindr', 'outZH_b2_q_mindr', 'outZH_q_q_dr_nearb1', 'outZH_q_q_dr_nearb2', 'outZH_qq_M_nearb1', 'outZH_qq_M_nearb2', 'outZH_b1_qq_dr', 'outZH_b2_qq_dr', 'outZH_b1qq_M', 'outZH_b2qq_M', 'ZH_b1qq_dr', 'ZH_b2qq_dr', 'ZH_lbb1qq_dr', 'ZH_lbb2qq_dr', 'l_b2_mtb', 'ZH_closeb_invM', 'n_ak8jets', 'n_ak4jets', 'n_ak8_ZHbb', 'outZH_max_ak8pnetMass', 'outZH_b12_m', 'outZH_b12_dr', 'ht_b', 'ht_outZH', 'ak4_bestb_inZH', 'ak4_worstb_inZH', 'nonZHbb_q1_dr', 'nonZHbb_b1_dr', 'inZHb_outZHb_dr', 'ZH_l_dr', 'ZH_l_invM', 'l_b1_invM', 'l_b2_invM', 'l_b1_dr', 'l_b2_dr', 'spher', 'aplan', 'n_b_inZH', 'n_q_inZH', 'n_b_outZH', 'n_q_outZH', 'ZH_bbvLscore'], flatten=True, store_size=True, fill_none=True, fill_value=-999.0, pos_start=None, pos_end=None)]},
'TTZToQQ': {'baseline': [ColOut(collection='events', columns=['process', 'matchedGen_ZHbb_bb', 'tt_type', 'outZH_b1_pt', 'outZH_b2_pt', 'outZH_b1_score', 'outZH_b2_score', 'outZH_q1_pt', 'outZH_q2_pt', 'outZH_q1_score', 'outZH_q2_score', 'outZH_b1_q_mindr', 'outZH_b2_q_mindr', 'outZH_q_q_dr_nearb1', 'outZH_q_q_dr_nearb2', 'outZH_qq_M_nearb1', 'outZH_qq_M_nearb2', 'outZH_b1_qq_dr', 'outZH_b2_qq_dr', 'outZH_b1qq_M', 'outZH_b2qq_M', 'ZH_b1qq_dr', 'ZH_b2qq_dr', 'ZH_lbb1qq_dr', 'ZH_lbb2qq_dr', 'l_b2_mtb', 'ZH_closeb_invM', 'n_ak8jets', 'n_ak4jets', 'n_ak8_ZHbb', 'outZH_max_ak8pnetMass', 'outZH_b12_m', 'outZH_b12_dr', 'ht_b', 'ht_outZH', 'ak4_bestb_inZH', 'ak4_worstb_inZH', 'nonZHbb_q1_dr', 'nonZHbb_b1_dr', 'inZHb_outZHb_dr', 'ZH_l_dr', 'ZH_l_invM', 'l_b1_invM', 'l_b2_invM', 'l_b1_dr', 'l_b2_dr', 'spher', 'aplan', 'n_b_inZH', 'n_q_inZH', 'n_b_outZH', 'n_q_outZH', 'ZH_bbvLscore'], flatten=True, store_size=True, fill_none=True, fill_value=-999.0, pos_start=None, pos_end=None)],
           'btag_mask': [ColOut(collection='events', columns=['process', 'matchedGen_ZHbb_bb', 'tt_type', 'outZH_b1_pt', 'outZH_b2_pt', 'outZH_b1_score', 'outZH_b2_score', 'outZH_q1_pt', 'outZH_q2_pt', 'outZH_q1_score', 'outZH_q2_score', 'outZH_b1_q_mindr', 'outZH_b2_q_mindr', 'outZH_q_q_dr_nearb1', 'outZH_q_q_dr_nearb2', 'outZH_qq_M_nearb1', 'outZH_qq_M_nearb2', 'outZH_b1_qq_dr', 'outZH_b2_qq_dr', 'outZH_b1qq_M', 'outZH_b2qq_M', 'ZH_b1qq_dr', 'ZH_b2qq_dr', 'ZH_lbb1qq_dr', 'ZH_lbb2qq_dr', 'l_b2_mtb', 'ZH_closeb_invM', 'n_ak8jets', 'n_ak4jets', 'n_ak8_ZHbb', 'outZH_max_ak8pnetMass', 'outZH_b12_m', 'outZH_b12_dr', 'ht_b', 'ht_outZH', 'ak4_bestb_inZH', 'ak4_worstb_inZH', 'nonZHbb_q1_dr', 'nonZHbb_b1_dr', 'inZHb_outZHb_dr', 'ZH_l_dr', 'ZH_l_invM', 'l_b1_invM', 'l_b2_invM', 'l_b1_dr', 'l_b2_dr', 'spher', 'aplan', 'n_b_inZH', 'n_q_inZH', 'n_b_outZH', 'n_q_outZH', 'ZH_bbvLscore'], flatten=True, store_size=True, fill_none=True, fill_value=-999.0, pos_start=None, pos_end=None)]},
'TTbb_2L2Nu': {'baseline': [ColOut(collection='events', columns=['process', 'matchedGen_ZHbb_bb', 'tt_type', 'outZH_b1_pt', 'outZH_b2_pt', 'outZH_b1_score', 'outZH_b2_score', 'outZH_q1_pt', 'outZH_q2_pt', 'outZH_q1_score', 'outZH_q2_score', 'outZH_b1_q_mindr', 'outZH_b2_q_mindr', 'outZH_q_q_dr_nearb1', 'outZH_q_q_dr_nearb2', 'outZH_qq_M_nearb1', 'outZH_qq_M_nearb2', 'outZH_b1_qq_dr', 'outZH_b2_qq_dr', 'outZH_b1qq_M', 'outZH_b2qq_M', 'ZH_b1qq_dr', 'ZH_b2qq_dr', 'ZH_lbb1qq_dr', 'ZH_lbb2qq_dr', 'l_b2_mtb', 'ZH_closeb_invM', 'n_ak8jets', 'n_ak4jets', 'n_ak8_ZHbb', 'outZH_max_ak8pnetMass', 'outZH_b12_m', 'outZH_b12_dr', 'ht_b', 'ht_outZH', 'ak4_bestb_inZH', 'ak4_worstb_inZH', 'nonZHbb_q1_dr', 'nonZHbb_b1_dr', 'inZHb_outZHb_dr', 'ZH_l_dr', 'ZH_l_invM', 'l_b1_invM', 'l_b2_invM', 'l_b1_dr', 'l_b2_dr', 'spher', 'aplan', 'n_b_inZH', 'n_q_inZH', 'n_b_outZH', 'n_q_outZH', 'ZH_bbvLscore'], flatten=True, store_size=True, fill_none=True, fill_value=-999.0, pos_start=None, pos_end=None)],
              'btag_mask': [ColOut(collection='events', columns=['process', 'matchedGen_ZHbb_bb', 'tt_type', 'outZH_b1_pt', 'outZH_b2_pt', 'outZH_b1_score', 'outZH_b2_score', 'outZH_q1_pt', 'outZH_q2_pt', 'outZH_q1_score', 'outZH_q2_score', 'outZH_b1_q_mindr', 'outZH_b2_q_mindr', 'outZH_q_q_dr_nearb1', 'outZH_q_q_dr_nearb2', 'outZH_qq_M_nearb1', 'outZH_qq_M_nearb2', 'outZH_b1_qq_dr', 'outZH_b2_qq_dr', 'outZH_b1qq_M', 'outZH_b2qq_M', 'ZH_b1qq_dr', 'ZH_b2qq_dr', 'ZH_lbb1qq_dr', 'ZH_lbb2qq_dr', 'l_b2_mtb', 'ZH_closeb_invM', 'n_ak8jets', 'n_ak4jets', 'n_ak8_ZHbb', 'outZH_max_ak8pnetMass', 'outZH_b12_m', 'outZH_b12_dr', 'ht_b', 'ht_outZH', 'ak4_bestb_inZH', 'ak4_worstb_inZH', 'nonZHbb_q1_dr', 'nonZHbb_b1_dr', 'inZHb_outZHb_dr', 'ZH_l_dr', 'ZH_l_invM', 'l_b1_invM', 'l_b2_invM', 'l_b1_dr', 'l_b2_dr', 'spher', 'aplan', 'n_b_inZH', 'n_q_inZH', 'n_b_outZH', 'n_q_outZH', 'ZH_bbvLscore'], flatten=True, store_size=True, fill_none=True, fill_value=-999.0, pos_start=None, pos_end=None)]},
'TTbb_Hadronic': {'baseline': [ColOut(collection='events', columns=['process', 'matchedGen_ZHbb_bb', 'tt_type', 'outZH_b1_pt', 'outZH_b2_pt', 'outZH_b1_score', 'outZH_b2_score', 'outZH_q1_pt', 'outZH_q2_pt', 'outZH_q1_score', 'outZH_q2_score', 'outZH_b1_q_mindr', 'outZH_b2_q_mindr', 'outZH_q_q_dr_nearb1', 'outZH_q_q_dr_nearb2', 'outZH_qq_M_nearb1', 'outZH_qq_M_nearb2', 'outZH_b1_qq_dr', 'outZH_b2_qq_dr', 'outZH_b1qq_M', 'outZH_b2qq_M', 'ZH_b1qq_dr', 'ZH_b2qq_dr', 'ZH_lbb1qq_dr', 'ZH_lbb2qq_dr', 'l_b2_mtb', 'ZH_closeb_invM', 'n_ak8jets', 'n_ak4jets', 'n_ak8_ZHbb', 'outZH_max_ak8pnetMass', 'outZH_b12_m', 'outZH_b12_dr', 'ht_b', 'ht_outZH', 'ak4_bestb_inZH', 'ak4_worstb_inZH', 'nonZHbb_q1_dr', 'nonZHbb_b1_dr', 'inZHb_outZHb_dr', 'ZH_l_dr', 'ZH_l_invM', 'l_b1_invM', 'l_b2_invM', 'l_b1_dr', 'l_b2_dr', 'spher', 'aplan', 'n_b_inZH', 'n_q_inZH', 'n_b_outZH', 'n_q_outZH', 'ZH_bbvLscore'], flatten=True, store_size=True, fill_none=True, fill_value=-999.0, pos_start=None, pos_end=None)],
                 'btag_mask': [ColOut(collection='events', columns=['process', 'matchedGen_ZHbb_bb', 'tt_type', 'outZH_b1_pt', 'outZH_b2_pt', 'outZH_b1_score', 'outZH_b2_score', 'outZH_q1_pt', 'outZH_q2_pt', 'outZH_q1_score', 'outZH_q2_score', 'outZH_b1_q_mindr', 'outZH_b2_q_mindr', 'outZH_q_q_dr_nearb1', 'outZH_q_q_dr_nearb2', 'outZH_qq_M_nearb1', 'outZH_qq_M_nearb2', 'outZH_b1_qq_dr', 'outZH_b2_qq_dr', 'outZH_b1qq_M', 'outZH_b2qq_M', 'ZH_b1qq_dr', 'ZH_b2qq_dr', 'ZH_lbb1qq_dr', 'ZH_lbb2qq_dr', 'l_b2_mtb', 'ZH_closeb_invM', 'n_ak8jets', 'n_ak4jets', 'n_ak8_ZHbb', 'outZH_max_ak8pnetMass', 'outZH_b12_m', 'outZH_b12_dr', 'ht_b', 'ht_outZH', 'ak4_bestb_inZH', 'ak4_worstb_inZH', 'nonZHbb_q1_dr', 'nonZHbb_b1_dr', 'inZHb_outZHb_dr', 'ZH_l_dr', 'ZH_l_invM', 'l_b1_invM', 'l_b2_invM', 'l_b1_dr', 'l_b2_dr', 'spher', 'aplan', 'n_b_inZH', 'n_q_inZH', 'n_b_outZH', 'n_q_outZH', 'ZH_bbvLscore'], flatten=True, store_size=True, fill_none=True, fill_value=-999.0, pos_start=None, pos_end=None)]},
'TTbb_SemiLeptonic': {'baseline': [ColOut(collection='events', columns=['process', 'matchedGen_ZHbb_bb', 'tt_type', 'outZH_b1_pt', 'outZH_b2_pt', 'outZH_b1_score', 'outZH_b2_score', 'outZH_q1_pt', 'outZH_q2_pt', 'outZH_q1_score', 'outZH_q2_score', 'outZH_b1_q_mindr', 'outZH_b2_q_mindr', 'outZH_q_q_dr_nearb1', 'outZH_q_q_dr_nearb2', 'outZH_qq_M_nearb1', 'outZH_qq_M_nearb2', 'outZH_b1_qq_dr', 'outZH_b2_qq_dr', 'outZH_b1qq_M', 'outZH_b2qq_M', 'ZH_b1qq_dr', 'ZH_b2qq_dr', 'ZH_lbb1qq_dr', 'ZH_lbb2qq_dr', 'l_b2_mtb', 'ZH_closeb_invM', 'n_ak8jets', 'n_ak4jets', 'n_ak8_ZHbb', 'outZH_max_ak8pnetMass', 'outZH_b12_m', 'outZH_b12_dr', 'ht_b', 'ht_outZH', 'ak4_bestb_inZH', 'ak4_worstb_inZH', 'nonZHbb_q1_dr', 'nonZHbb_b1_dr', 'inZHb_outZHb_dr', 'ZH_l_dr', 'ZH_l_invM', 'l_b1_invM', 'l_b2_invM', 'l_b1_dr', 'l_b2_dr', 'spher', 'aplan', 'n_b_inZH', 'n_q_inZH', 'n_b_outZH', 'n_q_outZH', 'ZH_bbvLscore'], flatten=True, store_size=True, fill_none=True, fill_value=-999.0, pos_start=None, pos_end=None)],
                     'btag_mask': [ColOut(collection='events', columns=['process', 'matchedGen_ZHbb_bb', 'tt_type', 'outZH_b1_pt', 'outZH_b2_pt', 'outZH_b1_score', 'outZH_b2_score', 'outZH_q1_pt', 'outZH_q2_pt', 'outZH_q1_score', 'outZH_q2_score', 'outZH_b1_q_mindr', 'outZH_b2_q_mindr', 'outZH_q_q_dr_nearb1', 'outZH_q_q_dr_nearb2', 'outZH_qq_M_nearb1', 'outZH_qq_M_nearb2', 'outZH_b1_qq_dr', 'outZH_b2_qq_dr', 'outZH_b1qq_M', 'outZH_b2qq_M', 'ZH_b1qq_dr', 'ZH_b2qq_dr', 'ZH_lbb1qq_dr', 'ZH_lbb2qq_dr', 'l_b2_mtb', 'ZH_closeb_invM', 'n_ak8jets', 'n_ak4jets', 'n_ak8_ZHbb', 'outZH_max_ak8pnetMass', 'outZH_b12_m', 'outZH_b12_dr', 'ht_b', 'ht_outZH', 'ak4_bestb_inZH', 'ak4_worstb_inZH', 'nonZHbb_q1_dr', 'nonZHbb_b1_dr', 'inZHb_outZHb_dr', 'ZH_l_dr', 'ZH_l_invM', 'l_b1_invM', 'l_b2_invM', 'l_b1_dr', 'l_b2_dr', 'spher', 'aplan', 'n_b_inZH', 'n_q_inZH', 'n_b_outZH', 'n_q_outZH', 'ZH_bbvLscore'], flatten=True, store_size=True, fill_none=True, fill_value=-999.0, pos_start=None, pos_end=None)]},
'ttHToNonbb': {'baseline': [ColOut(collection='events', columns=['process', 'matchedGen_ZHbb_bb', 'tt_type', 'outZH_b1_pt', 'outZH_b2_pt', 'outZH_b1_score', 'outZH_b2_score', 'outZH_q1_pt', 'outZH_q2_pt', 'outZH_q1_score', 'outZH_q2_score', 'outZH_b1_q_mindr', 'outZH_b2_q_mindr', 'outZH_q_q_dr_nearb1', 'outZH_q_q_dr_nearb2', 'outZH_qq_M_nearb1', 'outZH_qq_M_nearb2', 'outZH_b1_qq_dr', 'outZH_b2_qq_dr', 'outZH_b1qq_M', 'outZH_b2qq_M', 'ZH_b1qq_dr', 'ZH_b2qq_dr', 'ZH_lbb1qq_dr', 'ZH_lbb2qq_dr', 'l_b2_mtb', 'ZH_closeb_invM', 'n_ak8jets', 'n_ak4jets', 'n_ak8_ZHbb', 'outZH_max_ak8pnetMass', 'outZH_b12_m', 'outZH_b12_dr', 'ht_b', 'ht_outZH', 'ak4_bestb_inZH', 'ak4_worstb_inZH', 'nonZHbb_q1_dr', 'nonZHbb_b1_dr', 'inZHb_outZHb_dr', 'ZH_l_dr', 'ZH_l_invM', 'l_b1_invM', 'l_b2_invM', 'l_b1_dr', 'l_b2_dr', 'spher', 'aplan', 'n_b_inZH', 'n_q_inZH', 'n_b_outZH', 'n_q_outZH', 'ZH_bbvLscore'], flatten=True, store_size=True, fill_none=True, fill_value=-999.0, pos_start=None, pos_end=None)],
              'btag_mask': [ColOut(collection='events', columns=['process', 'matchedGen_ZHbb_bb', 'tt_type', 'outZH_b1_pt', 'outZH_b2_pt', 'outZH_b1_score', 'outZH_b2_score', 'outZH_q1_pt', 'outZH_q2_pt', 'outZH_q1_score', 'outZH_q2_score', 'outZH_b1_q_mindr', 'outZH_b2_q_mindr', 'outZH_q_q_dr_nearb1', 'outZH_q_q_dr_nearb2', 'outZH_qq_M_nearb1', 'outZH_qq_M_nearb2', 'outZH_b1_qq_dr', 'outZH_b2_qq_dr', 'outZH_b1qq_M', 'outZH_b2qq_M', 'ZH_b1qq_dr', 'ZH_b2qq_dr', 'ZH_lbb1qq_dr', 'ZH_lbb2qq_dr', 'l_b2_mtb', 'ZH_closeb_invM', 'n_ak8jets', 'n_ak4jets', 'n_ak8_ZHbb', 'outZH_max_ak8pnetMass', 'outZH_b12_m', 'outZH_b12_dr', 'ht_b', 'ht_outZH', 'ak4_bestb_inZH', 'ak4_worstb_inZH', 'nonZHbb_q1_dr', 'nonZHbb_b1_dr', 'inZHb_outZHb_dr', 'ZH_l_dr', 'ZH_l_invM', 'l_b1_invM', 'l_b2_invM', 'l_b1_dr', 'l_b2_dr', 'spher', 'aplan', 'n_b_inZH', 'n_q_inZH', 'n_b_outZH', 'n_q_outZH', 'ZH_bbvLscore'], flatten=True, store_size=True, fill_none=True, fill_value=-999.0, pos_start=None, pos_end=None)]},
'ttHTobb': {'baseline': [ColOut(collection='events', columns=['process', 'matchedGen_ZHbb_bb', 'tt_type', 'outZH_b1_pt', 'outZH_b2_pt', 'outZH_b1_score', 'outZH_b2_score', 'outZH_q1_pt', 'outZH_q2_pt', 'outZH_q1_score', 'outZH_q2_score', 'outZH_b1_q_mindr', 'outZH_b2_q_mindr', 'outZH_q_q_dr_nearb1', 'outZH_q_q_dr_nearb2', 'outZH_qq_M_nearb1', 'outZH_qq_M_nearb2', 'outZH_b1_qq_dr', 'outZH_b2_qq_dr', 'outZH_b1qq_M', 'outZH_b2qq_M', 'ZH_b1qq_dr', 'ZH_b2qq_dr', 'ZH_lbb1qq_dr', 'ZH_lbb2qq_dr', 'l_b2_mtb', 'ZH_closeb_invM', 'n_ak8jets', 'n_ak4jets', 'n_ak8_ZHbb', 'outZH_max_ak8pnetMass', 'outZH_b12_m', 'outZH_b12_dr', 'ht_b', 'ht_outZH', 'ak4_bestb_inZH', 'ak4_worstb_inZH', 'nonZHbb_q1_dr', 'nonZHbb_b1_dr', 'inZHb_outZHb_dr', 'ZH_l_dr', 'ZH_l_invM', 'l_b1_invM', 'l_b2_invM', 'l_b1_dr', 'l_b2_dr', 'spher', 'aplan', 'n_b_inZH', 'n_q_inZH', 'n_b_outZH', 'n_q_outZH', 'ZH_bbvLscore'], flatten=True, store_size=True, fill_none=True, fill_value=-999.0, pos_start=None, pos_end=None)],
           'btag_mask': [ColOut(collection='events', columns=['process', 'matchedGen_ZHbb_bb', 'tt_type', 'outZH_b1_pt', 'outZH_b2_pt', 'outZH_b1_score', 'outZH_b2_score', 'outZH_q1_pt', 'outZH_q2_pt', 'outZH_q1_score', 'outZH_q2_score', 'outZH_b1_q_mindr', 'outZH_b2_q_mindr', 'outZH_q_q_dr_nearb1', 'outZH_q_q_dr_nearb2', 'outZH_qq_M_nearb1', 'outZH_qq_M_nearb2', 'outZH_b1_qq_dr', 'outZH_b2_qq_dr', 'outZH_b1qq_M', 'outZH_b2qq_M', 'ZH_b1qq_dr', 'ZH_b2qq_dr', 'ZH_lbb1qq_dr', 'ZH_lbb2qq_dr', 'l_b2_mtb', 'ZH_closeb_invM', 'n_ak8jets', 'n_ak4jets', 'n_ak8_ZHbb', 'outZH_max_ak8pnetMass', 'outZH_b12_m', 'outZH_b12_dr', 'ht_b', 'ht_outZH', 'ak4_bestb_inZH', 'ak4_worstb_inZH', 'nonZHbb_q1_dr', 'nonZHbb_b1_dr', 'inZHb_outZHb_dr', 'ZH_l_dr', 'ZH_l_invM', 'l_b1_invM', 'l_b2_invM', 'l_b1_dr', 'l_b2_dr', 'spher', 'aplan', 'n_b_inZH', 'n_q_inZH', 'n_b_outZH', 'n_q_outZH', 'ZH_bbvLscore'], flatten=True, store_size=True, fill_none=True, fill_value=-999.0, pos_start=None, pos_end=None)]}}
  - available weights variations: {'TTTo2L2Nu': ['nominal', 'pileup'],
'TTToHadronic': ['nominal', 'pileup'],
'TTToSemiLeptonic': ['nominal', 'pileup'],
'TTZToBB': ['nominal', 'pileup'],
'TTZToLLNuNu': ['nominal', 'pileup'],
'TTZToQQ': ['nominal', 'pileup'],
'TTbb_2L2Nu': ['nominal', 'pileup'],
'TTbb_Hadronic': ['nominal', 'pileup'],
'TTbb_SemiLeptonic': ['nominal', 'pileup'],
'ttHToNonbb': ['nominal', 'pileup'],
'ttHTobb': ['nominal', 'pileup']} 
  - available shape variations: {'TTTo2L2Nu': [],
'TTToHadronic': [],
'TTToSemiLeptonic': [],
'TTZToBB': [],
'TTZToLLNuNu': [],
'TTZToQQ': [],
'TTbb_2L2Nu': [],
'TTbb_Hadronic': [],
'TTbb_SemiLeptonic': [],
'ttHToNonbb': [],
'ttHTobb': []}
[INFO    ] Configurator instance:
  - Workflow: <class 'zhbbworkflow.ZHbbBaseProcessor'>
  - Workflow options: {}
  - N. datasets: 11 
   -- Dataset: ttHTobb_M125_M125_2017,  Sample: ttHTobb, N. files: 46, N. events: 7825000
   -- Dataset: ttHToNonbb_M125_M125_2017,  Sample: ttHToNonbb, N. files: 35, N. events: 5070989
   -- Dataset: TTZToBB__2017,  Sample: TTZToBB, N. files: 26, N. events: 7074000
   -- Dataset: TTZToQQ__2017,  Sample: TTZToQQ, N. files: 35, N. events: 13822000
   -- Dataset: TTZToLLNuNu__2017,  Sample: TTZToLLNuNu, N. files: 19, N. events: 14036000
   -- Dataset: TTbb_Hadronic__2017,  Sample: TTbb_Hadronic, N. files: 9, N. events: 5694656
   -- Dataset: TTbb_2L2Nu__2017,  Sample: TTbb_2L2Nu, N. files: 7, N. events: 3472503
   -- Dataset: TTbb_SemiLeptonic__2017,  Sample: TTbb_SemiLeptonic, N. files: 12, N. events: 7318891
   -- Dataset: TTToHadronic__2017,  Sample: TTToHadronic, N. files: 199, N. events: 232999999
   -- Dataset: TTTo2L2Nu__2017,  Sample: TTTo2L2Nu, N. files: 99, N. events: 106724000
   -- Dataset: TTToSemiLeptonic__2017,  Sample: TTToSemiLeptonic, N. files: 297, N. events: 346052000
  - Subsamples:
   -- Sample ttHTobb: StandardSelection ['ttHTobb'], (1 categories)
   -- Sample ttHToNonbb: StandardSelection ['ttHToNonbb'], (1 categories)
   -- Sample TTZToBB: StandardSelection ['TTZToBB'], (1 categories)
   -- Sample TTZToQQ: StandardSelection ['TTZToQQ'], (1 categories)
   -- Sample TTZToLLNuNu: StandardSelection ['TTZToLLNuNu'], (1 categories)
   -- Sample TTbb_Hadronic: StandardSelection ['TTbb_Hadronic'], (1 categories)
   -- Sample TTbb_2L2Nu: StandardSelection ['TTbb_2L2Nu'], (1 categories)
   -- Sample TTbb_SemiLeptonic: StandardSelection ['TTbb_SemiLeptonic'], (1 categories)
   -- Sample TTToHadronic: StandardSelection ['TTToHadronic'], (1 categories)
   -- Sample TTTo2L2Nu: StandardSelection ['TTTo2L2Nu'], (1 categories)
   -- Sample TTToSemiLeptonic: StandardSelection ['TTToSemiLeptonic'], (1 categories)
  - Skim: ['preSkimCut']
  - Preselection: ['eventSelection']
  - Categories: StandardSelection ['baseline', 'btag_mask'], (2 categories)
  - Variables:  ['mAK8', 'zhbbtag', 'zhbbtag_sorted', 'outZH_b1_pt']
  - Columns: {'TTTo2L2Nu': {'baseline': [ColOut(collection='events', columns=['process', 'matchedGen_ZHbb_bb', 'tt_type', 'outZH_b1_pt', 'outZH_b2_pt', 'outZH_b1_score', 'outZH_b2_score', 'outZH_q1_pt', 'outZH_q2_pt', 'outZH_q1_score', 'outZH_q2_score', 'outZH_b1_q_mindr', 'outZH_b2_q_mindr', 'outZH_q_q_dr_nearb1', 'outZH_q_q_dr_nearb2', 'outZH_qq_M_nearb1', 'outZH_qq_M_nearb2', 'outZH_b1_qq_dr', 'outZH_b2_qq_dr', 'outZH_b1qq_M', 'outZH_b2qq_M', 'ZH_b1qq_dr', 'ZH_b2qq_dr', 'ZH_lbb1qq_dr', 'ZH_lbb2qq_dr', 'l_b2_mtb', 'ZH_closeb_invM', 'n_ak8jets', 'n_ak4jets', 'n_ak8_ZHbb', 'outZH_max_ak8pnetMass', 'outZH_b12_m', 'outZH_b12_dr', 'ht_b', 'ht_outZH', 'ak4_bestb_inZH', 'ak4_worstb_inZH', 'nonZHbb_q1_dr', 'nonZHbb_b1_dr', 'inZHb_outZHb_dr', 'ZH_l_dr', 'ZH_l_invM', 'l_b1_invM', 'l_b2_invM', 'l_b1_dr', 'l_b2_dr', 'spher', 'aplan', 'n_b_inZH', 'n_q_inZH', 'n_b_outZH', 'n_q_outZH', 'ZH_bbvLscore'], flatten=True, store_size=True, fill_none=True, fill_value=-999.0, pos_start=None, pos_end=None)],
             'btag_mask': [ColOut(collection='events', columns=['process', 'matchedGen_ZHbb_bb', 'tt_type', 'outZH_b1_pt', 'outZH_b2_pt', 'outZH_b1_score', 'outZH_b2_score', 'outZH_q1_pt', 'outZH_q2_pt', 'outZH_q1_score', 'outZH_q2_score', 'outZH_b1_q_mindr', 'outZH_b2_q_mindr', 'outZH_q_q_dr_nearb1', 'outZH_q_q_dr_nearb2', 'outZH_qq_M_nearb1', 'outZH_qq_M_nearb2', 'outZH_b1_qq_dr', 'outZH_b2_qq_dr', 'outZH_b1qq_M', 'outZH_b2qq_M', 'ZH_b1qq_dr', 'ZH_b2qq_dr', 'ZH_lbb1qq_dr', 'ZH_lbb2qq_dr', 'l_b2_mtb', 'ZH_closeb_invM', 'n_ak8jets', 'n_ak4jets', 'n_ak8_ZHbb', 'outZH_max_ak8pnetMass', 'outZH_b12_m', 'outZH_b12_dr', 'ht_b', 'ht_outZH', 'ak4_bestb_inZH', 'ak4_worstb_inZH', 'nonZHbb_q1_dr', 'nonZHbb_b1_dr', 'inZHb_outZHb_dr', 'ZH_l_dr', 'ZH_l_invM', 'l_b1_invM', 'l_b2_invM', 'l_b1_dr', 'l_b2_dr', 'spher', 'aplan', 'n_b_inZH', 'n_q_inZH', 'n_b_outZH', 'n_q_outZH', 'ZH_bbvLscore'], flatten=True, store_size=True, fill_none=True, fill_value=-999.0, pos_start=None, pos_end=None)]},
'TTToHadronic': {'baseline': [ColOut(collection='events', columns=['process', 'matchedGen_ZHbb_bb', 'tt_type', 'outZH_b1_pt', 'outZH_b2_pt', 'outZH_b1_score', 'outZH_b2_score', 'outZH_q1_pt', 'outZH_q2_pt', 'outZH_q1_score', 'outZH_q2_score', 'outZH_b1_q_mindr', 'outZH_b2_q_mindr', 'outZH_q_q_dr_nearb1', 'outZH_q_q_dr_nearb2', 'outZH_qq_M_nearb1', 'outZH_qq_M_nearb2', 'outZH_b1_qq_dr', 'outZH_b2_qq_dr', 'outZH_b1qq_M', 'outZH_b2qq_M', 'ZH_b1qq_dr', 'ZH_b2qq_dr', 'ZH_lbb1qq_dr', 'ZH_lbb2qq_dr', 'l_b2_mtb', 'ZH_closeb_invM', 'n_ak8jets', 'n_ak4jets', 'n_ak8_ZHbb', 'outZH_max_ak8pnetMass', 'outZH_b12_m', 'outZH_b12_dr', 'ht_b', 'ht_outZH', 'ak4_bestb_inZH', 'ak4_worstb_inZH', 'nonZHbb_q1_dr', 'nonZHbb_b1_dr', 'inZHb_outZHb_dr', 'ZH_l_dr', 'ZH_l_invM', 'l_b1_invM', 'l_b2_invM', 'l_b1_dr', 'l_b2_dr', 'spher', 'aplan', 'n_b_inZH', 'n_q_inZH', 'n_b_outZH', 'n_q_outZH', 'ZH_bbvLscore'], flatten=True, store_size=True, fill_none=True, fill_value=-999.0, pos_start=None, pos_end=None)],
                'btag_mask': [ColOut(collection='events', columns=['process', 'matchedGen_ZHbb_bb', 'tt_type', 'outZH_b1_pt', 'outZH_b2_pt', 'outZH_b1_score', 'outZH_b2_score', 'outZH_q1_pt', 'outZH_q2_pt', 'outZH_q1_score', 'outZH_q2_score', 'outZH_b1_q_mindr', 'outZH_b2_q_mindr', 'outZH_q_q_dr_nearb1', 'outZH_q_q_dr_nearb2', 'outZH_qq_M_nearb1', 'outZH_qq_M_nearb2', 'outZH_b1_qq_dr', 'outZH_b2_qq_dr', 'outZH_b1qq_M', 'outZH_b2qq_M', 'ZH_b1qq_dr', 'ZH_b2qq_dr', 'ZH_lbb1qq_dr', 'ZH_lbb2qq_dr', 'l_b2_mtb', 'ZH_closeb_invM', 'n_ak8jets', 'n_ak4jets', 'n_ak8_ZHbb', 'outZH_max_ak8pnetMass', 'outZH_b12_m', 'outZH_b12_dr', 'ht_b', 'ht_outZH', 'ak4_bestb_inZH', 'ak4_worstb_inZH', 'nonZHbb_q1_dr', 'nonZHbb_b1_dr', 'inZHb_outZHb_dr', 'ZH_l_dr', 'ZH_l_invM', 'l_b1_invM', 'l_b2_invM', 'l_b1_dr', 'l_b2_dr', 'spher', 'aplan', 'n_b_inZH', 'n_q_inZH', 'n_b_outZH', 'n_q_outZH', 'ZH_bbvLscore'], flatten=True, store_size=True, fill_none=True, fill_value=-999.0, pos_start=None, pos_end=None)]},
'TTToSemiLeptonic': {'baseline': [ColOut(collection='events', columns=['process', 'matchedGen_ZHbb_bb', 'tt_type', 'outZH_b1_pt', 'outZH_b2_pt', 'outZH_b1_score', 'outZH_b2_score', 'outZH_q1_pt', 'outZH_q2_pt', 'outZH_q1_score', 'outZH_q2_score', 'outZH_b1_q_mindr', 'outZH_b2_q_mindr', 'outZH_q_q_dr_nearb1', 'outZH_q_q_dr_nearb2', 'outZH_qq_M_nearb1', 'outZH_qq_M_nearb2', 'outZH_b1_qq_dr', 'outZH_b2_qq_dr', 'outZH_b1qq_M', 'outZH_b2qq_M', 'ZH_b1qq_dr', 'ZH_b2qq_dr', 'ZH_lbb1qq_dr', 'ZH_lbb2qq_dr', 'l_b2_mtb', 'ZH_closeb_invM', 'n_ak8jets', 'n_ak4jets', 'n_ak8_ZHbb', 'outZH_max_ak8pnetMass', 'outZH_b12_m', 'outZH_b12_dr', 'ht_b', 'ht_outZH', 'ak4_bestb_inZH', 'ak4_worstb_inZH', 'nonZHbb_q1_dr', 'nonZHbb_b1_dr', 'inZHb_outZHb_dr', 'ZH_l_dr', 'ZH_l_invM', 'l_b1_invM', 'l_b2_invM', 'l_b1_dr', 'l_b2_dr', 'spher', 'aplan', 'n_b_inZH', 'n_q_inZH', 'n_b_outZH', 'n_q_outZH', 'ZH_bbvLscore'], flatten=True, store_size=True, fill_none=True, fill_value=-999.0, pos_start=None, pos_end=None)],
                    'btag_mask': [ColOut(collection='events', columns=['process', 'matchedGen_ZHbb_bb', 'tt_type', 'outZH_b1_pt', 'outZH_b2_pt', 'outZH_b1_score', 'outZH_b2_score', 'outZH_q1_pt', 'outZH_q2_pt', 'outZH_q1_score', 'outZH_q2_score', 'outZH_b1_q_mindr', 'outZH_b2_q_mindr', 'outZH_q_q_dr_nearb1', 'outZH_q_q_dr_nearb2', 'outZH_qq_M_nearb1', 'outZH_qq_M_nearb2', 'outZH_b1_qq_dr', 'outZH_b2_qq_dr', 'outZH_b1qq_M', 'outZH_b2qq_M', 'ZH_b1qq_dr', 'ZH_b2qq_dr', 'ZH_lbb1qq_dr', 'ZH_lbb2qq_dr', 'l_b2_mtb', 'ZH_closeb_invM', 'n_ak8jets', 'n_ak4jets', 'n_ak8_ZHbb', 'outZH_max_ak8pnetMass', 'outZH_b12_m', 'outZH_b12_dr', 'ht_b', 'ht_outZH', 'ak4_bestb_inZH', 'ak4_worstb_inZH', 'nonZHbb_q1_dr', 'nonZHbb_b1_dr', 'inZHb_outZHb_dr', 'ZH_l_dr', 'ZH_l_invM', 'l_b1_invM', 'l_b2_invM', 'l_b1_dr', 'l_b2_dr', 'spher', 'aplan', 'n_b_inZH', 'n_q_inZH', 'n_b_outZH', 'n_q_outZH', 'ZH_bbvLscore'], flatten=True, store_size=True, fill_none=True, fill_value=-999.0, pos_start=None, pos_end=None)]},
'TTZToBB': {'baseline': [ColOut(collection='events', columns=['process', 'matchedGen_ZHbb_bb', 'tt_type', 'outZH_b1_pt', 'outZH_b2_pt', 'outZH_b1_score', 'outZH_b2_score', 'outZH_q1_pt', 'outZH_q2_pt', 'outZH_q1_score', 'outZH_q2_score', 'outZH_b1_q_mindr', 'outZH_b2_q_mindr', 'outZH_q_q_dr_nearb1', 'outZH_q_q_dr_nearb2', 'outZH_qq_M_nearb1', 'outZH_qq_M_nearb2', 'outZH_b1_qq_dr', 'outZH_b2_qq_dr', 'outZH_b1qq_M', 'outZH_b2qq_M', 'ZH_b1qq_dr', 'ZH_b2qq_dr', 'ZH_lbb1qq_dr', 'ZH_lbb2qq_dr', 'l_b2_mtb', 'ZH_closeb_invM', 'n_ak8jets', 'n_ak4jets', 'n_ak8_ZHbb', 'outZH_max_ak8pnetMass', 'outZH_b12_m', 'outZH_b12_dr', 'ht_b', 'ht_outZH', 'ak4_bestb_inZH', 'ak4_worstb_inZH', 'nonZHbb_q1_dr', 'nonZHbb_b1_dr', 'inZHb_outZHb_dr', 'ZH_l_dr', 'ZH_l_invM', 'l_b1_invM', 'l_b2_invM', 'l_b1_dr', 'l_b2_dr', 'spher', 'aplan', 'n_b_inZH', 'n_q_inZH', 'n_b_outZH', 'n_q_outZH', 'ZH_bbvLscore'], flatten=True, store_size=True, fill_none=True, fill_value=-999.0, pos_start=None, pos_end=None)],
           'btag_mask': [ColOut(collection='events', columns=['process', 'matchedGen_ZHbb_bb', 'tt_type', 'outZH_b1_pt', 'outZH_b2_pt', 'outZH_b1_score', 'outZH_b2_score', 'outZH_q1_pt', 'outZH_q2_pt', 'outZH_q1_score', 'outZH_q2_score', 'outZH_b1_q_mindr', 'outZH_b2_q_mindr', 'outZH_q_q_dr_nearb1', 'outZH_q_q_dr_nearb2', 'outZH_qq_M_nearb1', 'outZH_qq_M_nearb2', 'outZH_b1_qq_dr', 'outZH_b2_qq_dr', 'outZH_b1qq_M', 'outZH_b2qq_M', 'ZH_b1qq_dr', 'ZH_b2qq_dr', 'ZH_lbb1qq_dr', 'ZH_lbb2qq_dr', 'l_b2_mtb', 'ZH_closeb_invM', 'n_ak8jets', 'n_ak4jets', 'n_ak8_ZHbb', 'outZH_max_ak8pnetMass', 'outZH_b12_m', 'outZH_b12_dr', 'ht_b', 'ht_outZH', 'ak4_bestb_inZH', 'ak4_worstb_inZH', 'nonZHbb_q1_dr', 'nonZHbb_b1_dr', 'inZHb_outZHb_dr', 'ZH_l_dr', 'ZH_l_invM', 'l_b1_invM', 'l_b2_invM', 'l_b1_dr', 'l_b2_dr', 'spher', 'aplan', 'n_b_inZH', 'n_q_inZH', 'n_b_outZH', 'n_q_outZH', 'ZH_bbvLscore'], flatten=True, store_size=True, fill_none=True, fill_value=-999.0, pos_start=None, pos_end=None)]},
'TTZToLLNuNu': {'baseline': [ColOut(collection='events', columns=['process', 'matchedGen_ZHbb_bb', 'tt_type', 'outZH_b1_pt', 'outZH_b2_pt', 'outZH_b1_score', 'outZH_b2_score', 'outZH_q1_pt', 'outZH_q2_pt', 'outZH_q1_score', 'outZH_q2_score', 'outZH_b1_q_mindr', 'outZH_b2_q_mindr', 'outZH_q_q_dr_nearb1', 'outZH_q_q_dr_nearb2', 'outZH_qq_M_nearb1', 'outZH_qq_M_nearb2', 'outZH_b1_qq_dr', 'outZH_b2_qq_dr', 'outZH_b1qq_M', 'outZH_b2qq_M', 'ZH_b1qq_dr', 'ZH_b2qq_dr', 'ZH_lbb1qq_dr', 'ZH_lbb2qq_dr', 'l_b2_mtb', 'ZH_closeb_invM', 'n_ak8jets', 'n_ak4jets', 'n_ak8_ZHbb', 'outZH_max_ak8pnetMass', 'outZH_b12_m', 'outZH_b12_dr', 'ht_b', 'ht_outZH', 'ak4_bestb_inZH', 'ak4_worstb_inZH', 'nonZHbb_q1_dr', 'nonZHbb_b1_dr', 'inZHb_outZHb_dr', 'ZH_l_dr', 'ZH_l_invM', 'l_b1_invM', 'l_b2_invM', 'l_b1_dr', 'l_b2_dr', 'spher', 'aplan', 'n_b_inZH', 'n_q_inZH', 'n_b_outZH', 'n_q_outZH', 'ZH_bbvLscore'], flatten=True, store_size=True, fill_none=True, fill_value=-999.0, pos_start=None, pos_end=None)],
               'btag_mask': [ColOut(collection='events', columns=['process', 'matchedGen_ZHbb_bb', 'tt_type', 'outZH_b1_pt', 'outZH_b2_pt', 'outZH_b1_score', 'outZH_b2_score', 'outZH_q1_pt', 'outZH_q2_pt', 'outZH_q1_score', 'outZH_q2_score', 'outZH_b1_q_mindr', 'outZH_b2_q_mindr', 'outZH_q_q_dr_nearb1', 'outZH_q_q_dr_nearb2', 'outZH_qq_M_nearb1', 'outZH_qq_M_nearb2', 'outZH_b1_qq_dr', 'outZH_b2_qq_dr', 'outZH_b1qq_M', 'outZH_b2qq_M', 'ZH_b1qq_dr', 'ZH_b2qq_dr', 'ZH_lbb1qq_dr', 'ZH_lbb2qq_dr', 'l_b2_mtb', 'ZH_closeb_invM', 'n_ak8jets', 'n_ak4jets', 'n_ak8_ZHbb', 'outZH_max_ak8pnetMass', 'outZH_b12_m', 'outZH_b12_dr', 'ht_b', 'ht_outZH', 'ak4_bestb_inZH', 'ak4_worstb_inZH', 'nonZHbb_q1_dr', 'nonZHbb_b1_dr', 'inZHb_outZHb_dr', 'ZH_l_dr', 'ZH_l_invM', 'l_b1_invM', 'l_b2_invM', 'l_b1_dr', 'l_b2_dr', 'spher', 'aplan', 'n_b_inZH', 'n_q_inZH', 'n_b_outZH', 'n_q_outZH', 'ZH_bbvLscore'], flatten=True, store_size=True, fill_none=True, fill_value=-999.0, pos_start=None, pos_end=None)]},
'TTZToQQ': {'baseline': [ColOut(collection='events', columns=['process', 'matchedGen_ZHbb_bb', 'tt_type', 'outZH_b1_pt', 'outZH_b2_pt', 'outZH_b1_score', 'outZH_b2_score', 'outZH_q1_pt', 'outZH_q2_pt', 'outZH_q1_score', 'outZH_q2_score', 'outZH_b1_q_mindr', 'outZH_b2_q_mindr', 'outZH_q_q_dr_nearb1', 'outZH_q_q_dr_nearb2', 'outZH_qq_M_nearb1', 'outZH_qq_M_nearb2', 'outZH_b1_qq_dr', 'outZH_b2_qq_dr', 'outZH_b1qq_M', 'outZH_b2qq_M', 'ZH_b1qq_dr', 'ZH_b2qq_dr', 'ZH_lbb1qq_dr', 'ZH_lbb2qq_dr', 'l_b2_mtb', 'ZH_closeb_invM', 'n_ak8jets', 'n_ak4jets', 'n_ak8_ZHbb', 'outZH_max_ak8pnetMass', 'outZH_b12_m', 'outZH_b12_dr', 'ht_b', 'ht_outZH', 'ak4_bestb_inZH', 'ak4_worstb_inZH', 'nonZHbb_q1_dr', 'nonZHbb_b1_dr', 'inZHb_outZHb_dr', 'ZH_l_dr', 'ZH_l_invM', 'l_b1_invM', 'l_b2_invM', 'l_b1_dr', 'l_b2_dr', 'spher', 'aplan', 'n_b_inZH', 'n_q_inZH', 'n_b_outZH', 'n_q_outZH', 'ZH_bbvLscore'], flatten=True, store_size=True, fill_none=True, fill_value=-999.0, pos_start=None, pos_end=None)],
           'btag_mask': [ColOut(collection='events', columns=['process', 'matchedGen_ZHbb_bb', 'tt_type', 'outZH_b1_pt', 'outZH_b2_pt', 'outZH_b1_score', 'outZH_b2_score', 'outZH_q1_pt', 'outZH_q2_pt', 'outZH_q1_score', 'outZH_q2_score', 'outZH_b1_q_mindr', 'outZH_b2_q_mindr', 'outZH_q_q_dr_nearb1', 'outZH_q_q_dr_nearb2', 'outZH_qq_M_nearb1', 'outZH_qq_M_nearb2', 'outZH_b1_qq_dr', 'outZH_b2_qq_dr', 'outZH_b1qq_M', 'outZH_b2qq_M', 'ZH_b1qq_dr', 'ZH_b2qq_dr', 'ZH_lbb1qq_dr', 'ZH_lbb2qq_dr', 'l_b2_mtb', 'ZH_closeb_invM', 'n_ak8jets', 'n_ak4jets', 'n_ak8_ZHbb', 'outZH_max_ak8pnetMass', 'outZH_b12_m', 'outZH_b12_dr', 'ht_b', 'ht_outZH', 'ak4_bestb_inZH', 'ak4_worstb_inZH', 'nonZHbb_q1_dr', 'nonZHbb_b1_dr', 'inZHb_outZHb_dr', 'ZH_l_dr', 'ZH_l_invM', 'l_b1_invM', 'l_b2_invM', 'l_b1_dr', 'l_b2_dr', 'spher', 'aplan', 'n_b_inZH', 'n_q_inZH', 'n_b_outZH', 'n_q_outZH', 'ZH_bbvLscore'], flatten=True, store_size=True, fill_none=True, fill_value=-999.0, pos_start=None, pos_end=None)]},
'TTbb_2L2Nu': {'baseline': [ColOut(collection='events', columns=['process', 'matchedGen_ZHbb_bb', 'tt_type', 'outZH_b1_pt', 'outZH_b2_pt', 'outZH_b1_score', 'outZH_b2_score', 'outZH_q1_pt', 'outZH_q2_pt', 'outZH_q1_score', 'outZH_q2_score', 'outZH_b1_q_mindr', 'outZH_b2_q_mindr', 'outZH_q_q_dr_nearb1', 'outZH_q_q_dr_nearb2', 'outZH_qq_M_nearb1', 'outZH_qq_M_nearb2', 'outZH_b1_qq_dr', 'outZH_b2_qq_dr', 'outZH_b1qq_M', 'outZH_b2qq_M', 'ZH_b1qq_dr', 'ZH_b2qq_dr', 'ZH_lbb1qq_dr', 'ZH_lbb2qq_dr', 'l_b2_mtb', 'ZH_closeb_invM', 'n_ak8jets', 'n_ak4jets', 'n_ak8_ZHbb', 'outZH_max_ak8pnetMass', 'outZH_b12_m', 'outZH_b12_dr', 'ht_b', 'ht_outZH', 'ak4_bestb_inZH', 'ak4_worstb_inZH', 'nonZHbb_q1_dr', 'nonZHbb_b1_dr', 'inZHb_outZHb_dr', 'ZH_l_dr', 'ZH_l_invM', 'l_b1_invM', 'l_b2_invM', 'l_b1_dr', 'l_b2_dr', 'spher', 'aplan', 'n_b_inZH', 'n_q_inZH', 'n_b_outZH', 'n_q_outZH', 'ZH_bbvLscore'], flatten=True, store_size=True, fill_none=True, fill_value=-999.0, pos_start=None, pos_end=None)],
              'btag_mask': [ColOut(collection='events', columns=['process', 'matchedGen_ZHbb_bb', 'tt_type', 'outZH_b1_pt', 'outZH_b2_pt', 'outZH_b1_score', 'outZH_b2_score', 'outZH_q1_pt', 'outZH_q2_pt', 'outZH_q1_score', 'outZH_q2_score', 'outZH_b1_q_mindr', 'outZH_b2_q_mindr', 'outZH_q_q_dr_nearb1', 'outZH_q_q_dr_nearb2', 'outZH_qq_M_nearb1', 'outZH_qq_M_nearb2', 'outZH_b1_qq_dr', 'outZH_b2_qq_dr', 'outZH_b1qq_M', 'outZH_b2qq_M', 'ZH_b1qq_dr', 'ZH_b2qq_dr', 'ZH_lbb1qq_dr', 'ZH_lbb2qq_dr', 'l_b2_mtb', 'ZH_closeb_invM', 'n_ak8jets', 'n_ak4jets', 'n_ak8_ZHbb', 'outZH_max_ak8pnetMass', 'outZH_b12_m', 'outZH_b12_dr', 'ht_b', 'ht_outZH', 'ak4_bestb_inZH', 'ak4_worstb_inZH', 'nonZHbb_q1_dr', 'nonZHbb_b1_dr', 'inZHb_outZHb_dr', 'ZH_l_dr', 'ZH_l_invM', 'l_b1_invM', 'l_b2_invM', 'l_b1_dr', 'l_b2_dr', 'spher', 'aplan', 'n_b_inZH', 'n_q_inZH', 'n_b_outZH', 'n_q_outZH', 'ZH_bbvLscore'], flatten=True, store_size=True, fill_none=True, fill_value=-999.0, pos_start=None, pos_end=None)]},
'TTbb_Hadronic': {'baseline': [ColOut(collection='events', columns=['process', 'matchedGen_ZHbb_bb', 'tt_type', 'outZH_b1_pt', 'outZH_b2_pt', 'outZH_b1_score', 'outZH_b2_score', 'outZH_q1_pt', 'outZH_q2_pt', 'outZH_q1_score', 'outZH_q2_score', 'outZH_b1_q_mindr', 'outZH_b2_q_mindr', 'outZH_q_q_dr_nearb1', 'outZH_q_q_dr_nearb2', 'outZH_qq_M_nearb1', 'outZH_qq_M_nearb2', 'outZH_b1_qq_dr', 'outZH_b2_qq_dr', 'outZH_b1qq_M', 'outZH_b2qq_M', 'ZH_b1qq_dr', 'ZH_b2qq_dr', 'ZH_lbb1qq_dr', 'ZH_lbb2qq_dr', 'l_b2_mtb', 'ZH_closeb_invM', 'n_ak8jets', 'n_ak4jets', 'n_ak8_ZHbb', 'outZH_max_ak8pnetMass', 'outZH_b12_m', 'outZH_b12_dr', 'ht_b', 'ht_outZH', 'ak4_bestb_inZH', 'ak4_worstb_inZH', 'nonZHbb_q1_dr', 'nonZHbb_b1_dr', 'inZHb_outZHb_dr', 'ZH_l_dr', 'ZH_l_invM', 'l_b1_invM', 'l_b2_invM', 'l_b1_dr', 'l_b2_dr', 'spher', 'aplan', 'n_b_inZH', 'n_q_inZH', 'n_b_outZH', 'n_q_outZH', 'ZH_bbvLscore'], flatten=True, store_size=True, fill_none=True, fill_value=-999.0, pos_start=None, pos_end=None)],
                 'btag_mask': [ColOut(collection='events', columns=['process', 'matchedGen_ZHbb_bb', 'tt_type', 'outZH_b1_pt', 'outZH_b2_pt', 'outZH_b1_score', 'outZH_b2_score', 'outZH_q1_pt', 'outZH_q2_pt', 'outZH_q1_score', 'outZH_q2_score', 'outZH_b1_q_mindr', 'outZH_b2_q_mindr', 'outZH_q_q_dr_nearb1', 'outZH_q_q_dr_nearb2', 'outZH_qq_M_nearb1', 'outZH_qq_M_nearb2', 'outZH_b1_qq_dr', 'outZH_b2_qq_dr', 'outZH_b1qq_M', 'outZH_b2qq_M', 'ZH_b1qq_dr', 'ZH_b2qq_dr', 'ZH_lbb1qq_dr', 'ZH_lbb2qq_dr', 'l_b2_mtb', 'ZH_closeb_invM', 'n_ak8jets', 'n_ak4jets', 'n_ak8_ZHbb', 'outZH_max_ak8pnetMass', 'outZH_b12_m', 'outZH_b12_dr', 'ht_b', 'ht_outZH', 'ak4_bestb_inZH', 'ak4_worstb_inZH', 'nonZHbb_q1_dr', 'nonZHbb_b1_dr', 'inZHb_outZHb_dr', 'ZH_l_dr', 'ZH_l_invM', 'l_b1_invM', 'l_b2_invM', 'l_b1_dr', 'l_b2_dr', 'spher', 'aplan', 'n_b_inZH', 'n_q_inZH', 'n_b_outZH', 'n_q_outZH', 'ZH_bbvLscore'], flatten=True, store_size=True, fill_none=True, fill_value=-999.0, pos_start=None, pos_end=None)]},
'TTbb_SemiLeptonic': {'baseline': [ColOut(collection='events', columns=['process', 'matchedGen_ZHbb_bb', 'tt_type', 'outZH_b1_pt', 'outZH_b2_pt', 'outZH_b1_score', 'outZH_b2_score', 'outZH_q1_pt', 'outZH_q2_pt', 'outZH_q1_score', 'outZH_q2_score', 'outZH_b1_q_mindr', 'outZH_b2_q_mindr', 'outZH_q_q_dr_nearb1', 'outZH_q_q_dr_nearb2', 'outZH_qq_M_nearb1', 'outZH_qq_M_nearb2', 'outZH_b1_qq_dr', 'outZH_b2_qq_dr', 'outZH_b1qq_M', 'outZH_b2qq_M', 'ZH_b1qq_dr', 'ZH_b2qq_dr', 'ZH_lbb1qq_dr', 'ZH_lbb2qq_dr', 'l_b2_mtb', 'ZH_closeb_invM', 'n_ak8jets', 'n_ak4jets', 'n_ak8_ZHbb', 'outZH_max_ak8pnetMass', 'outZH_b12_m', 'outZH_b12_dr', 'ht_b', 'ht_outZH', 'ak4_bestb_inZH', 'ak4_worstb_inZH', 'nonZHbb_q1_dr', 'nonZHbb_b1_dr', 'inZHb_outZHb_dr', 'ZH_l_dr', 'ZH_l_invM', 'l_b1_invM', 'l_b2_invM', 'l_b1_dr', 'l_b2_dr', 'spher', 'aplan', 'n_b_inZH', 'n_q_inZH', 'n_b_outZH', 'n_q_outZH', 'ZH_bbvLscore'], flatten=True, store_size=True, fill_none=True, fill_value=-999.0, pos_start=None, pos_end=None)],
                     'btag_mask': [ColOut(collection='events', columns=['process', 'matchedGen_ZHbb_bb', 'tt_type', 'outZH_b1_pt', 'outZH_b2_pt', 'outZH_b1_score', 'outZH_b2_score', 'outZH_q1_pt', 'outZH_q2_pt', 'outZH_q1_score', 'outZH_q2_score', 'outZH_b1_q_mindr', 'outZH_b2_q_mindr', 'outZH_q_q_dr_nearb1', 'outZH_q_q_dr_nearb2', 'outZH_qq_M_nearb1', 'outZH_qq_M_nearb2', 'outZH_b1_qq_dr', 'outZH_b2_qq_dr', 'outZH_b1qq_M', 'outZH_b2qq_M', 'ZH_b1qq_dr', 'ZH_b2qq_dr', 'ZH_lbb1qq_dr', 'ZH_lbb2qq_dr', 'l_b2_mtb', 'ZH_closeb_invM', 'n_ak8jets', 'n_ak4jets', 'n_ak8_ZHbb', 'outZH_max_ak8pnetMass', 'outZH_b12_m', 'outZH_b12_dr', 'ht_b', 'ht_outZH', 'ak4_bestb_inZH', 'ak4_worstb_inZH', 'nonZHbb_q1_dr', 'nonZHbb_b1_dr', 'inZHb_outZHb_dr', 'ZH_l_dr', 'ZH_l_invM', 'l_b1_invM', 'l_b2_invM', 'l_b1_dr', 'l_b2_dr', 'spher', 'aplan', 'n_b_inZH', 'n_q_inZH', 'n_b_outZH', 'n_q_outZH', 'ZH_bbvLscore'], flatten=True, store_size=True, fill_none=True, fill_value=-999.0, pos_start=None, pos_end=None)]},
'ttHToNonbb': {'baseline': [ColOut(collection='events', columns=['process', 'matchedGen_ZHbb_bb', 'tt_type', 'outZH_b1_pt', 'outZH_b2_pt', 'outZH_b1_score', 'outZH_b2_score', 'outZH_q1_pt', 'outZH_q2_pt', 'outZH_q1_score', 'outZH_q2_score', 'outZH_b1_q_mindr', 'outZH_b2_q_mindr', 'outZH_q_q_dr_nearb1', 'outZH_q_q_dr_nearb2', 'outZH_qq_M_nearb1', 'outZH_qq_M_nearb2', 'outZH_b1_qq_dr', 'outZH_b2_qq_dr', 'outZH_b1qq_M', 'outZH_b2qq_M', 'ZH_b1qq_dr', 'ZH_b2qq_dr', 'ZH_lbb1qq_dr', 'ZH_lbb2qq_dr', 'l_b2_mtb', 'ZH_closeb_invM', 'n_ak8jets', 'n_ak4jets', 'n_ak8_ZHbb', 'outZH_max_ak8pnetMass', 'outZH_b12_m', 'outZH_b12_dr', 'ht_b', 'ht_outZH', 'ak4_bestb_inZH', 'ak4_worstb_inZH', 'nonZHbb_q1_dr', 'nonZHbb_b1_dr', 'inZHb_outZHb_dr', 'ZH_l_dr', 'ZH_l_invM', 'l_b1_invM', 'l_b2_invM', 'l_b1_dr', 'l_b2_dr', 'spher', 'aplan', 'n_b_inZH', 'n_q_inZH', 'n_b_outZH', 'n_q_outZH', 'ZH_bbvLscore'], flatten=True, store_size=True, fill_none=True, fill_value=-999.0, pos_start=None, pos_end=None)],
              'btag_mask': [ColOut(collection='events', columns=['process', 'matchedGen_ZHbb_bb', 'tt_type', 'outZH_b1_pt', 'outZH_b2_pt', 'outZH_b1_score', 'outZH_b2_score', 'outZH_q1_pt', 'outZH_q2_pt', 'outZH_q1_score', 'outZH_q2_score', 'outZH_b1_q_mindr', 'outZH_b2_q_mindr', 'outZH_q_q_dr_nearb1', 'outZH_q_q_dr_nearb2', 'outZH_qq_M_nearb1', 'outZH_qq_M_nearb2', 'outZH_b1_qq_dr', 'outZH_b2_qq_dr', 'outZH_b1qq_M', 'outZH_b2qq_M', 'ZH_b1qq_dr', 'ZH_b2qq_dr', 'ZH_lbb1qq_dr', 'ZH_lbb2qq_dr', 'l_b2_mtb', 'ZH_closeb_invM', 'n_ak8jets', 'n_ak4jets', 'n_ak8_ZHbb', 'outZH_max_ak8pnetMass', 'outZH_b12_m', 'outZH_b12_dr', 'ht_b', 'ht_outZH', 'ak4_bestb_inZH', 'ak4_worstb_inZH', 'nonZHbb_q1_dr', 'nonZHbb_b1_dr', 'inZHb_outZHb_dr', 'ZH_l_dr', 'ZH_l_invM', 'l_b1_invM', 'l_b2_invM', 'l_b1_dr', 'l_b2_dr', 'spher', 'aplan', 'n_b_inZH', 'n_q_inZH', 'n_b_outZH', 'n_q_outZH', 'ZH_bbvLscore'], flatten=True, store_size=True, fill_none=True, fill_value=-999.0, pos_start=None, pos_end=None)]},
'ttHTobb': {'baseline': [ColOut(collection='events', columns=['process', 'matchedGen_ZHbb_bb', 'tt_type', 'outZH_b1_pt', 'outZH_b2_pt', 'outZH_b1_score', 'outZH_b2_score', 'outZH_q1_pt', 'outZH_q2_pt', 'outZH_q1_score', 'outZH_q2_score', 'outZH_b1_q_mindr', 'outZH_b2_q_mindr', 'outZH_q_q_dr_nearb1', 'outZH_q_q_dr_nearb2', 'outZH_qq_M_nearb1', 'outZH_qq_M_nearb2', 'outZH_b1_qq_dr', 'outZH_b2_qq_dr', 'outZH_b1qq_M', 'outZH_b2qq_M', 'ZH_b1qq_dr', 'ZH_b2qq_dr', 'ZH_lbb1qq_dr', 'ZH_lbb2qq_dr', 'l_b2_mtb', 'ZH_closeb_invM', 'n_ak8jets', 'n_ak4jets', 'n_ak8_ZHbb', 'outZH_max_ak8pnetMass', 'outZH_b12_m', 'outZH_b12_dr', 'ht_b', 'ht_outZH', 'ak4_bestb_inZH', 'ak4_worstb_inZH', 'nonZHbb_q1_dr', 'nonZHbb_b1_dr', 'inZHb_outZHb_dr', 'ZH_l_dr', 'ZH_l_invM', 'l_b1_invM', 'l_b2_invM', 'l_b1_dr', 'l_b2_dr', 'spher', 'aplan', 'n_b_inZH', 'n_q_inZH', 'n_b_outZH', 'n_q_outZH', 'ZH_bbvLscore'], flatten=True, store_size=True, fill_none=True, fill_value=-999.0, pos_start=None, pos_end=None)],
           'btag_mask': [ColOut(collection='events', columns=['process', 'matchedGen_ZHbb_bb', 'tt_type', 'outZH_b1_pt', 'outZH_b2_pt', 'outZH_b1_score', 'outZH_b2_score', 'outZH_q1_pt', 'outZH_q2_pt', 'outZH_q1_score', 'outZH_q2_score', 'outZH_b1_q_mindr', 'outZH_b2_q_mindr', 'outZH_q_q_dr_nearb1', 'outZH_q_q_dr_nearb2', 'outZH_qq_M_nearb1', 'outZH_qq_M_nearb2', 'outZH_b1_qq_dr', 'outZH_b2_qq_dr', 'outZH_b1qq_M', 'outZH_b2qq_M', 'ZH_b1qq_dr', 'ZH_b2qq_dr', 'ZH_lbb1qq_dr', 'ZH_lbb2qq_dr', 'l_b2_mtb', 'ZH_closeb_invM', 'n_ak8jets', 'n_ak4jets', 'n_ak8_ZHbb', 'outZH_max_ak8pnetMass', 'outZH_b12_m', 'outZH_b12_dr', 'ht_b', 'ht_outZH', 'ak4_bestb_inZH', 'ak4_worstb_inZH', 'nonZHbb_q1_dr', 'nonZHbb_b1_dr', 'inZHb_outZHb_dr', 'ZH_l_dr', 'ZH_l_invM', 'l_b1_invM', 'l_b2_invM', 'l_b1_dr', 'l_b2_dr', 'spher', 'aplan', 'n_b_inZH', 'n_q_inZH', 'n_b_outZH', 'n_q_outZH', 'ZH_bbvLscore'], flatten=True, store_size=True, fill_none=True, fill_value=-999.0, pos_start=None, pos_end=None)]}}
  - available weights variations: {'TTTo2L2Nu': ['pileup', 'nominal'],
'TTToHadronic': ['pileup', 'nominal'],
'TTToSemiLeptonic': ['pileup', 'nominal'],
'TTZToBB': ['pileup', 'nominal'],
'TTZToLLNuNu': ['pileup', 'nominal'],
'TTZToQQ': ['pileup', 'nominal'],
'TTbb_2L2Nu': ['pileup', 'nominal'],
'TTbb_Hadronic': ['pileup', 'nominal'],
'TTbb_SemiLeptonic': ['pileup', 'nominal'],
'ttHToNonbb': ['pileup', 'nominal'],
'ttHTobb': ['pileup', 'nominal']} 
  - available shape variations: {'TTTo2L2Nu': [],
'TTToHadronic': [],
'TTToSemiLeptonic': [],
'TTZToBB': [],
'TTZToLLNuNu': [],
'TTZToQQ': [],
'TTbb_2L2Nu': [],
'TTbb_Hadronic': [],
'TTbb_SemiLeptonic': [],
'ttHToNonbb': [],
'ttHTobb': []}
[INFO    ] Configurator instance:
  - Workflow: <class 'zhbbworkflow.ZHbbBaseProcessor'>
  - Workflow options: {}
  - N. datasets: 11 
   -- Dataset: ttHTobb_M125_M125_2017,  Sample: ttHTobb, N. files: 46, N. events: 7825000
   -- Dataset: ttHToNonbb_M125_M125_2017,  Sample: ttHToNonbb, N. files: 35, N. events: 5070989
   -- Dataset: TTZToBB__2017,  Sample: TTZToBB, N. files: 26, N. events: 7074000
   -- Dataset: TTZToQQ__2017,  Sample: TTZToQQ, N. files: 35, N. events: 13822000
   -- Dataset: TTZToLLNuNu__2017,  Sample: TTZToLLNuNu, N. files: 19, N. events: 14036000
   -- Dataset: TTbb_Hadronic__2017,  Sample: TTbb_Hadronic, N. files: 9, N. events: 5694656
   -- Dataset: TTbb_2L2Nu__2017,  Sample: TTbb_2L2Nu, N. files: 7, N. events: 3472503
   -- Dataset: TTbb_SemiLeptonic__2017,  Sample: TTbb_SemiLeptonic, N. files: 12, N. events: 7318891
   -- Dataset: TTToHadronic__2017,  Sample: TTToHadronic, N. files: 199, N. events: 232999999
   -- Dataset: TTTo2L2Nu__2017,  Sample: TTTo2L2Nu, N. files: 99, N. events: 106724000
   -- Dataset: TTToSemiLeptonic__2017,  Sample: TTToSemiLeptonic, N. files: 297, N. events: 346052000
  - Subsamples:
   -- Sample ttHTobb: StandardSelection ['ttHTobb'], (1 categories)
   -- Sample ttHToNonbb: StandardSelection ['ttHToNonbb'], (1 categories)
   -- Sample TTZToBB: StandardSelection ['TTZToBB'], (1 categories)
   -- Sample TTZToQQ: StandardSelection ['TTZToQQ'], (1 categories)
   -- Sample TTZToLLNuNu: StandardSelection ['TTZToLLNuNu'], (1 categories)
   -- Sample TTbb_Hadronic: StandardSelection ['TTbb_Hadronic'], (1 categories)
   -- Sample TTbb_2L2Nu: StandardSelection ['TTbb_2L2Nu'], (1 categories)
   -- Sample TTbb_SemiLeptonic: StandardSelection ['TTbb_SemiLeptonic'], (1 categories)
   -- Sample TTToHadronic: StandardSelection ['TTToHadronic'], (1 categories)
   -- Sample TTTo2L2Nu: StandardSelection ['TTTo2L2Nu'], (1 categories)
   -- Sample TTToSemiLeptonic: StandardSelection ['TTToSemiLeptonic'], (1 categories)
  - Skim: ['preSkimCut']
  - Preselection: ['eventSelection']
  - Categories: StandardSelection ['baseline', 'btag_mask'], (2 categories)
  - Variables:  ['mAK8', 'zhbbtag', 'zhbbtag_sorted', 'outZH_b1_pt']
  - Columns: {'TTTo2L2Nu': {'baseline': [ColOut(collection='events', columns=['process', 'matchedGen_ZHbb_bb', 'tt_type', 'outZH_b1_pt', 'outZH_b2_pt', 'outZH_b1_score', 'outZH_b2_score', 'outZH_q1_pt', 'outZH_q2_pt', 'outZH_q1_score', 'outZH_q2_score', 'outZH_b1_q_mindr', 'outZH_b2_q_mindr', 'outZH_q_q_dr_nearb1', 'outZH_q_q_dr_nearb2', 'outZH_qq_M_nearb1', 'outZH_qq_M_nearb2', 'outZH_b1_qq_dr', 'outZH_b2_qq_dr', 'outZH_b1qq_M', 'outZH_b2qq_M', 'ZH_b1qq_dr', 'ZH_b2qq_dr', 'ZH_lbb1qq_dr', 'ZH_lbb2qq_dr', 'l_b2_mtb', 'ZH_closeb_invM', 'n_ak8jets', 'n_ak4jets', 'n_ak8_ZHbb', 'outZH_max_ak8pnetMass', 'outZH_b12_m', 'outZH_b12_dr', 'ht_b', 'ht_outZH', 'ak4_bestb_inZH', 'ak4_worstb_inZH', 'nonZHbb_q1_dr', 'nonZHbb_b1_dr', 'inZHb_outZHb_dr', 'ZH_l_dr', 'ZH_l_invM', 'l_b1_invM', 'l_b2_invM', 'l_b1_dr', 'l_b2_dr', 'spher', 'aplan', 'n_b_inZH', 'n_q_inZH', 'n_b_outZH', 'n_q_outZH', 'ZH_bbvLscore'], flatten=True, store_size=True, fill_none=True, fill_value=-999.0, pos_start=None, pos_end=None)],
             'btag_mask': [ColOut(collection='events', columns=['process', 'matchedGen_ZHbb_bb', 'tt_type', 'outZH_b1_pt', 'outZH_b2_pt', 'outZH_b1_score', 'outZH_b2_score', 'outZH_q1_pt', 'outZH_q2_pt', 'outZH_q1_score', 'outZH_q2_score', 'outZH_b1_q_mindr', 'outZH_b2_q_mindr', 'outZH_q_q_dr_nearb1', 'outZH_q_q_dr_nearb2', 'outZH_qq_M_nearb1', 'outZH_qq_M_nearb2', 'outZH_b1_qq_dr', 'outZH_b2_qq_dr', 'outZH_b1qq_M', 'outZH_b2qq_M', 'ZH_b1qq_dr', 'ZH_b2qq_dr', 'ZH_lbb1qq_dr', 'ZH_lbb2qq_dr', 'l_b2_mtb', 'ZH_closeb_invM', 'n_ak8jets', 'n_ak4jets', 'n_ak8_ZHbb', 'outZH_max_ak8pnetMass', 'outZH_b12_m', 'outZH_b12_dr', 'ht_b', 'ht_outZH', 'ak4_bestb_inZH', 'ak4_worstb_inZH', 'nonZHbb_q1_dr', 'nonZHbb_b1_dr', 'inZHb_outZHb_dr', 'ZH_l_dr', 'ZH_l_invM', 'l_b1_invM', 'l_b2_invM', 'l_b1_dr', 'l_b2_dr', 'spher', 'aplan', 'n_b_inZH', 'n_q_inZH', 'n_b_outZH', 'n_q_outZH', 'ZH_bbvLscore'], flatten=True, store_size=True, fill_none=True, fill_value=-999.0, pos_start=None, pos_end=None)]},
'TTToHadronic': {'baseline': [ColOut(collection='events', columns=['process', 'matchedGen_ZHbb_bb', 'tt_type', 'outZH_b1_pt', 'outZH_b2_pt', 'outZH_b1_score', 'outZH_b2_score', 'outZH_q1_pt', 'outZH_q2_pt', 'outZH_q1_score', 'outZH_q2_score', 'outZH_b1_q_mindr', 'outZH_b2_q_mindr', 'outZH_q_q_dr_nearb1', 'outZH_q_q_dr_nearb2', 'outZH_qq_M_nearb1', 'outZH_qq_M_nearb2', 'outZH_b1_qq_dr', 'outZH_b2_qq_dr', 'outZH_b1qq_M', 'outZH_b2qq_M', 'ZH_b1qq_dr', 'ZH_b2qq_dr', 'ZH_lbb1qq_dr', 'ZH_lbb2qq_dr', 'l_b2_mtb', 'ZH_closeb_invM', 'n_ak8jets', 'n_ak4jets', 'n_ak8_ZHbb', 'outZH_max_ak8pnetMass', 'outZH_b12_m', 'outZH_b12_dr', 'ht_b', 'ht_outZH', 'ak4_bestb_inZH', 'ak4_worstb_inZH', 'nonZHbb_q1_dr', 'nonZHbb_b1_dr', 'inZHb_outZHb_dr', 'ZH_l_dr', 'ZH_l_invM', 'l_b1_invM', 'l_b2_invM', 'l_b1_dr', 'l_b2_dr', 'spher', 'aplan', 'n_b_inZH', 'n_q_inZH', 'n_b_outZH', 'n_q_outZH', 'ZH_bbvLscore'], flatten=True, store_size=True, fill_none=True, fill_value=-999.0, pos_start=None, pos_end=None)],
                'btag_mask': [ColOut(collection='events', columns=['process', 'matchedGen_ZHbb_bb', 'tt_type', 'outZH_b1_pt', 'outZH_b2_pt', 'outZH_b1_score', 'outZH_b2_score', 'outZH_q1_pt', 'outZH_q2_pt', 'outZH_q1_score', 'outZH_q2_score', 'outZH_b1_q_mindr', 'outZH_b2_q_mindr', 'outZH_q_q_dr_nearb1', 'outZH_q_q_dr_nearb2', 'outZH_qq_M_nearb1', 'outZH_qq_M_nearb2', 'outZH_b1_qq_dr', 'outZH_b2_qq_dr', 'outZH_b1qq_M', 'outZH_b2qq_M', 'ZH_b1qq_dr', 'ZH_b2qq_dr', 'ZH_lbb1qq_dr', 'ZH_lbb2qq_dr', 'l_b2_mtb', 'ZH_closeb_invM', 'n_ak8jets', 'n_ak4jets', 'n_ak8_ZHbb', 'outZH_max_ak8pnetMass', 'outZH_b12_m', 'outZH_b12_dr', 'ht_b', 'ht_outZH', 'ak4_bestb_inZH', 'ak4_worstb_inZH', 'nonZHbb_q1_dr', 'nonZHbb_b1_dr', 'inZHb_outZHb_dr', 'ZH_l_dr', 'ZH_l_invM', 'l_b1_invM', 'l_b2_invM', 'l_b1_dr', 'l_b2_dr', 'spher', 'aplan', 'n_b_inZH', 'n_q_inZH', 'n_b_outZH', 'n_q_outZH', 'ZH_bbvLscore'], flatten=True, store_size=True, fill_none=True, fill_value=-999.0, pos_start=None, pos_end=None)]},
'TTToSemiLeptonic': {'baseline': [ColOut(collection='events', columns=['process', 'matchedGen_ZHbb_bb', 'tt_type', 'outZH_b1_pt', 'outZH_b2_pt', 'outZH_b1_score', 'outZH_b2_score', 'outZH_q1_pt', 'outZH_q2_pt', 'outZH_q1_score', 'outZH_q2_score', 'outZH_b1_q_mindr', 'outZH_b2_q_mindr', 'outZH_q_q_dr_nearb1', 'outZH_q_q_dr_nearb2', 'outZH_qq_M_nearb1', 'outZH_qq_M_nearb2', 'outZH_b1_qq_dr', 'outZH_b2_qq_dr', 'outZH_b1qq_M', 'outZH_b2qq_M', 'ZH_b1qq_dr', 'ZH_b2qq_dr', 'ZH_lbb1qq_dr', 'ZH_lbb2qq_dr', 'l_b2_mtb', 'ZH_closeb_invM', 'n_ak8jets', 'n_ak4jets', 'n_ak8_ZHbb', 'outZH_max_ak8pnetMass', 'outZH_b12_m', 'outZH_b12_dr', 'ht_b', 'ht_outZH', 'ak4_bestb_inZH', 'ak4_worstb_inZH', 'nonZHbb_q1_dr', 'nonZHbb_b1_dr', 'inZHb_outZHb_dr', 'ZH_l_dr', 'ZH_l_invM', 'l_b1_invM', 'l_b2_invM', 'l_b1_dr', 'l_b2_dr', 'spher', 'aplan', 'n_b_inZH', 'n_q_inZH', 'n_b_outZH', 'n_q_outZH', 'ZH_bbvLscore'], flatten=True, store_size=True, fill_none=True, fill_value=-999.0, pos_start=None, pos_end=None)],
                    'btag_mask': [ColOut(collection='events', columns=['process', 'matchedGen_ZHbb_bb', 'tt_type', 'outZH_b1_pt', 'outZH_b2_pt', 'outZH_b1_score', 'outZH_b2_score', 'outZH_q1_pt', 'outZH_q2_pt', 'outZH_q1_score', 'outZH_q2_score', 'outZH_b1_q_mindr', 'outZH_b2_q_mindr', 'outZH_q_q_dr_nearb1', 'outZH_q_q_dr_nearb2', 'outZH_qq_M_nearb1', 'outZH_qq_M_nearb2', 'outZH_b1_qq_dr', 'outZH_b2_qq_dr', 'outZH_b1qq_M', 'outZH_b2qq_M', 'ZH_b1qq_dr', 'ZH_b2qq_dr', 'ZH_lbb1qq_dr', 'ZH_lbb2qq_dr', 'l_b2_mtb', 'ZH_closeb_invM', 'n_ak8jets', 'n_ak4jets', 'n_ak8_ZHbb', 'outZH_max_ak8pnetMass', 'outZH_b12_m', 'outZH_b12_dr', 'ht_b', 'ht_outZH', 'ak4_bestb_inZH', 'ak4_worstb_inZH', 'nonZHbb_q1_dr', 'nonZHbb_b1_dr', 'inZHb_outZHb_dr', 'ZH_l_dr', 'ZH_l_invM', 'l_b1_invM', 'l_b2_invM', 'l_b1_dr', 'l_b2_dr', 'spher', 'aplan', 'n_b_inZH', 'n_q_inZH', 'n_b_outZH', 'n_q_outZH', 'ZH_bbvLscore'], flatten=True, store_size=True, fill_none=True, fill_value=-999.0, pos_start=None, pos_end=None)]},
'TTZToBB': {'baseline': [ColOut(collection='events', columns=['process', 'matchedGen_ZHbb_bb', 'tt_type', 'outZH_b1_pt', 'outZH_b2_pt', 'outZH_b1_score', 'outZH_b2_score', 'outZH_q1_pt', 'outZH_q2_pt', 'outZH_q1_score', 'outZH_q2_score', 'outZH_b1_q_mindr', 'outZH_b2_q_mindr', 'outZH_q_q_dr_nearb1', 'outZH_q_q_dr_nearb2', 'outZH_qq_M_nearb1', 'outZH_qq_M_nearb2', 'outZH_b1_qq_dr', 'outZH_b2_qq_dr', 'outZH_b1qq_M', 'outZH_b2qq_M', 'ZH_b1qq_dr', 'ZH_b2qq_dr', 'ZH_lbb1qq_dr', 'ZH_lbb2qq_dr', 'l_b2_mtb', 'ZH_closeb_invM', 'n_ak8jets', 'n_ak4jets', 'n_ak8_ZHbb', 'outZH_max_ak8pnetMass', 'outZH_b12_m', 'outZH_b12_dr', 'ht_b', 'ht_outZH', 'ak4_bestb_inZH', 'ak4_worstb_inZH', 'nonZHbb_q1_dr', 'nonZHbb_b1_dr', 'inZHb_outZHb_dr', 'ZH_l_dr', 'ZH_l_invM', 'l_b1_invM', 'l_b2_invM', 'l_b1_dr', 'l_b2_dr', 'spher', 'aplan', 'n_b_inZH', 'n_q_inZH', 'n_b_outZH', 'n_q_outZH', 'ZH_bbvLscore'], flatten=True, store_size=True, fill_none=True, fill_value=-999.0, pos_start=None, pos_end=None)],
           'btag_mask': [ColOut(collection='events', columns=['process', 'matchedGen_ZHbb_bb', 'tt_type', 'outZH_b1_pt', 'outZH_b2_pt', 'outZH_b1_score', 'outZH_b2_score', 'outZH_q1_pt', 'outZH_q2_pt', 'outZH_q1_score', 'outZH_q2_score', 'outZH_b1_q_mindr', 'outZH_b2_q_mindr', 'outZH_q_q_dr_nearb1', 'outZH_q_q_dr_nearb2', 'outZH_qq_M_nearb1', 'outZH_qq_M_nearb2', 'outZH_b1_qq_dr', 'outZH_b2_qq_dr', 'outZH_b1qq_M', 'outZH_b2qq_M', 'ZH_b1qq_dr', 'ZH_b2qq_dr', 'ZH_lbb1qq_dr', 'ZH_lbb2qq_dr', 'l_b2_mtb', 'ZH_closeb_invM', 'n_ak8jets', 'n_ak4jets', 'n_ak8_ZHbb', 'outZH_max_ak8pnetMass', 'outZH_b12_m', 'outZH_b12_dr', 'ht_b', 'ht_outZH', 'ak4_bestb_inZH', 'ak4_worstb_inZH', 'nonZHbb_q1_dr', 'nonZHbb_b1_dr', 'inZHb_outZHb_dr', 'ZH_l_dr', 'ZH_l_invM', 'l_b1_invM', 'l_b2_invM', 'l_b1_dr', 'l_b2_dr', 'spher', 'aplan', 'n_b_inZH', 'n_q_inZH', 'n_b_outZH', 'n_q_outZH', 'ZH_bbvLscore'], flatten=True, store_size=True, fill_none=True, fill_value=-999.0, pos_start=None, pos_end=None)]},
'TTZToLLNuNu': {'baseline': [ColOut(collection='events', columns=['process', 'matchedGen_ZHbb_bb', 'tt_type', 'outZH_b1_pt', 'outZH_b2_pt', 'outZH_b1_score', 'outZH_b2_score', 'outZH_q1_pt', 'outZH_q2_pt', 'outZH_q1_score', 'outZH_q2_score', 'outZH_b1_q_mindr', 'outZH_b2_q_mindr', 'outZH_q_q_dr_nearb1', 'outZH_q_q_dr_nearb2', 'outZH_qq_M_nearb1', 'outZH_qq_M_nearb2', 'outZH_b1_qq_dr', 'outZH_b2_qq_dr', 'outZH_b1qq_M', 'outZH_b2qq_M', 'ZH_b1qq_dr', 'ZH_b2qq_dr', 'ZH_lbb1qq_dr', 'ZH_lbb2qq_dr', 'l_b2_mtb', 'ZH_closeb_invM', 'n_ak8jets', 'n_ak4jets', 'n_ak8_ZHbb', 'outZH_max_ak8pnetMass', 'outZH_b12_m', 'outZH_b12_dr', 'ht_b', 'ht_outZH', 'ak4_bestb_inZH', 'ak4_worstb_inZH', 'nonZHbb_q1_dr', 'nonZHbb_b1_dr', 'inZHb_outZHb_dr', 'ZH_l_dr', 'ZH_l_invM', 'l_b1_invM', 'l_b2_invM', 'l_b1_dr', 'l_b2_dr', 'spher', 'aplan', 'n_b_inZH', 'n_q_inZH', 'n_b_outZH', 'n_q_outZH', 'ZH_bbvLscore'], flatten=True, store_size=True, fill_none=True, fill_value=-999.0, pos_start=None, pos_end=None)],
               'btag_mask': [ColOut(collection='events', columns=['process', 'matchedGen_ZHbb_bb', 'tt_type', 'outZH_b1_pt', 'outZH_b2_pt', 'outZH_b1_score', 'outZH_b2_score', 'outZH_q1_pt', 'outZH_q2_pt', 'outZH_q1_score', 'outZH_q2_score', 'outZH_b1_q_mindr', 'outZH_b2_q_mindr', 'outZH_q_q_dr_nearb1', 'outZH_q_q_dr_nearb2', 'outZH_qq_M_nearb1', 'outZH_qq_M_nearb2', 'outZH_b1_qq_dr', 'outZH_b2_qq_dr', 'outZH_b1qq_M', 'outZH_b2qq_M', 'ZH_b1qq_dr', 'ZH_b2qq_dr', 'ZH_lbb1qq_dr', 'ZH_lbb2qq_dr', 'l_b2_mtb', 'ZH_closeb_invM', 'n_ak8jets', 'n_ak4jets', 'n_ak8_ZHbb', 'outZH_max_ak8pnetMass', 'outZH_b12_m', 'outZH_b12_dr', 'ht_b', 'ht_outZH', 'ak4_bestb_inZH', 'ak4_worstb_inZH', 'nonZHbb_q1_dr', 'nonZHbb_b1_dr', 'inZHb_outZHb_dr', 'ZH_l_dr', 'ZH_l_invM', 'l_b1_invM', 'l_b2_invM', 'l_b1_dr', 'l_b2_dr', 'spher', 'aplan', 'n_b_inZH', 'n_q_inZH', 'n_b_outZH', 'n_q_outZH', 'ZH_bbvLscore'], flatten=True, store_size=True, fill_none=True, fill_value=-999.0, pos_start=None, pos_end=None)]},
'TTZToQQ': {'baseline': [ColOut(collection='events', columns=['process', 'matchedGen_ZHbb_bb', 'tt_type', 'outZH_b1_pt', 'outZH_b2_pt', 'outZH_b1_score', 'outZH_b2_score', 'outZH_q1_pt', 'outZH_q2_pt', 'outZH_q1_score', 'outZH_q2_score', 'outZH_b1_q_mindr', 'outZH_b2_q_mindr', 'outZH_q_q_dr_nearb1', 'outZH_q_q_dr_nearb2', 'outZH_qq_M_nearb1', 'outZH_qq_M_nearb2', 'outZH_b1_qq_dr', 'outZH_b2_qq_dr', 'outZH_b1qq_M', 'outZH_b2qq_M', 'ZH_b1qq_dr', 'ZH_b2qq_dr', 'ZH_lbb1qq_dr', 'ZH_lbb2qq_dr', 'l_b2_mtb', 'ZH_closeb_invM', 'n_ak8jets', 'n_ak4jets', 'n_ak8_ZHbb', 'outZH_max_ak8pnetMass', 'outZH_b12_m', 'outZH_b12_dr', 'ht_b', 'ht_outZH', 'ak4_bestb_inZH', 'ak4_worstb_inZH', 'nonZHbb_q1_dr', 'nonZHbb_b1_dr', 'inZHb_outZHb_dr', 'ZH_l_dr', 'ZH_l_invM', 'l_b1_invM', 'l_b2_invM', 'l_b1_dr', 'l_b2_dr', 'spher', 'aplan', 'n_b_inZH', 'n_q_inZH', 'n_b_outZH', 'n_q_outZH', 'ZH_bbvLscore'], flatten=True, store_size=True, fill_none=True, fill_value=-999.0, pos_start=None, pos_end=None)],
           'btag_mask': [ColOut(collection='events', columns=['process', 'matchedGen_ZHbb_bb', 'tt_type', 'outZH_b1_pt', 'outZH_b2_pt', 'outZH_b1_score', 'outZH_b2_score', 'outZH_q1_pt', 'outZH_q2_pt', 'outZH_q1_score', 'outZH_q2_score', 'outZH_b1_q_mindr', 'outZH_b2_q_mindr', 'outZH_q_q_dr_nearb1', 'outZH_q_q_dr_nearb2', 'outZH_qq_M_nearb1', 'outZH_qq_M_nearb2', 'outZH_b1_qq_dr', 'outZH_b2_qq_dr', 'outZH_b1qq_M', 'outZH_b2qq_M', 'ZH_b1qq_dr', 'ZH_b2qq_dr', 'ZH_lbb1qq_dr', 'ZH_lbb2qq_dr', 'l_b2_mtb', 'ZH_closeb_invM', 'n_ak8jets', 'n_ak4jets', 'n_ak8_ZHbb', 'outZH_max_ak8pnetMass', 'outZH_b12_m', 'outZH_b12_dr', 'ht_b', 'ht_outZH', 'ak4_bestb_inZH', 'ak4_worstb_inZH', 'nonZHbb_q1_dr', 'nonZHbb_b1_dr', 'inZHb_outZHb_dr', 'ZH_l_dr', 'ZH_l_invM', 'l_b1_invM', 'l_b2_invM', 'l_b1_dr', 'l_b2_dr', 'spher', 'aplan', 'n_b_inZH', 'n_q_inZH', 'n_b_outZH', 'n_q_outZH', 'ZH_bbvLscore'], flatten=True, store_size=True, fill_none=True, fill_value=-999.0, pos_start=None, pos_end=None)]},
'TTbb_2L2Nu': {'baseline': [ColOut(collection='events', columns=['process', 'matchedGen_ZHbb_bb', 'tt_type', 'outZH_b1_pt', 'outZH_b2_pt', 'outZH_b1_score', 'outZH_b2_score', 'outZH_q1_pt', 'outZH_q2_pt', 'outZH_q1_score', 'outZH_q2_score', 'outZH_b1_q_mindr', 'outZH_b2_q_mindr', 'outZH_q_q_dr_nearb1', 'outZH_q_q_dr_nearb2', 'outZH_qq_M_nearb1', 'outZH_qq_M_nearb2', 'outZH_b1_qq_dr', 'outZH_b2_qq_dr', 'outZH_b1qq_M', 'outZH_b2qq_M', 'ZH_b1qq_dr', 'ZH_b2qq_dr', 'ZH_lbb1qq_dr', 'ZH_lbb2qq_dr', 'l_b2_mtb', 'ZH_closeb_invM', 'n_ak8jets', 'n_ak4jets', 'n_ak8_ZHbb', 'outZH_max_ak8pnetMass', 'outZH_b12_m', 'outZH_b12_dr', 'ht_b', 'ht_outZH', 'ak4_bestb_inZH', 'ak4_worstb_inZH', 'nonZHbb_q1_dr', 'nonZHbb_b1_dr', 'inZHb_outZHb_dr', 'ZH_l_dr', 'ZH_l_invM', 'l_b1_invM', 'l_b2_invM', 'l_b1_dr', 'l_b2_dr', 'spher', 'aplan', 'n_b_inZH', 'n_q_inZH', 'n_b_outZH', 'n_q_outZH', 'ZH_bbvLscore'], flatten=True, store_size=True, fill_none=True, fill_value=-999.0, pos_start=None, pos_end=None)],
              'btag_mask': [ColOut(collection='events', columns=['process', 'matchedGen_ZHbb_bb', 'tt_type', 'outZH_b1_pt', 'outZH_b2_pt', 'outZH_b1_score', 'outZH_b2_score', 'outZH_q1_pt', 'outZH_q2_pt', 'outZH_q1_score', 'outZH_q2_score', 'outZH_b1_q_mindr', 'outZH_b2_q_mindr', 'outZH_q_q_dr_nearb1', 'outZH_q_q_dr_nearb2', 'outZH_qq_M_nearb1', 'outZH_qq_M_nearb2', 'outZH_b1_qq_dr', 'outZH_b2_qq_dr', 'outZH_b1qq_M', 'outZH_b2qq_M', 'ZH_b1qq_dr', 'ZH_b2qq_dr', 'ZH_lbb1qq_dr', 'ZH_lbb2qq_dr', 'l_b2_mtb', 'ZH_closeb_invM', 'n_ak8jets', 'n_ak4jets', 'n_ak8_ZHbb', 'outZH_max_ak8pnetMass', 'outZH_b12_m', 'outZH_b12_dr', 'ht_b', 'ht_outZH', 'ak4_bestb_inZH', 'ak4_worstb_inZH', 'nonZHbb_q1_dr', 'nonZHbb_b1_dr', 'inZHb_outZHb_dr', 'ZH_l_dr', 'ZH_l_invM', 'l_b1_invM', 'l_b2_invM', 'l_b1_dr', 'l_b2_dr', 'spher', 'aplan', 'n_b_inZH', 'n_q_inZH', 'n_b_outZH', 'n_q_outZH', 'ZH_bbvLscore'], flatten=True, store_size=True, fill_none=True, fill_value=-999.0, pos_start=None, pos_end=None)]},
'TTbb_Hadronic': {'baseline': [ColOut(collection='events', columns=['process', 'matchedGen_ZHbb_bb', 'tt_type', 'outZH_b1_pt', 'outZH_b2_pt', 'outZH_b1_score', 'outZH_b2_score', 'outZH_q1_pt', 'outZH_q2_pt', 'outZH_q1_score', 'outZH_q2_score', 'outZH_b1_q_mindr', 'outZH_b2_q_mindr', 'outZH_q_q_dr_nearb1', 'outZH_q_q_dr_nearb2', 'outZH_qq_M_nearb1', 'outZH_qq_M_nearb2', 'outZH_b1_qq_dr', 'outZH_b2_qq_dr', 'outZH_b1qq_M', 'outZH_b2qq_M', 'ZH_b1qq_dr', 'ZH_b2qq_dr', 'ZH_lbb1qq_dr', 'ZH_lbb2qq_dr', 'l_b2_mtb', 'ZH_closeb_invM', 'n_ak8jets', 'n_ak4jets', 'n_ak8_ZHbb', 'outZH_max_ak8pnetMass', 'outZH_b12_m', 'outZH_b12_dr', 'ht_b', 'ht_outZH', 'ak4_bestb_inZH', 'ak4_worstb_inZH', 'nonZHbb_q1_dr', 'nonZHbb_b1_dr', 'inZHb_outZHb_dr', 'ZH_l_dr', 'ZH_l_invM', 'l_b1_invM', 'l_b2_invM', 'l_b1_dr', 'l_b2_dr', 'spher', 'aplan', 'n_b_inZH', 'n_q_inZH', 'n_b_outZH', 'n_q_outZH', 'ZH_bbvLscore'], flatten=True, store_size=True, fill_none=True, fill_value=-999.0, pos_start=None, pos_end=None)],
                 'btag_mask': [ColOut(collection='events', columns=['process', 'matchedGen_ZHbb_bb', 'tt_type', 'outZH_b1_pt', 'outZH_b2_pt', 'outZH_b1_score', 'outZH_b2_score', 'outZH_q1_pt', 'outZH_q2_pt', 'outZH_q1_score', 'outZH_q2_score', 'outZH_b1_q_mindr', 'outZH_b2_q_mindr', 'outZH_q_q_dr_nearb1', 'outZH_q_q_dr_nearb2', 'outZH_qq_M_nearb1', 'outZH_qq_M_nearb2', 'outZH_b1_qq_dr', 'outZH_b2_qq_dr', 'outZH_b1qq_M', 'outZH_b2qq_M', 'ZH_b1qq_dr', 'ZH_b2qq_dr', 'ZH_lbb1qq_dr', 'ZH_lbb2qq_dr', 'l_b2_mtb', 'ZH_closeb_invM', 'n_ak8jets', 'n_ak4jets', 'n_ak8_ZHbb', 'outZH_max_ak8pnetMass', 'outZH_b12_m', 'outZH_b12_dr', 'ht_b', 'ht_outZH', 'ak4_bestb_inZH', 'ak4_worstb_inZH', 'nonZHbb_q1_dr', 'nonZHbb_b1_dr', 'inZHb_outZHb_dr', 'ZH_l_dr', 'ZH_l_invM', 'l_b1_invM', 'l_b2_invM', 'l_b1_dr', 'l_b2_dr', 'spher', 'aplan', 'n_b_inZH', 'n_q_inZH', 'n_b_outZH', 'n_q_outZH', 'ZH_bbvLscore'], flatten=True, store_size=True, fill_none=True, fill_value=-999.0, pos_start=None, pos_end=None)]},
'TTbb_SemiLeptonic': {'baseline': [ColOut(collection='events', columns=['process', 'matchedGen_ZHbb_bb', 'tt_type', 'outZH_b1_pt', 'outZH_b2_pt', 'outZH_b1_score', 'outZH_b2_score', 'outZH_q1_pt', 'outZH_q2_pt', 'outZH_q1_score', 'outZH_q2_score', 'outZH_b1_q_mindr', 'outZH_b2_q_mindr', 'outZH_q_q_dr_nearb1', 'outZH_q_q_dr_nearb2', 'outZH_qq_M_nearb1', 'outZH_qq_M_nearb2', 'outZH_b1_qq_dr', 'outZH_b2_qq_dr', 'outZH_b1qq_M', 'outZH_b2qq_M', 'ZH_b1qq_dr', 'ZH_b2qq_dr', 'ZH_lbb1qq_dr', 'ZH_lbb2qq_dr', 'l_b2_mtb', 'ZH_closeb_invM', 'n_ak8jets', 'n_ak4jets', 'n_ak8_ZHbb', 'outZH_max_ak8pnetMass', 'outZH_b12_m', 'outZH_b12_dr', 'ht_b', 'ht_outZH', 'ak4_bestb_inZH', 'ak4_worstb_inZH', 'nonZHbb_q1_dr', 'nonZHbb_b1_dr', 'inZHb_outZHb_dr', 'ZH_l_dr', 'ZH_l_invM', 'l_b1_invM', 'l_b2_invM', 'l_b1_dr', 'l_b2_dr', 'spher', 'aplan', 'n_b_inZH', 'n_q_inZH', 'n_b_outZH', 'n_q_outZH', 'ZH_bbvLscore'], flatten=True, store_size=True, fill_none=True, fill_value=-999.0, pos_start=None, pos_end=None)],
                     'btag_mask': [ColOut(collection='events', columns=['process', 'matchedGen_ZHbb_bb', 'tt_type', 'outZH_b1_pt', 'outZH_b2_pt', 'outZH_b1_score', 'outZH_b2_score', 'outZH_q1_pt', 'outZH_q2_pt', 'outZH_q1_score', 'outZH_q2_score', 'outZH_b1_q_mindr', 'outZH_b2_q_mindr', 'outZH_q_q_dr_nearb1', 'outZH_q_q_dr_nearb2', 'outZH_qq_M_nearb1', 'outZH_qq_M_nearb2', 'outZH_b1_qq_dr', 'outZH_b2_qq_dr', 'outZH_b1qq_M', 'outZH_b2qq_M', 'ZH_b1qq_dr', 'ZH_b2qq_dr', 'ZH_lbb1qq_dr', 'ZH_lbb2qq_dr', 'l_b2_mtb', 'ZH_closeb_invM', 'n_ak8jets', 'n_ak4jets', 'n_ak8_ZHbb', 'outZH_max_ak8pnetMass', 'outZH_b12_m', 'outZH_b12_dr', 'ht_b', 'ht_outZH', 'ak4_bestb_inZH', 'ak4_worstb_inZH', 'nonZHbb_q1_dr', 'nonZHbb_b1_dr', 'inZHb_outZHb_dr', 'ZH_l_dr', 'ZH_l_invM', 'l_b1_invM', 'l_b2_invM', 'l_b1_dr', 'l_b2_dr', 'spher', 'aplan', 'n_b_inZH', 'n_q_inZH', 'n_b_outZH', 'n_q_outZH', 'ZH_bbvLscore'], flatten=True, store_size=True, fill_none=True, fill_value=-999.0, pos_start=None, pos_end=None)]},
'ttHToNonbb': {'baseline': [ColOut(collection='events', columns=['process', 'matchedGen_ZHbb_bb', 'tt_type', 'outZH_b1_pt', 'outZH_b2_pt', 'outZH_b1_score', 'outZH_b2_score', 'outZH_q1_pt', 'outZH_q2_pt', 'outZH_q1_score', 'outZH_q2_score', 'outZH_b1_q_mindr', 'outZH_b2_q_mindr', 'outZH_q_q_dr_nearb1', 'outZH_q_q_dr_nearb2', 'outZH_qq_M_nearb1', 'outZH_qq_M_nearb2', 'outZH_b1_qq_dr', 'outZH_b2_qq_dr', 'outZH_b1qq_M', 'outZH_b2qq_M', 'ZH_b1qq_dr', 'ZH_b2qq_dr', 'ZH_lbb1qq_dr', 'ZH_lbb2qq_dr', 'l_b2_mtb', 'ZH_closeb_invM', 'n_ak8jets', 'n_ak4jets', 'n_ak8_ZHbb', 'outZH_max_ak8pnetMass', 'outZH_b12_m', 'outZH_b12_dr', 'ht_b', 'ht_outZH', 'ak4_bestb_inZH', 'ak4_worstb_inZH', 'nonZHbb_q1_dr', 'nonZHbb_b1_dr', 'inZHb_outZHb_dr', 'ZH_l_dr', 'ZH_l_invM', 'l_b1_invM', 'l_b2_invM', 'l_b1_dr', 'l_b2_dr', 'spher', 'aplan', 'n_b_inZH', 'n_q_inZH', 'n_b_outZH', 'n_q_outZH', 'ZH_bbvLscore'], flatten=True, store_size=True, fill_none=True, fill_value=-999.0, pos_start=None, pos_end=None)],
              'btag_mask': [ColOut(collection='events', columns=['process', 'matchedGen_ZHbb_bb', 'tt_type', 'outZH_b1_pt', 'outZH_b2_pt', 'outZH_b1_score', 'outZH_b2_score', 'outZH_q1_pt', 'outZH_q2_pt', 'outZH_q1_score', 'outZH_q2_score', 'outZH_b1_q_mindr', 'outZH_b2_q_mindr', 'outZH_q_q_dr_nearb1', 'outZH_q_q_dr_nearb2', 'outZH_qq_M_nearb1', 'outZH_qq_M_nearb2', 'outZH_b1_qq_dr', 'outZH_b2_qq_dr', 'outZH_b1qq_M', 'outZH_b2qq_M', 'ZH_b1qq_dr', 'ZH_b2qq_dr', 'ZH_lbb1qq_dr', 'ZH_lbb2qq_dr', 'l_b2_mtb', 'ZH_closeb_invM', 'n_ak8jets', 'n_ak4jets', 'n_ak8_ZHbb', 'outZH_max_ak8pnetMass', 'outZH_b12_m', 'outZH_b12_dr', 'ht_b', 'ht_outZH', 'ak4_bestb_inZH', 'ak4_worstb_inZH', 'nonZHbb_q1_dr', 'nonZHbb_b1_dr', 'inZHb_outZHb_dr', 'ZH_l_dr', 'ZH_l_invM', 'l_b1_invM', 'l_b2_invM', 'l_b1_dr', 'l_b2_dr', 'spher', 'aplan', 'n_b_inZH', 'n_q_inZH', 'n_b_outZH', 'n_q_outZH', 'ZH_bbvLscore'], flatten=True, store_size=True, fill_none=True, fill_value=-999.0, pos_start=None, pos_end=None)]},
'ttHTobb': {'baseline': [ColOut(collection='events', columns=['process', 'matchedGen_ZHbb_bb', 'tt_type', 'outZH_b1_pt', 'outZH_b2_pt', 'outZH_b1_score', 'outZH_b2_score', 'outZH_q1_pt', 'outZH_q2_pt', 'outZH_q1_score', 'outZH_q2_score', 'outZH_b1_q_mindr', 'outZH_b2_q_mindr', 'outZH_q_q_dr_nearb1', 'outZH_q_q_dr_nearb2', 'outZH_qq_M_nearb1', 'outZH_qq_M_nearb2', 'outZH_b1_qq_dr', 'outZH_b2_qq_dr', 'outZH_b1qq_M', 'outZH_b2qq_M', 'ZH_b1qq_dr', 'ZH_b2qq_dr', 'ZH_lbb1qq_dr', 'ZH_lbb2qq_dr', 'l_b2_mtb', 'ZH_closeb_invM', 'n_ak8jets', 'n_ak4jets', 'n_ak8_ZHbb', 'outZH_max_ak8pnetMass', 'outZH_b12_m', 'outZH_b12_dr', 'ht_b', 'ht_outZH', 'ak4_bestb_inZH', 'ak4_worstb_inZH', 'nonZHbb_q1_dr', 'nonZHbb_b1_dr', 'inZHb_outZHb_dr', 'ZH_l_dr', 'ZH_l_invM', 'l_b1_invM', 'l_b2_invM', 'l_b1_dr', 'l_b2_dr', 'spher', 'aplan', 'n_b_inZH', 'n_q_inZH', 'n_b_outZH', 'n_q_outZH', 'ZH_bbvLscore'], flatten=True, store_size=True, fill_none=True, fill_value=-999.0, pos_start=None, pos_end=None)],
           'btag_mask': [ColOut(collection='events', columns=['process', 'matchedGen_ZHbb_bb', 'tt_type', 'outZH_b1_pt', 'outZH_b2_pt', 'outZH_b1_score', 'outZH_b2_score', 'outZH_q1_pt', 'outZH_q2_pt', 'outZH_q1_score', 'outZH_q2_score', 'outZH_b1_q_mindr', 'outZH_b2_q_mindr', 'outZH_q_q_dr_nearb1', 'outZH_q_q_dr_nearb2', 'outZH_qq_M_nearb1', 'outZH_qq_M_nearb2', 'outZH_b1_qq_dr', 'outZH_b2_qq_dr', 'outZH_b1qq_M', 'outZH_b2qq_M', 'ZH_b1qq_dr', 'ZH_b2qq_dr', 'ZH_lbb1qq_dr', 'ZH_lbb2qq_dr', 'l_b2_mtb', 'ZH_closeb_invM', 'n_ak8jets', 'n_ak4jets', 'n_ak8_ZHbb', 'outZH_max_ak8pnetMass', 'outZH_b12_m', 'outZH_b12_dr', 'ht_b', 'ht_outZH', 'ak4_bestb_inZH', 'ak4_worstb_inZH', 'nonZHbb_q1_dr', 'nonZHbb_b1_dr', 'inZHb_outZHb_dr', 'ZH_l_dr', 'ZH_l_invM', 'l_b1_invM', 'l_b2_invM', 'l_b1_dr', 'l_b2_dr', 'spher', 'aplan', 'n_b_inZH', 'n_q_inZH', 'n_b_outZH', 'n_q_outZH', 'ZH_bbvLscore'], flatten=True, store_size=True, fill_none=True, fill_value=-999.0, pos_start=None, pos_end=None)]}}
  - available weights variations: {'TTTo2L2Nu': ['nominal', 'pileup'],
'TTToHadronic': ['nominal', 'pileup'],
'TTToSemiLeptonic': ['nominal', 'pileup'],
'TTZToBB': ['nominal', 'pileup'],
'TTZToLLNuNu': ['nominal', 'pileup'],
'TTZToQQ': ['nominal', 'pileup'],
'TTbb_2L2Nu': ['nominal', 'pileup'],
'TTbb_Hadronic': ['nominal', 'pileup'],
'TTbb_SemiLeptonic': ['nominal', 'pileup'],
'ttHToNonbb': ['nominal', 'pileup'],
'ttHTobb': ['nominal', 'pileup']} 
  - available shape variations: {'TTTo2L2Nu': [],
'TTToHadronic': [],
'TTToSemiLeptonic': [],
'TTZToBB': [],
'TTZToLLNuNu': [],
'TTZToQQ': [],
'TTbb_2L2Nu': [],
'TTbb_Hadronic': [],
'TTbb_SemiLeptonic': [],
'ttHToNonbb': [],
'ttHTobb': []}
[INFO    ] Configurator instance:
  - Workflow: <class 'zhbbworkflow.ZHbbBaseProcessor'>
  - Workflow options: {}
  - N. datasets: 11 
   -- Dataset: ttHTobb_M125_M125_2017,  Sample: ttHTobb, N. files: 46, N. events: 7825000
   -- Dataset: ttHToNonbb_M125_M125_2017,  Sample: ttHToNonbb, N. files: 35, N. events: 5070989
   -- Dataset: TTZToBB__2017,  Sample: TTZToBB, N. files: 26, N. events: 7074000
   -- Dataset: TTZToQQ__2017,  Sample: TTZToQQ, N. files: 35, N. events: 13822000
   -- Dataset: TTZToLLNuNu__2017,  Sample: TTZToLLNuNu, N. files: 19, N. events: 14036000
   -- Dataset: TTbb_Hadronic__2017,  Sample: TTbb_Hadronic, N. files: 9, N. events: 5694656
   -- Dataset: TTbb_2L2Nu__2017,  Sample: TTbb_2L2Nu, N. files: 7, N. events: 3472503
   -- Dataset: TTbb_SemiLeptonic__2017,  Sample: TTbb_SemiLeptonic, N. files: 12, N. events: 7318891
   -- Dataset: TTToHadronic__2017,  Sample: TTToHadronic, N. files: 199, N. events: 232999999
   -- Dataset: TTTo2L2Nu__2017,  Sample: TTTo2L2Nu, N. files: 99, N. events: 106724000
   -- Dataset: TTToSemiLeptonic__2017,  Sample: TTToSemiLeptonic, N. files: 297, N. events: 346052000
  - Subsamples:
   -- Sample ttHTobb: StandardSelection ['ttHTobb'], (1 categories)
   -- Sample ttHToNonbb: StandardSelection ['ttHToNonbb'], (1 categories)
   -- Sample TTZToBB: StandardSelection ['TTZToBB'], (1 categories)
   -- Sample TTZToQQ: StandardSelection ['TTZToQQ'], (1 categories)
   -- Sample TTZToLLNuNu: StandardSelection ['TTZToLLNuNu'], (1 categories)
   -- Sample TTbb_Hadronic: StandardSelection ['TTbb_Hadronic'], (1 categories)
   -- Sample TTbb_2L2Nu: StandardSelection ['TTbb_2L2Nu'], (1 categories)
   -- Sample TTbb_SemiLeptonic: StandardSelection ['TTbb_SemiLeptonic'], (1 categories)
   -- Sample TTToHadronic: StandardSelection ['TTToHadronic'], (1 categories)
   -- Sample TTTo2L2Nu: StandardSelection ['TTTo2L2Nu'], (1 categories)
   -- Sample TTToSemiLeptonic: StandardSelection ['TTToSemiLeptonic'], (1 categories)
  - Skim: ['preSkimCut']
  - Preselection: ['eventSelection']
  - Categories: StandardSelection ['baseline', 'btag_mask'], (2 categories)
  - Variables:  ['mAK8', 'zhbbtag', 'zhbbtag_sorted', 'outZH_b1_pt']
  - Columns: {'TTTo2L2Nu': {'baseline': [ColOut(collection='events', columns=['process', 'matchedGen_ZHbb_bb', 'tt_type', 'outZH_b1_pt', 'outZH_b2_pt', 'outZH_b1_score', 'outZH_b2_score', 'outZH_q1_pt', 'outZH_q2_pt', 'outZH_q1_score', 'outZH_q2_score', 'outZH_b1_q_mindr', 'outZH_b2_q_mindr', 'outZH_q_q_dr_nearb1', 'outZH_q_q_dr_nearb2', 'outZH_qq_M_nearb1', 'outZH_qq_M_nearb2', 'outZH_b1_qq_dr', 'outZH_b2_qq_dr', 'outZH_b1qq_M', 'outZH_b2qq_M', 'ZH_b1qq_dr', 'ZH_b2qq_dr', 'ZH_lbb1qq_dr', 'ZH_lbb2qq_dr', 'l_b2_mtb', 'ZH_closeb_invM', 'n_ak8jets', 'n_ak4jets', 'n_ak8_ZHbb', 'outZH_max_ak8pnetMass', 'outZH_b12_m', 'outZH_b12_dr', 'ht_b', 'ht_outZH', 'ak4_bestb_inZH', 'ak4_worstb_inZH', 'nonZHbb_q1_dr', 'nonZHbb_b1_dr', 'inZHb_outZHb_dr', 'ZH_l_dr', 'ZH_l_invM', 'l_b1_invM', 'l_b2_invM', 'l_b1_dr', 'l_b2_dr', 'spher', 'aplan', 'n_b_inZH', 'n_q_inZH', 'n_b_outZH', 'n_q_outZH', 'ZH_bbvLscore'], flatten=True, store_size=True, fill_none=True, fill_value=-999.0, pos_start=None, pos_end=None)],
             'btag_mask': [ColOut(collection='events', columns=['process', 'matchedGen_ZHbb_bb', 'tt_type', 'outZH_b1_pt', 'outZH_b2_pt', 'outZH_b1_score', 'outZH_b2_score', 'outZH_q1_pt', 'outZH_q2_pt', 'outZH_q1_score', 'outZH_q2_score', 'outZH_b1_q_mindr', 'outZH_b2_q_mindr', 'outZH_q_q_dr_nearb1', 'outZH_q_q_dr_nearb2', 'outZH_qq_M_nearb1', 'outZH_qq_M_nearb2', 'outZH_b1_qq_dr', 'outZH_b2_qq_dr', 'outZH_b1qq_M', 'outZH_b2qq_M', 'ZH_b1qq_dr', 'ZH_b2qq_dr', 'ZH_lbb1qq_dr', 'ZH_lbb2qq_dr', 'l_b2_mtb', 'ZH_closeb_invM', 'n_ak8jets', 'n_ak4jets', 'n_ak8_ZHbb', 'outZH_max_ak8pnetMass', 'outZH_b12_m', 'outZH_b12_dr', 'ht_b', 'ht_outZH', 'ak4_bestb_inZH', 'ak4_worstb_inZH', 'nonZHbb_q1_dr', 'nonZHbb_b1_dr', 'inZHb_outZHb_dr', 'ZH_l_dr', 'ZH_l_invM', 'l_b1_invM', 'l_b2_invM', 'l_b1_dr', 'l_b2_dr', 'spher', 'aplan', 'n_b_inZH', 'n_q_inZH', 'n_b_outZH', 'n_q_outZH', 'ZH_bbvLscore'], flatten=True, store_size=True, fill_none=True, fill_value=-999.0, pos_start=None, pos_end=None)]},
'TTToHadronic': {'baseline': [ColOut(collection='events', columns=['process', 'matchedGen_ZHbb_bb', 'tt_type', 'outZH_b1_pt', 'outZH_b2_pt', 'outZH_b1_score', 'outZH_b2_score', 'outZH_q1_pt', 'outZH_q2_pt', 'outZH_q1_score', 'outZH_q2_score', 'outZH_b1_q_mindr', 'outZH_b2_q_mindr', 'outZH_q_q_dr_nearb1', 'outZH_q_q_dr_nearb2', 'outZH_qq_M_nearb1', 'outZH_qq_M_nearb2', 'outZH_b1_qq_dr', 'outZH_b2_qq_dr', 'outZH_b1qq_M', 'outZH_b2qq_M', 'ZH_b1qq_dr', 'ZH_b2qq_dr', 'ZH_lbb1qq_dr', 'ZH_lbb2qq_dr', 'l_b2_mtb', 'ZH_closeb_invM', 'n_ak8jets', 'n_ak4jets', 'n_ak8_ZHbb', 'outZH_max_ak8pnetMass', 'outZH_b12_m', 'outZH_b12_dr', 'ht_b', 'ht_outZH', 'ak4_bestb_inZH', 'ak4_worstb_inZH', 'nonZHbb_q1_dr', 'nonZHbb_b1_dr', 'inZHb_outZHb_dr', 'ZH_l_dr', 'ZH_l_invM', 'l_b1_invM', 'l_b2_invM', 'l_b1_dr', 'l_b2_dr', 'spher', 'aplan', 'n_b_inZH', 'n_q_inZH', 'n_b_outZH', 'n_q_outZH', 'ZH_bbvLscore'], flatten=True, store_size=True, fill_none=True, fill_value=-999.0, pos_start=None, pos_end=None)],
                'btag_mask': [ColOut(collection='events', columns=['process', 'matchedGen_ZHbb_bb', 'tt_type', 'outZH_b1_pt', 'outZH_b2_pt', 'outZH_b1_score', 'outZH_b2_score', 'outZH_q1_pt', 'outZH_q2_pt', 'outZH_q1_score', 'outZH_q2_score', 'outZH_b1_q_mindr', 'outZH_b2_q_mindr', 'outZH_q_q_dr_nearb1', 'outZH_q_q_dr_nearb2', 'outZH_qq_M_nearb1', 'outZH_qq_M_nearb2', 'outZH_b1_qq_dr', 'outZH_b2_qq_dr', 'outZH_b1qq_M', 'outZH_b2qq_M', 'ZH_b1qq_dr', 'ZH_b2qq_dr', 'ZH_lbb1qq_dr', 'ZH_lbb2qq_dr', 'l_b2_mtb', 'ZH_closeb_invM', 'n_ak8jets', 'n_ak4jets', 'n_ak8_ZHbb', 'outZH_max_ak8pnetMass', 'outZH_b12_m', 'outZH_b12_dr', 'ht_b', 'ht_outZH', 'ak4_bestb_inZH', 'ak4_worstb_inZH', 'nonZHbb_q1_dr', 'nonZHbb_b1_dr', 'inZHb_outZHb_dr', 'ZH_l_dr', 'ZH_l_invM', 'l_b1_invM', 'l_b2_invM', 'l_b1_dr', 'l_b2_dr', 'spher', 'aplan', 'n_b_inZH', 'n_q_inZH', 'n_b_outZH', 'n_q_outZH', 'ZH_bbvLscore'], flatten=True, store_size=True, fill_none=True, fill_value=-999.0, pos_start=None, pos_end=None)]},
'TTToSemiLeptonic': {'baseline': [ColOut(collection='events', columns=['process', 'matchedGen_ZHbb_bb', 'tt_type', 'outZH_b1_pt', 'outZH_b2_pt', 'outZH_b1_score', 'outZH_b2_score', 'outZH_q1_pt', 'outZH_q2_pt', 'outZH_q1_score', 'outZH_q2_score', 'outZH_b1_q_mindr', 'outZH_b2_q_mindr', 'outZH_q_q_dr_nearb1', 'outZH_q_q_dr_nearb2', 'outZH_qq_M_nearb1', 'outZH_qq_M_nearb2', 'outZH_b1_qq_dr', 'outZH_b2_qq_dr', 'outZH_b1qq_M', 'outZH_b2qq_M', 'ZH_b1qq_dr', 'ZH_b2qq_dr', 'ZH_lbb1qq_dr', 'ZH_lbb2qq_dr', 'l_b2_mtb', 'ZH_closeb_invM', 'n_ak8jets', 'n_ak4jets', 'n_ak8_ZHbb', 'outZH_max_ak8pnetMass', 'outZH_b12_m', 'outZH_b12_dr', 'ht_b', 'ht_outZH', 'ak4_bestb_inZH', 'ak4_worstb_inZH', 'nonZHbb_q1_dr', 'nonZHbb_b1_dr', 'inZHb_outZHb_dr', 'ZH_l_dr', 'ZH_l_invM', 'l_b1_invM', 'l_b2_invM', 'l_b1_dr', 'l_b2_dr', 'spher', 'aplan', 'n_b_inZH', 'n_q_inZH', 'n_b_outZH', 'n_q_outZH', 'ZH_bbvLscore'], flatten=True, store_size=True, fill_none=True, fill_value=-999.0, pos_start=None, pos_end=None)],
                    'btag_mask': [ColOut(collection='events', columns=['process', 'matchedGen_ZHbb_bb', 'tt_type', 'outZH_b1_pt', 'outZH_b2_pt', 'outZH_b1_score', 'outZH_b2_score', 'outZH_q1_pt', 'outZH_q2_pt', 'outZH_q1_score', 'outZH_q2_score', 'outZH_b1_q_mindr', 'outZH_b2_q_mindr', 'outZH_q_q_dr_nearb1', 'outZH_q_q_dr_nearb2', 'outZH_qq_M_nearb1', 'outZH_qq_M_nearb2', 'outZH_b1_qq_dr', 'outZH_b2_qq_dr', 'outZH_b1qq_M', 'outZH_b2qq_M', 'ZH_b1qq_dr', 'ZH_b2qq_dr', 'ZH_lbb1qq_dr', 'ZH_lbb2qq_dr', 'l_b2_mtb', 'ZH_closeb_invM', 'n_ak8jets', 'n_ak4jets', 'n_ak8_ZHbb', 'outZH_max_ak8pnetMass', 'outZH_b12_m', 'outZH_b12_dr', 'ht_b', 'ht_outZH', 'ak4_bestb_inZH', 'ak4_worstb_inZH', 'nonZHbb_q1_dr', 'nonZHbb_b1_dr', 'inZHb_outZHb_dr', 'ZH_l_dr', 'ZH_l_invM', 'l_b1_invM', 'l_b2_invM', 'l_b1_dr', 'l_b2_dr', 'spher', 'aplan', 'n_b_inZH', 'n_q_inZH', 'n_b_outZH', 'n_q_outZH', 'ZH_bbvLscore'], flatten=True, store_size=True, fill_none=True, fill_value=-999.0, pos_start=None, pos_end=None)]},
'TTZToBB': {'baseline': [ColOut(collection='events', columns=['process', 'matchedGen_ZHbb_bb', 'tt_type', 'outZH_b1_pt', 'outZH_b2_pt', 'outZH_b1_score', 'outZH_b2_score', 'outZH_q1_pt', 'outZH_q2_pt', 'outZH_q1_score', 'outZH_q2_score', 'outZH_b1_q_mindr', 'outZH_b2_q_mindr', 'outZH_q_q_dr_nearb1', 'outZH_q_q_dr_nearb2', 'outZH_qq_M_nearb1', 'outZH_qq_M_nearb2', 'outZH_b1_qq_dr', 'outZH_b2_qq_dr', 'outZH_b1qq_M', 'outZH_b2qq_M', 'ZH_b1qq_dr', 'ZH_b2qq_dr', 'ZH_lbb1qq_dr', 'ZH_lbb2qq_dr', 'l_b2_mtb', 'ZH_closeb_invM', 'n_ak8jets', 'n_ak4jets', 'n_ak8_ZHbb', 'outZH_max_ak8pnetMass', 'outZH_b12_m', 'outZH_b12_dr', 'ht_b', 'ht_outZH', 'ak4_bestb_inZH', 'ak4_worstb_inZH', 'nonZHbb_q1_dr', 'nonZHbb_b1_dr', 'inZHb_outZHb_dr', 'ZH_l_dr', 'ZH_l_invM', 'l_b1_invM', 'l_b2_invM', 'l_b1_dr', 'l_b2_dr', 'spher', 'aplan', 'n_b_inZH', 'n_q_inZH', 'n_b_outZH', 'n_q_outZH', 'ZH_bbvLscore'], flatten=True, store_size=True, fill_none=True, fill_value=-999.0, pos_start=None, pos_end=None)],
           'btag_mask': [ColOut(collection='events', columns=['process', 'matchedGen_ZHbb_bb', 'tt_type', 'outZH_b1_pt', 'outZH_b2_pt', 'outZH_b1_score', 'outZH_b2_score', 'outZH_q1_pt', 'outZH_q2_pt', 'outZH_q1_score', 'outZH_q2_score', 'outZH_b1_q_mindr', 'outZH_b2_q_mindr', 'outZH_q_q_dr_nearb1', 'outZH_q_q_dr_nearb2', 'outZH_qq_M_nearb1', 'outZH_qq_M_nearb2', 'outZH_b1_qq_dr', 'outZH_b2_qq_dr', 'outZH_b1qq_M', 'outZH_b2qq_M', 'ZH_b1qq_dr', 'ZH_b2qq_dr', 'ZH_lbb1qq_dr', 'ZH_lbb2qq_dr', 'l_b2_mtb', 'ZH_closeb_invM', 'n_ak8jets', 'n_ak4jets', 'n_ak8_ZHbb', 'outZH_max_ak8pnetMass', 'outZH_b12_m', 'outZH_b12_dr', 'ht_b', 'ht_outZH', 'ak4_bestb_inZH', 'ak4_worstb_inZH', 'nonZHbb_q1_dr', 'nonZHbb_b1_dr', 'inZHb_outZHb_dr', 'ZH_l_dr', 'ZH_l_invM', 'l_b1_invM', 'l_b2_invM', 'l_b1_dr', 'l_b2_dr', 'spher', 'aplan', 'n_b_inZH', 'n_q_inZH', 'n_b_outZH', 'n_q_outZH', 'ZH_bbvLscore'], flatten=True, store_size=True, fill_none=True, fill_value=-999.0, pos_start=None, pos_end=None)]},
'TTZToLLNuNu': {'baseline': [ColOut(collection='events', columns=['process', 'matchedGen_ZHbb_bb', 'tt_type', 'outZH_b1_pt', 'outZH_b2_pt', 'outZH_b1_score', 'outZH_b2_score', 'outZH_q1_pt', 'outZH_q2_pt', 'outZH_q1_score', 'outZH_q2_score', 'outZH_b1_q_mindr', 'outZH_b2_q_mindr', 'outZH_q_q_dr_nearb1', 'outZH_q_q_dr_nearb2', 'outZH_qq_M_nearb1', 'outZH_qq_M_nearb2', 'outZH_b1_qq_dr', 'outZH_b2_qq_dr', 'outZH_b1qq_M', 'outZH_b2qq_M', 'ZH_b1qq_dr', 'ZH_b2qq_dr', 'ZH_lbb1qq_dr', 'ZH_lbb2qq_dr', 'l_b2_mtb', 'ZH_closeb_invM', 'n_ak8jets', 'n_ak4jets', 'n_ak8_ZHbb', 'outZH_max_ak8pnetMass', 'outZH_b12_m', 'outZH_b12_dr', 'ht_b', 'ht_outZH', 'ak4_bestb_inZH', 'ak4_worstb_inZH', 'nonZHbb_q1_dr', 'nonZHbb_b1_dr', 'inZHb_outZHb_dr', 'ZH_l_dr', 'ZH_l_invM', 'l_b1_invM', 'l_b2_invM', 'l_b1_dr', 'l_b2_dr', 'spher', 'aplan', 'n_b_inZH', 'n_q_inZH', 'n_b_outZH', 'n_q_outZH', 'ZH_bbvLscore'], flatten=True, store_size=True, fill_none=True, fill_value=-999.0, pos_start=None, pos_end=None)],
               'btag_mask': [ColOut(collection='events', columns=['process', 'matchedGen_ZHbb_bb', 'tt_type', 'outZH_b1_pt', 'outZH_b2_pt', 'outZH_b1_score', 'outZH_b2_score', 'outZH_q1_pt', 'outZH_q2_pt', 'outZH_q1_score', 'outZH_q2_score', 'outZH_b1_q_mindr', 'outZH_b2_q_mindr', 'outZH_q_q_dr_nearb1', 'outZH_q_q_dr_nearb2', 'outZH_qq_M_nearb1', 'outZH_qq_M_nearb2', 'outZH_b1_qq_dr', 'outZH_b2_qq_dr', 'outZH_b1qq_M', 'outZH_b2qq_M', 'ZH_b1qq_dr', 'ZH_b2qq_dr', 'ZH_lbb1qq_dr', 'ZH_lbb2qq_dr', 'l_b2_mtb', 'ZH_closeb_invM', 'n_ak8jets', 'n_ak4jets', 'n_ak8_ZHbb', 'outZH_max_ak8pnetMass', 'outZH_b12_m', 'outZH_b12_dr', 'ht_b', 'ht_outZH', 'ak4_bestb_inZH', 'ak4_worstb_inZH', 'nonZHbb_q1_dr', 'nonZHbb_b1_dr', 'inZHb_outZHb_dr', 'ZH_l_dr', 'ZH_l_invM', 'l_b1_invM', 'l_b2_invM', 'l_b1_dr', 'l_b2_dr', 'spher', 'aplan', 'n_b_inZH', 'n_q_inZH', 'n_b_outZH', 'n_q_outZH', 'ZH_bbvLscore'], flatten=True, store_size=True, fill_none=True, fill_value=-999.0, pos_start=None, pos_end=None)]},
'TTZToQQ': {'baseline': [ColOut(collection='events', columns=['process', 'matchedGen_ZHbb_bb', 'tt_type', 'outZH_b1_pt', 'outZH_b2_pt', 'outZH_b1_score', 'outZH_b2_score', 'outZH_q1_pt', 'outZH_q2_pt', 'outZH_q1_score', 'outZH_q2_score', 'outZH_b1_q_mindr', 'outZH_b2_q_mindr', 'outZH_q_q_dr_nearb1', 'outZH_q_q_dr_nearb2', 'outZH_qq_M_nearb1', 'outZH_qq_M_nearb2', 'outZH_b1_qq_dr', 'outZH_b2_qq_dr', 'outZH_b1qq_M', 'outZH_b2qq_M', 'ZH_b1qq_dr', 'ZH_b2qq_dr', 'ZH_lbb1qq_dr', 'ZH_lbb2qq_dr', 'l_b2_mtb', 'ZH_closeb_invM', 'n_ak8jets', 'n_ak4jets', 'n_ak8_ZHbb', 'outZH_max_ak8pnetMass', 'outZH_b12_m', 'outZH_b12_dr', 'ht_b', 'ht_outZH', 'ak4_bestb_inZH', 'ak4_worstb_inZH', 'nonZHbb_q1_dr', 'nonZHbb_b1_dr', 'inZHb_outZHb_dr', 'ZH_l_dr', 'ZH_l_invM', 'l_b1_invM', 'l_b2_invM', 'l_b1_dr', 'l_b2_dr', 'spher', 'aplan', 'n_b_inZH', 'n_q_inZH', 'n_b_outZH', 'n_q_outZH', 'ZH_bbvLscore'], flatten=True, store_size=True, fill_none=True, fill_value=-999.0, pos_start=None, pos_end=None)],
           'btag_mask': [ColOut(collection='events', columns=['process', 'matchedGen_ZHbb_bb', 'tt_type', 'outZH_b1_pt', 'outZH_b2_pt', 'outZH_b1_score', 'outZH_b2_score', 'outZH_q1_pt', 'outZH_q2_pt', 'outZH_q1_score', 'outZH_q2_score', 'outZH_b1_q_mindr', 'outZH_b2_q_mindr', 'outZH_q_q_dr_nearb1', 'outZH_q_q_dr_nearb2', 'outZH_qq_M_nearb1', 'outZH_qq_M_nearb2', 'outZH_b1_qq_dr', 'outZH_b2_qq_dr', 'outZH_b1qq_M', 'outZH_b2qq_M', 'ZH_b1qq_dr', 'ZH_b2qq_dr', 'ZH_lbb1qq_dr', 'ZH_lbb2qq_dr', 'l_b2_mtb', 'ZH_closeb_invM', 'n_ak8jets', 'n_ak4jets', 'n_ak8_ZHbb', 'outZH_max_ak8pnetMass', 'outZH_b12_m', 'outZH_b12_dr', 'ht_b', 'ht_outZH', 'ak4_bestb_inZH', 'ak4_worstb_inZH', 'nonZHbb_q1_dr', 'nonZHbb_b1_dr', 'inZHb_outZHb_dr', 'ZH_l_dr', 'ZH_l_invM', 'l_b1_invM', 'l_b2_invM', 'l_b1_dr', 'l_b2_dr', 'spher', 'aplan', 'n_b_inZH', 'n_q_inZH', 'n_b_outZH', 'n_q_outZH', 'ZH_bbvLscore'], flatten=True, store_size=True, fill_none=True, fill_value=-999.0, pos_start=None, pos_end=None)]},
'TTbb_2L2Nu': {'baseline': [ColOut(collection='events', columns=['process', 'matchedGen_ZHbb_bb', 'tt_type', 'outZH_b1_pt', 'outZH_b2_pt', 'outZH_b1_score', 'outZH_b2_score', 'outZH_q1_pt', 'outZH_q2_pt', 'outZH_q1_score', 'outZH_q2_score', 'outZH_b1_q_mindr', 'outZH_b2_q_mindr', 'outZH_q_q_dr_nearb1', 'outZH_q_q_dr_nearb2', 'outZH_qq_M_nearb1', 'outZH_qq_M_nearb2', 'outZH_b1_qq_dr', 'outZH_b2_qq_dr', 'outZH_b1qq_M', 'outZH_b2qq_M', 'ZH_b1qq_dr', 'ZH_b2qq_dr', 'ZH_lbb1qq_dr', 'ZH_lbb2qq_dr', 'l_b2_mtb', 'ZH_closeb_invM', 'n_ak8jets', 'n_ak4jets', 'n_ak8_ZHbb', 'outZH_max_ak8pnetMass', 'outZH_b12_m', 'outZH_b12_dr', 'ht_b', 'ht_outZH', 'ak4_bestb_inZH', 'ak4_worstb_inZH', 'nonZHbb_q1_dr', 'nonZHbb_b1_dr', 'inZHb_outZHb_dr', 'ZH_l_dr', 'ZH_l_invM', 'l_b1_invM', 'l_b2_invM', 'l_b1_dr', 'l_b2_dr', 'spher', 'aplan', 'n_b_inZH', 'n_q_inZH', 'n_b_outZH', 'n_q_outZH', 'ZH_bbvLscore'], flatten=True, store_size=True, fill_none=True, fill_value=-999.0, pos_start=None, pos_end=None)],
              'btag_mask': [ColOut(collection='events', columns=['process', 'matchedGen_ZHbb_bb', 'tt_type', 'outZH_b1_pt', 'outZH_b2_pt', 'outZH_b1_score', 'outZH_b2_score', 'outZH_q1_pt', 'outZH_q2_pt', 'outZH_q1_score', 'outZH_q2_score', 'outZH_b1_q_mindr', 'outZH_b2_q_mindr', 'outZH_q_q_dr_nearb1', 'outZH_q_q_dr_nearb2', 'outZH_qq_M_nearb1', 'outZH_qq_M_nearb2', 'outZH_b1_qq_dr', 'outZH_b2_qq_dr', 'outZH_b1qq_M', 'outZH_b2qq_M', 'ZH_b1qq_dr', 'ZH_b2qq_dr', 'ZH_lbb1qq_dr', 'ZH_lbb2qq_dr', 'l_b2_mtb', 'ZH_closeb_invM', 'n_ak8jets', 'n_ak4jets', 'n_ak8_ZHbb', 'outZH_max_ak8pnetMass', 'outZH_b12_m', 'outZH_b12_dr', 'ht_b', 'ht_outZH', 'ak4_bestb_inZH', 'ak4_worstb_inZH', 'nonZHbb_q1_dr', 'nonZHbb_b1_dr', 'inZHb_outZHb_dr', 'ZH_l_dr', 'ZH_l_invM', 'l_b1_invM', 'l_b2_invM', 'l_b1_dr', 'l_b2_dr', 'spher', 'aplan', 'n_b_inZH', 'n_q_inZH', 'n_b_outZH', 'n_q_outZH', 'ZH_bbvLscore'], flatten=True, store_size=True, fill_none=True, fill_value=-999.0, pos_start=None, pos_end=None)]},
'TTbb_Hadronic': {'baseline': [ColOut(collection='events', columns=['process', 'matchedGen_ZHbb_bb', 'tt_type', 'outZH_b1_pt', 'outZH_b2_pt', 'outZH_b1_score', 'outZH_b2_score', 'outZH_q1_pt', 'outZH_q2_pt', 'outZH_q1_score', 'outZH_q2_score', 'outZH_b1_q_mindr', 'outZH_b2_q_mindr', 'outZH_q_q_dr_nearb1', 'outZH_q_q_dr_nearb2', 'outZH_qq_M_nearb1', 'outZH_qq_M_nearb2', 'outZH_b1_qq_dr', 'outZH_b2_qq_dr', 'outZH_b1qq_M', 'outZH_b2qq_M', 'ZH_b1qq_dr', 'ZH_b2qq_dr', 'ZH_lbb1qq_dr', 'ZH_lbb2qq_dr', 'l_b2_mtb', 'ZH_closeb_invM', 'n_ak8jets', 'n_ak4jets', 'n_ak8_ZHbb', 'outZH_max_ak8pnetMass', 'outZH_b12_m', 'outZH_b12_dr', 'ht_b', 'ht_outZH', 'ak4_bestb_inZH', 'ak4_worstb_inZH', 'nonZHbb_q1_dr', 'nonZHbb_b1_dr', 'inZHb_outZHb_dr', 'ZH_l_dr', 'ZH_l_invM', 'l_b1_invM', 'l_b2_invM', 'l_b1_dr', 'l_b2_dr', 'spher', 'aplan', 'n_b_inZH', 'n_q_inZH', 'n_b_outZH', 'n_q_outZH', 'ZH_bbvLscore'], flatten=True, store_size=True, fill_none=True, fill_value=-999.0, pos_start=None, pos_end=None)],
                 'btag_mask': [ColOut(collection='events', columns=['process', 'matchedGen_ZHbb_bb', 'tt_type', 'outZH_b1_pt', 'outZH_b2_pt', 'outZH_b1_score', 'outZH_b2_score', 'outZH_q1_pt', 'outZH_q2_pt', 'outZH_q1_score', 'outZH_q2_score', 'outZH_b1_q_mindr', 'outZH_b2_q_mindr', 'outZH_q_q_dr_nearb1', 'outZH_q_q_dr_nearb2', 'outZH_qq_M_nearb1', 'outZH_qq_M_nearb2', 'outZH_b1_qq_dr', 'outZH_b2_qq_dr', 'outZH_b1qq_M', 'outZH_b2qq_M', 'ZH_b1qq_dr', 'ZH_b2qq_dr', 'ZH_lbb1qq_dr', 'ZH_lbb2qq_dr', 'l_b2_mtb', 'ZH_closeb_invM', 'n_ak8jets', 'n_ak4jets', 'n_ak8_ZHbb', 'outZH_max_ak8pnetMass', 'outZH_b12_m', 'outZH_b12_dr', 'ht_b', 'ht_outZH', 'ak4_bestb_inZH', 'ak4_worstb_inZH', 'nonZHbb_q1_dr', 'nonZHbb_b1_dr', 'inZHb_outZHb_dr', 'ZH_l_dr', 'ZH_l_invM', 'l_b1_invM', 'l_b2_invM', 'l_b1_dr', 'l_b2_dr', 'spher', 'aplan', 'n_b_inZH', 'n_q_inZH', 'n_b_outZH', 'n_q_outZH', 'ZH_bbvLscore'], flatten=True, store_size=True, fill_none=True, fill_value=-999.0, pos_start=None, pos_end=None)]},
'TTbb_SemiLeptonic': {'baseline': [ColOut(collection='events', columns=['process', 'matchedGen_ZHbb_bb', 'tt_type', 'outZH_b1_pt', 'outZH_b2_pt', 'outZH_b1_score', 'outZH_b2_score', 'outZH_q1_pt', 'outZH_q2_pt', 'outZH_q1_score', 'outZH_q2_score', 'outZH_b1_q_mindr', 'outZH_b2_q_mindr', 'outZH_q_q_dr_nearb1', 'outZH_q_q_dr_nearb2', 'outZH_qq_M_nearb1', 'outZH_qq_M_nearb2', 'outZH_b1_qq_dr', 'outZH_b2_qq_dr', 'outZH_b1qq_M', 'outZH_b2qq_M', 'ZH_b1qq_dr', 'ZH_b2qq_dr', 'ZH_lbb1qq_dr', 'ZH_lbb2qq_dr', 'l_b2_mtb', 'ZH_closeb_invM', 'n_ak8jets', 'n_ak4jets', 'n_ak8_ZHbb', 'outZH_max_ak8pnetMass', 'outZH_b12_m', 'outZH_b12_dr', 'ht_b', 'ht_outZH', 'ak4_bestb_inZH', 'ak4_worstb_inZH', 'nonZHbb_q1_dr', 'nonZHbb_b1_dr', 'inZHb_outZHb_dr', 'ZH_l_dr', 'ZH_l_invM', 'l_b1_invM', 'l_b2_invM', 'l_b1_dr', 'l_b2_dr', 'spher', 'aplan', 'n_b_inZH', 'n_q_inZH', 'n_b_outZH', 'n_q_outZH', 'ZH_bbvLscore'], flatten=True, store_size=True, fill_none=True, fill_value=-999.0, pos_start=None, pos_end=None)],
                     'btag_mask': [ColOut(collection='events', columns=['process', 'matchedGen_ZHbb_bb', 'tt_type', 'outZH_b1_pt', 'outZH_b2_pt', 'outZH_b1_score', 'outZH_b2_score', 'outZH_q1_pt', 'outZH_q2_pt', 'outZH_q1_score', 'outZH_q2_score', 'outZH_b1_q_mindr', 'outZH_b2_q_mindr', 'outZH_q_q_dr_nearb1', 'outZH_q_q_dr_nearb2', 'outZH_qq_M_nearb1', 'outZH_qq_M_nearb2', 'outZH_b1_qq_dr', 'outZH_b2_qq_dr', 'outZH_b1qq_M', 'outZH_b2qq_M', 'ZH_b1qq_dr', 'ZH_b2qq_dr', 'ZH_lbb1qq_dr', 'ZH_lbb2qq_dr', 'l_b2_mtb', 'ZH_closeb_invM', 'n_ak8jets', 'n_ak4jets', 'n_ak8_ZHbb', 'outZH_max_ak8pnetMass', 'outZH_b12_m', 'outZH_b12_dr', 'ht_b', 'ht_outZH', 'ak4_bestb_inZH', 'ak4_worstb_inZH', 'nonZHbb_q1_dr', 'nonZHbb_b1_dr', 'inZHb_outZHb_dr', 'ZH_l_dr', 'ZH_l_invM', 'l_b1_invM', 'l_b2_invM', 'l_b1_dr', 'l_b2_dr', 'spher', 'aplan', 'n_b_inZH', 'n_q_inZH', 'n_b_outZH', 'n_q_outZH', 'ZH_bbvLscore'], flatten=True, store_size=True, fill_none=True, fill_value=-999.0, pos_start=None, pos_end=None)]},
'ttHToNonbb': {'baseline': [ColOut(collection='events', columns=['process', 'matchedGen_ZHbb_bb', 'tt_type', 'outZH_b1_pt', 'outZH_b2_pt', 'outZH_b1_score', 'outZH_b2_score', 'outZH_q1_pt', 'outZH_q2_pt', 'outZH_q1_score', 'outZH_q2_score', 'outZH_b1_q_mindr', 'outZH_b2_q_mindr', 'outZH_q_q_dr_nearb1', 'outZH_q_q_dr_nearb2', 'outZH_qq_M_nearb1', 'outZH_qq_M_nearb2', 'outZH_b1_qq_dr', 'outZH_b2_qq_dr', 'outZH_b1qq_M', 'outZH_b2qq_M', 'ZH_b1qq_dr', 'ZH_b2qq_dr', 'ZH_lbb1qq_dr', 'ZH_lbb2qq_dr', 'l_b2_mtb', 'ZH_closeb_invM', 'n_ak8jets', 'n_ak4jets', 'n_ak8_ZHbb', 'outZH_max_ak8pnetMass', 'outZH_b12_m', 'outZH_b12_dr', 'ht_b', 'ht_outZH', 'ak4_bestb_inZH', 'ak4_worstb_inZH', 'nonZHbb_q1_dr', 'nonZHbb_b1_dr', 'inZHb_outZHb_dr', 'ZH_l_dr', 'ZH_l_invM', 'l_b1_invM', 'l_b2_invM', 'l_b1_dr', 'l_b2_dr', 'spher', 'aplan', 'n_b_inZH', 'n_q_inZH', 'n_b_outZH', 'n_q_outZH', 'ZH_bbvLscore'], flatten=True, store_size=True, fill_none=True, fill_value=-999.0, pos_start=None, pos_end=None)],
              'btag_mask': [ColOut(collection='events', columns=['process', 'matchedGen_ZHbb_bb', 'tt_type', 'outZH_b1_pt', 'outZH_b2_pt', 'outZH_b1_score', 'outZH_b2_score', 'outZH_q1_pt', 'outZH_q2_pt', 'outZH_q1_score', 'outZH_q2_score', 'outZH_b1_q_mindr', 'outZH_b2_q_mindr', 'outZH_q_q_dr_nearb1', 'outZH_q_q_dr_nearb2', 'outZH_qq_M_nearb1', 'outZH_qq_M_nearb2', 'outZH_b1_qq_dr', 'outZH_b2_qq_dr', 'outZH_b1qq_M', 'outZH_b2qq_M', 'ZH_b1qq_dr', 'ZH_b2qq_dr', 'ZH_lbb1qq_dr', 'ZH_lbb2qq_dr', 'l_b2_mtb', 'ZH_closeb_invM', 'n_ak8jets', 'n_ak4jets', 'n_ak8_ZHbb', 'outZH_max_ak8pnetMass', 'outZH_b12_m', 'outZH_b12_dr', 'ht_b', 'ht_outZH', 'ak4_bestb_inZH', 'ak4_worstb_inZH', 'nonZHbb_q1_dr', 'nonZHbb_b1_dr', 'inZHb_outZHb_dr', 'ZH_l_dr', 'ZH_l_invM', 'l_b1_invM', 'l_b2_invM', 'l_b1_dr', 'l_b2_dr', 'spher', 'aplan', 'n_b_inZH', 'n_q_inZH', 'n_b_outZH', 'n_q_outZH', 'ZH_bbvLscore'], flatten=True, store_size=True, fill_none=True, fill_value=-999.0, pos_start=None, pos_end=None)]},
'ttHTobb': {'baseline': [ColOut(collection='events', columns=['process', 'matchedGen_ZHbb_bb', 'tt_type', 'outZH_b1_pt', 'outZH_b2_pt', 'outZH_b1_score', 'outZH_b2_score', 'outZH_q1_pt', 'outZH_q2_pt', 'outZH_q1_score', 'outZH_q2_score', 'outZH_b1_q_mindr', 'outZH_b2_q_mindr', 'outZH_q_q_dr_nearb1', 'outZH_q_q_dr_nearb2', 'outZH_qq_M_nearb1', 'outZH_qq_M_nearb2', 'outZH_b1_qq_dr', 'outZH_b2_qq_dr', 'outZH_b1qq_M', 'outZH_b2qq_M', 'ZH_b1qq_dr', 'ZH_b2qq_dr', 'ZH_lbb1qq_dr', 'ZH_lbb2qq_dr', 'l_b2_mtb', 'ZH_closeb_invM', 'n_ak8jets', 'n_ak4jets', 'n_ak8_ZHbb', 'outZH_max_ak8pnetMass', 'outZH_b12_m', 'outZH_b12_dr', 'ht_b', 'ht_outZH', 'ak4_bestb_inZH', 'ak4_worstb_inZH', 'nonZHbb_q1_dr', 'nonZHbb_b1_dr', 'inZHb_outZHb_dr', 'ZH_l_dr', 'ZH_l_invM', 'l_b1_invM', 'l_b2_invM', 'l_b1_dr', 'l_b2_dr', 'spher', 'aplan', 'n_b_inZH', 'n_q_inZH', 'n_b_outZH', 'n_q_outZH', 'ZH_bbvLscore'], flatten=True, store_size=True, fill_none=True, fill_value=-999.0, pos_start=None, pos_end=None)],
           'btag_mask': [ColOut(collection='events', columns=['process', 'matchedGen_ZHbb_bb', 'tt_type', 'outZH_b1_pt', 'outZH_b2_pt', 'outZH_b1_score', 'outZH_b2_score', 'outZH_q1_pt', 'outZH_q2_pt', 'outZH_q1_score', 'outZH_q2_score', 'outZH_b1_q_mindr', 'outZH_b2_q_mindr', 'outZH_q_q_dr_nearb1', 'outZH_q_q_dr_nearb2', 'outZH_qq_M_nearb1', 'outZH_qq_M_nearb2', 'outZH_b1_qq_dr', 'outZH_b2_qq_dr', 'outZH_b1qq_M', 'outZH_b2qq_M', 'ZH_b1qq_dr', 'ZH_b2qq_dr', 'ZH_lbb1qq_dr', 'ZH_lbb2qq_dr', 'l_b2_mtb', 'ZH_closeb_invM', 'n_ak8jets', 'n_ak4jets', 'n_ak8_ZHbb', 'outZH_max_ak8pnetMass', 'outZH_b12_m', 'outZH_b12_dr', 'ht_b', 'ht_outZH', 'ak4_bestb_inZH', 'ak4_worstb_inZH', 'nonZHbb_q1_dr', 'nonZHbb_b1_dr', 'inZHb_outZHb_dr', 'ZH_l_dr', 'ZH_l_invM', 'l_b1_invM', 'l_b2_invM', 'l_b1_dr', 'l_b2_dr', 'spher', 'aplan', 'n_b_inZH', 'n_q_inZH', 'n_b_outZH', 'n_q_outZH', 'ZH_bbvLscore'], flatten=True, store_size=True, fill_none=True, fill_value=-999.0, pos_start=None, pos_end=None)]}}
  - available weights variations: {'TTTo2L2Nu': ['nominal', 'pileup'],
'TTToHadronic': ['nominal', 'pileup'],
'TTToSemiLeptonic': ['nominal', 'pileup'],
'TTZToBB': ['nominal', 'pileup'],
'TTZToLLNuNu': ['nominal', 'pileup'],
'TTZToQQ': ['nominal', 'pileup'],
'TTbb_2L2Nu': ['nominal', 'pileup'],
'TTbb_Hadronic': ['nominal', 'pileup'],
'TTbb_SemiLeptonic': ['nominal', 'pileup'],
'ttHToNonbb': ['nominal', 'pileup'],
'ttHTobb': ['nominal', 'pileup']} 
  - available shape variations: {'TTTo2L2Nu': [],
'TTToHadronic': [],
'TTToSemiLeptonic': [],
'TTZToBB': [],
'TTZToLLNuNu': [],
'TTZToQQ': [],
'TTbb_2L2Nu': [],
'TTbb_Hadronic': [],
'TTbb_SemiLeptonic': [],
'ttHToNonbb': [],
'ttHTobb': []}
[INFO    ] Configurator instance:
  - Workflow: <class 'zhbbworkflow.ZHbbBaseProcessor'>
  - Workflow options: {}
  - N. datasets: 11 
   -- Dataset: ttHTobb_M125_M125_2017,  Sample: ttHTobb, N. files: 46, N. events: 7825000
   -- Dataset: ttHToNonbb_M125_M125_2017,  Sample: ttHToNonbb, N. files: 35, N. events: 5070989
   -- Dataset: TTZToBB__2017,  Sample: TTZToBB, N. files: 26, N. events: 7074000
   -- Dataset: TTZToQQ__2017,  Sample: TTZToQQ, N. files: 35, N. events: 13822000
   -- Dataset: TTZToLLNuNu__2017,  Sample: TTZToLLNuNu, N. files: 19, N. events: 14036000
   -- Dataset: TTbb_Hadronic__2017,  Sample: TTbb_Hadronic, N. files: 9, N. events: 5694656
   -- Dataset: TTbb_2L2Nu__2017,  Sample: TTbb_2L2Nu, N. files: 7, N. events: 3472503
   -- Dataset: TTbb_SemiLeptonic__2017,  Sample: TTbb_SemiLeptonic, N. files: 12, N. events: 7318891
   -- Dataset: TTToHadronic__2017,  Sample: TTToHadronic, N. files: 199, N. events: 232999999
   -- Dataset: TTTo2L2Nu__2017,  Sample: TTTo2L2Nu, N. files: 99, N. events: 106724000
   -- Dataset: TTToSemiLeptonic__2017,  Sample: TTToSemiLeptonic, N. files: 297, N. events: 346052000
  - Subsamples:
   -- Sample ttHTobb: StandardSelection ['ttHTobb'], (1 categories)
   -- Sample ttHToNonbb: StandardSelection ['ttHToNonbb'], (1 categories)
   -- Sample TTZToBB: StandardSelection ['TTZToBB'], (1 categories)
   -- Sample TTZToQQ: StandardSelection ['TTZToQQ'], (1 categories)
   -- Sample TTZToLLNuNu: StandardSelection ['TTZToLLNuNu'], (1 categories)
   -- Sample TTbb_Hadronic: StandardSelection ['TTbb_Hadronic'], (1 categories)
   -- Sample TTbb_2L2Nu: StandardSelection ['TTbb_2L2Nu'], (1 categories)
   -- Sample TTbb_SemiLeptonic: StandardSelection ['TTbb_SemiLeptonic'], (1 categories)
   -- Sample TTToHadronic: StandardSelection ['TTToHadronic'], (1 categories)
   -- Sample TTTo2L2Nu: StandardSelection ['TTTo2L2Nu'], (1 categories)
   -- Sample TTToSemiLeptonic: StandardSelection ['TTToSemiLeptonic'], (1 categories)
  - Skim: ['preSkimCut']
  - Preselection: ['eventSelection']
  - Categories: StandardSelection ['baseline', 'btag_mask'], (2 categories)
  - Variables:  ['mAK8', 'zhbbtag', 'zhbbtag_sorted', 'outZH_b1_pt']
  - Columns: {'TTTo2L2Nu': {'baseline': [ColOut(collection='events', columns=['process', 'matchedGen_ZHbb_bb', 'tt_type', 'outZH_b1_pt', 'outZH_b2_pt', 'outZH_b1_score', 'outZH_b2_score', 'outZH_q1_pt', 'outZH_q2_pt', 'outZH_q1_score', 'outZH_q2_score', 'outZH_b1_q_mindr', 'outZH_b2_q_mindr', 'outZH_q_q_dr_nearb1', 'outZH_q_q_dr_nearb2', 'outZH_qq_M_nearb1', 'outZH_qq_M_nearb2', 'outZH_b1_qq_dr', 'outZH_b2_qq_dr', 'outZH_b1qq_M', 'outZH_b2qq_M', 'ZH_b1qq_dr', 'ZH_b2qq_dr', 'ZH_lbb1qq_dr', 'ZH_lbb2qq_dr', 'l_b2_mtb', 'ZH_closeb_invM', 'n_ak8jets', 'n_ak4jets', 'n_ak8_ZHbb', 'outZH_max_ak8pnetMass', 'outZH_b12_m', 'outZH_b12_dr', 'ht_b', 'ht_outZH', 'ak4_bestb_inZH', 'ak4_worstb_inZH', 'nonZHbb_q1_dr', 'nonZHbb_b1_dr', 'inZHb_outZHb_dr', 'ZH_l_dr', 'ZH_l_invM', 'l_b1_invM', 'l_b2_invM', 'l_b1_dr', 'l_b2_dr', 'spher', 'aplan', 'n_b_inZH', 'n_q_inZH', 'n_b_outZH', 'n_q_outZH', 'ZH_bbvLscore'], flatten=True, store_size=True, fill_none=True, fill_value=-999.0, pos_start=None, pos_end=None)],
             'btag_mask': [ColOut(collection='events', columns=['process', 'matchedGen_ZHbb_bb', 'tt_type', 'outZH_b1_pt', 'outZH_b2_pt', 'outZH_b1_score', 'outZH_b2_score', 'outZH_q1_pt', 'outZH_q2_pt', 'outZH_q1_score', 'outZH_q2_score', 'outZH_b1_q_mindr', 'outZH_b2_q_mindr', 'outZH_q_q_dr_nearb1', 'outZH_q_q_dr_nearb2', 'outZH_qq_M_nearb1', 'outZH_qq_M_nearb2', 'outZH_b1_qq_dr', 'outZH_b2_qq_dr', 'outZH_b1qq_M', 'outZH_b2qq_M', 'ZH_b1qq_dr', 'ZH_b2qq_dr', 'ZH_lbb1qq_dr', 'ZH_lbb2qq_dr', 'l_b2_mtb', 'ZH_closeb_invM', 'n_ak8jets', 'n_ak4jets', 'n_ak8_ZHbb', 'outZH_max_ak8pnetMass', 'outZH_b12_m', 'outZH_b12_dr', 'ht_b', 'ht_outZH', 'ak4_bestb_inZH', 'ak4_worstb_inZH', 'nonZHbb_q1_dr', 'nonZHbb_b1_dr', 'inZHb_outZHb_dr', 'ZH_l_dr', 'ZH_l_invM', 'l_b1_invM', 'l_b2_invM', 'l_b1_dr', 'l_b2_dr', 'spher', 'aplan', 'n_b_inZH', 'n_q_inZH', 'n_b_outZH', 'n_q_outZH', 'ZH_bbvLscore'], flatten=True, store_size=True, fill_none=True, fill_value=-999.0, pos_start=None, pos_end=None)]},
'TTToHadronic': {'baseline': [ColOut(collection='events', columns=['process', 'matchedGen_ZHbb_bb', 'tt_type', 'outZH_b1_pt', 'outZH_b2_pt', 'outZH_b1_score', 'outZH_b2_score', 'outZH_q1_pt', 'outZH_q2_pt', 'outZH_q1_score', 'outZH_q2_score', 'outZH_b1_q_mindr', 'outZH_b2_q_mindr', 'outZH_q_q_dr_nearb1', 'outZH_q_q_dr_nearb2', 'outZH_qq_M_nearb1', 'outZH_qq_M_nearb2', 'outZH_b1_qq_dr', 'outZH_b2_qq_dr', 'outZH_b1qq_M', 'outZH_b2qq_M', 'ZH_b1qq_dr', 'ZH_b2qq_dr', 'ZH_lbb1qq_dr', 'ZH_lbb2qq_dr', 'l_b2_mtb', 'ZH_closeb_invM', 'n_ak8jets', 'n_ak4jets', 'n_ak8_ZHbb', 'outZH_max_ak8pnetMass', 'outZH_b12_m', 'outZH_b12_dr', 'ht_b', 'ht_outZH', 'ak4_bestb_inZH', 'ak4_worstb_inZH', 'nonZHbb_q1_dr', 'nonZHbb_b1_dr', 'inZHb_outZHb_dr', 'ZH_l_dr', 'ZH_l_invM', 'l_b1_invM', 'l_b2_invM', 'l_b1_dr', 'l_b2_dr', 'spher', 'aplan', 'n_b_inZH', 'n_q_inZH', 'n_b_outZH', 'n_q_outZH', 'ZH_bbvLscore'], flatten=True, store_size=True, fill_none=True, fill_value=-999.0, pos_start=None, pos_end=None)],
                'btag_mask': [ColOut(collection='events', columns=['process', 'matchedGen_ZHbb_bb', 'tt_type', 'outZH_b1_pt', 'outZH_b2_pt', 'outZH_b1_score', 'outZH_b2_score', 'outZH_q1_pt', 'outZH_q2_pt', 'outZH_q1_score', 'outZH_q2_score', 'outZH_b1_q_mindr', 'outZH_b2_q_mindr', 'outZH_q_q_dr_nearb1', 'outZH_q_q_dr_nearb2', 'outZH_qq_M_nearb1', 'outZH_qq_M_nearb2', 'outZH_b1_qq_dr', 'outZH_b2_qq_dr', 'outZH_b1qq_M', 'outZH_b2qq_M', 'ZH_b1qq_dr', 'ZH_b2qq_dr', 'ZH_lbb1qq_dr', 'ZH_lbb2qq_dr', 'l_b2_mtb', 'ZH_closeb_invM', 'n_ak8jets', 'n_ak4jets', 'n_ak8_ZHbb', 'outZH_max_ak8pnetMass', 'outZH_b12_m', 'outZH_b12_dr', 'ht_b', 'ht_outZH', 'ak4_bestb_inZH', 'ak4_worstb_inZH', 'nonZHbb_q1_dr', 'nonZHbb_b1_dr', 'inZHb_outZHb_dr', 'ZH_l_dr', 'ZH_l_invM', 'l_b1_invM', 'l_b2_invM', 'l_b1_dr', 'l_b2_dr', 'spher', 'aplan', 'n_b_inZH', 'n_q_inZH', 'n_b_outZH', 'n_q_outZH', 'ZH_bbvLscore'], flatten=True, store_size=True, fill_none=True, fill_value=-999.0, pos_start=None, pos_end=None)]},
'TTToSemiLeptonic': {'baseline': [ColOut(collection='events', columns=['process', 'matchedGen_ZHbb_bb', 'tt_type', 'outZH_b1_pt', 'outZH_b2_pt', 'outZH_b1_score', 'outZH_b2_score', 'outZH_q1_pt', 'outZH_q2_pt', 'outZH_q1_score', 'outZH_q2_score', 'outZH_b1_q_mindr', 'outZH_b2_q_mindr', 'outZH_q_q_dr_nearb1', 'outZH_q_q_dr_nearb2', 'outZH_qq_M_nearb1', 'outZH_qq_M_nearb2', 'outZH_b1_qq_dr', 'outZH_b2_qq_dr', 'outZH_b1qq_M', 'outZH_b2qq_M', 'ZH_b1qq_dr', 'ZH_b2qq_dr', 'ZH_lbb1qq_dr', 'ZH_lbb2qq_dr', 'l_b2_mtb', 'ZH_closeb_invM', 'n_ak8jets', 'n_ak4jets', 'n_ak8_ZHbb', 'outZH_max_ak8pnetMass', 'outZH_b12_m', 'outZH_b12_dr', 'ht_b', 'ht_outZH', 'ak4_bestb_inZH', 'ak4_worstb_inZH', 'nonZHbb_q1_dr', 'nonZHbb_b1_dr', 'inZHb_outZHb_dr', 'ZH_l_dr', 'ZH_l_invM', 'l_b1_invM', 'l_b2_invM', 'l_b1_dr', 'l_b2_dr', 'spher', 'aplan', 'n_b_inZH', 'n_q_inZH', 'n_b_outZH', 'n_q_outZH', 'ZH_bbvLscore'], flatten=True, store_size=True, fill_none=True, fill_value=-999.0, pos_start=None, pos_end=None)],
                    'btag_mask': [ColOut(collection='events', columns=['process', 'matchedGen_ZHbb_bb', 'tt_type', 'outZH_b1_pt', 'outZH_b2_pt', 'outZH_b1_score', 'outZH_b2_score', 'outZH_q1_pt', 'outZH_q2_pt', 'outZH_q1_score', 'outZH_q2_score', 'outZH_b1_q_mindr', 'outZH_b2_q_mindr', 'outZH_q_q_dr_nearb1', 'outZH_q_q_dr_nearb2', 'outZH_qq_M_nearb1', 'outZH_qq_M_nearb2', 'outZH_b1_qq_dr', 'outZH_b2_qq_dr', 'outZH_b1qq_M', 'outZH_b2qq_M', 'ZH_b1qq_dr', 'ZH_b2qq_dr', 'ZH_lbb1qq_dr', 'ZH_lbb2qq_dr', 'l_b2_mtb', 'ZH_closeb_invM', 'n_ak8jets', 'n_ak4jets', 'n_ak8_ZHbb', 'outZH_max_ak8pnetMass', 'outZH_b12_m', 'outZH_b12_dr', 'ht_b', 'ht_outZH', 'ak4_bestb_inZH', 'ak4_worstb_inZH', 'nonZHbb_q1_dr', 'nonZHbb_b1_dr', 'inZHb_outZHb_dr', 'ZH_l_dr', 'ZH_l_invM', 'l_b1_invM', 'l_b2_invM', 'l_b1_dr', 'l_b2_dr', 'spher', 'aplan', 'n_b_inZH', 'n_q_inZH', 'n_b_outZH', 'n_q_outZH', 'ZH_bbvLscore'], flatten=True, store_size=True, fill_none=True, fill_value=-999.0, pos_start=None, pos_end=None)]},
'TTZToBB': {'baseline': [ColOut(collection='events', columns=['process', 'matchedGen_ZHbb_bb', 'tt_type', 'outZH_b1_pt', 'outZH_b2_pt', 'outZH_b1_score', 'outZH_b2_score', 'outZH_q1_pt', 'outZH_q2_pt', 'outZH_q1_score', 'outZH_q2_score', 'outZH_b1_q_mindr', 'outZH_b2_q_mindr', 'outZH_q_q_dr_nearb1', 'outZH_q_q_dr_nearb2', 'outZH_qq_M_nearb1', 'outZH_qq_M_nearb2', 'outZH_b1_qq_dr', 'outZH_b2_qq_dr', 'outZH_b1qq_M', 'outZH_b2qq_M', 'ZH_b1qq_dr', 'ZH_b2qq_dr', 'ZH_lbb1qq_dr', 'ZH_lbb2qq_dr', 'l_b2_mtb', 'ZH_closeb_invM', 'n_ak8jets', 'n_ak4jets', 'n_ak8_ZHbb', 'outZH_max_ak8pnetMass', 'outZH_b12_m', 'outZH_b12_dr', 'ht_b', 'ht_outZH', 'ak4_bestb_inZH', 'ak4_worstb_inZH', 'nonZHbb_q1_dr', 'nonZHbb_b1_dr', 'inZHb_outZHb_dr', 'ZH_l_dr', 'ZH_l_invM', 'l_b1_invM', 'l_b2_invM', 'l_b1_dr', 'l_b2_dr', 'spher', 'aplan', 'n_b_inZH', 'n_q_inZH', 'n_b_outZH', 'n_q_outZH', 'ZH_bbvLscore'], flatten=True, store_size=True, fill_none=True, fill_value=-999.0, pos_start=None, pos_end=None)],
           'btag_mask': [ColOut(collection='events', columns=['process', 'matchedGen_ZHbb_bb', 'tt_type', 'outZH_b1_pt', 'outZH_b2_pt', 'outZH_b1_score', 'outZH_b2_score', 'outZH_q1_pt', 'outZH_q2_pt', 'outZH_q1_score', 'outZH_q2_score', 'outZH_b1_q_mindr', 'outZH_b2_q_mindr', 'outZH_q_q_dr_nearb1', 'outZH_q_q_dr_nearb2', 'outZH_qq_M_nearb1', 'outZH_qq_M_nearb2', 'outZH_b1_qq_dr', 'outZH_b2_qq_dr', 'outZH_b1qq_M', 'outZH_b2qq_M', 'ZH_b1qq_dr', 'ZH_b2qq_dr', 'ZH_lbb1qq_dr', 'ZH_lbb2qq_dr', 'l_b2_mtb', 'ZH_closeb_invM', 'n_ak8jets', 'n_ak4jets', 'n_ak8_ZHbb', 'outZH_max_ak8pnetMass', 'outZH_b12_m', 'outZH_b12_dr', 'ht_b', 'ht_outZH', 'ak4_bestb_inZH', 'ak4_worstb_inZH', 'nonZHbb_q1_dr', 'nonZHbb_b1_dr', 'inZHb_outZHb_dr', 'ZH_l_dr', 'ZH_l_invM', 'l_b1_invM', 'l_b2_invM', 'l_b1_dr', 'l_b2_dr', 'spher', 'aplan', 'n_b_inZH', 'n_q_inZH', 'n_b_outZH', 'n_q_outZH', 'ZH_bbvLscore'], flatten=True, store_size=True, fill_none=True, fill_value=-999.0, pos_start=None, pos_end=None)]},
'TTZToLLNuNu': {'baseline': [ColOut(collection='events', columns=['process', 'matchedGen_ZHbb_bb', 'tt_type', 'outZH_b1_pt', 'outZH_b2_pt', 'outZH_b1_score', 'outZH_b2_score', 'outZH_q1_pt', 'outZH_q2_pt', 'outZH_q1_score', 'outZH_q2_score', 'outZH_b1_q_mindr', 'outZH_b2_q_mindr', 'outZH_q_q_dr_nearb1', 'outZH_q_q_dr_nearb2', 'outZH_qq_M_nearb1', 'outZH_qq_M_nearb2', 'outZH_b1_qq_dr', 'outZH_b2_qq_dr', 'outZH_b1qq_M', 'outZH_b2qq_M', 'ZH_b1qq_dr', 'ZH_b2qq_dr', 'ZH_lbb1qq_dr', 'ZH_lbb2qq_dr', 'l_b2_mtb', 'ZH_closeb_invM', 'n_ak8jets', 'n_ak4jets', 'n_ak8_ZHbb', 'outZH_max_ak8pnetMass', 'outZH_b12_m', 'outZH_b12_dr', 'ht_b', 'ht_outZH', 'ak4_bestb_inZH', 'ak4_worstb_inZH', 'nonZHbb_q1_dr', 'nonZHbb_b1_dr', 'inZHb_outZHb_dr', 'ZH_l_dr', 'ZH_l_invM', 'l_b1_invM', 'l_b2_invM', 'l_b1_dr', 'l_b2_dr', 'spher', 'aplan', 'n_b_inZH', 'n_q_inZH', 'n_b_outZH', 'n_q_outZH', 'ZH_bbvLscore'], flatten=True, store_size=True, fill_none=True, fill_value=-999.0, pos_start=None, pos_end=None)],
               'btag_mask': [ColOut(collection='events', columns=['process', 'matchedGen_ZHbb_bb', 'tt_type', 'outZH_b1_pt', 'outZH_b2_pt', 'outZH_b1_score', 'outZH_b2_score', 'outZH_q1_pt', 'outZH_q2_pt', 'outZH_q1_score', 'outZH_q2_score', 'outZH_b1_q_mindr', 'outZH_b2_q_mindr', 'outZH_q_q_dr_nearb1', 'outZH_q_q_dr_nearb2', 'outZH_qq_M_nearb1', 'outZH_qq_M_nearb2', 'outZH_b1_qq_dr', 'outZH_b2_qq_dr', 'outZH_b1qq_M', 'outZH_b2qq_M', 'ZH_b1qq_dr', 'ZH_b2qq_dr', 'ZH_lbb1qq_dr', 'ZH_lbb2qq_dr', 'l_b2_mtb', 'ZH_closeb_invM', 'n_ak8jets', 'n_ak4jets', 'n_ak8_ZHbb', 'outZH_max_ak8pnetMass', 'outZH_b12_m', 'outZH_b12_dr', 'ht_b', 'ht_outZH', 'ak4_bestb_inZH', 'ak4_worstb_inZH', 'nonZHbb_q1_dr', 'nonZHbb_b1_dr', 'inZHb_outZHb_dr', 'ZH_l_dr', 'ZH_l_invM', 'l_b1_invM', 'l_b2_invM', 'l_b1_dr', 'l_b2_dr', 'spher', 'aplan', 'n_b_inZH', 'n_q_inZH', 'n_b_outZH', 'n_q_outZH', 'ZH_bbvLscore'], flatten=True, store_size=True, fill_none=True, fill_value=-999.0, pos_start=None, pos_end=None)]},
'TTZToQQ': {'baseline': [ColOut(collection='events', columns=['process', 'matchedGen_ZHbb_bb', 'tt_type', 'outZH_b1_pt', 'outZH_b2_pt', 'outZH_b1_score', 'outZH_b2_score', 'outZH_q1_pt', 'outZH_q2_pt', 'outZH_q1_score', 'outZH_q2_score', 'outZH_b1_q_mindr', 'outZH_b2_q_mindr', 'outZH_q_q_dr_nearb1', 'outZH_q_q_dr_nearb2', 'outZH_qq_M_nearb1', 'outZH_qq_M_nearb2', 'outZH_b1_qq_dr', 'outZH_b2_qq_dr', 'outZH_b1qq_M', 'outZH_b2qq_M', 'ZH_b1qq_dr', 'ZH_b2qq_dr', 'ZH_lbb1qq_dr', 'ZH_lbb2qq_dr', 'l_b2_mtb', 'ZH_closeb_invM', 'n_ak8jets', 'n_ak4jets', 'n_ak8_ZHbb', 'outZH_max_ak8pnetMass', 'outZH_b12_m', 'outZH_b12_dr', 'ht_b', 'ht_outZH', 'ak4_bestb_inZH', 'ak4_worstb_inZH', 'nonZHbb_q1_dr', 'nonZHbb_b1_dr', 'inZHb_outZHb_dr', 'ZH_l_dr', 'ZH_l_invM', 'l_b1_invM', 'l_b2_invM', 'l_b1_dr', 'l_b2_dr', 'spher', 'aplan', 'n_b_inZH', 'n_q_inZH', 'n_b_outZH', 'n_q_outZH', 'ZH_bbvLscore'], flatten=True, store_size=True, fill_none=True, fill_value=-999.0, pos_start=None, pos_end=None)],
           'btag_mask': [ColOut(collection='events', columns=['process', 'matchedGen_ZHbb_bb', 'tt_type', 'outZH_b1_pt', 'outZH_b2_pt', 'outZH_b1_score', 'outZH_b2_score', 'outZH_q1_pt', 'outZH_q2_pt', 'outZH_q1_score', 'outZH_q2_score', 'outZH_b1_q_mindr', 'outZH_b2_q_mindr', 'outZH_q_q_dr_nearb1', 'outZH_q_q_dr_nearb2', 'outZH_qq_M_nearb1', 'outZH_qq_M_nearb2', 'outZH_b1_qq_dr', 'outZH_b2_qq_dr', 'outZH_b1qq_M', 'outZH_b2qq_M', 'ZH_b1qq_dr', 'ZH_b2qq_dr', 'ZH_lbb1qq_dr', 'ZH_lbb2qq_dr', 'l_b2_mtb', 'ZH_closeb_invM', 'n_ak8jets', 'n_ak4jets', 'n_ak8_ZHbb', 'outZH_max_ak8pnetMass', 'outZH_b12_m', 'outZH_b12_dr', 'ht_b', 'ht_outZH', 'ak4_bestb_inZH', 'ak4_worstb_inZH', 'nonZHbb_q1_dr', 'nonZHbb_b1_dr', 'inZHb_outZHb_dr', 'ZH_l_dr', 'ZH_l_invM', 'l_b1_invM', 'l_b2_invM', 'l_b1_dr', 'l_b2_dr', 'spher', 'aplan', 'n_b_inZH', 'n_q_inZH', 'n_b_outZH', 'n_q_outZH', 'ZH_bbvLscore'], flatten=True, store_size=True, fill_none=True, fill_value=-999.0, pos_start=None, pos_end=None)]},
'TTbb_2L2Nu': {'baseline': [ColOut(collection='events', columns=['process', 'matchedGen_ZHbb_bb', 'tt_type', 'outZH_b1_pt', 'outZH_b2_pt', 'outZH_b1_score', 'outZH_b2_score', 'outZH_q1_pt', 'outZH_q2_pt', 'outZH_q1_score', 'outZH_q2_score', 'outZH_b1_q_mindr', 'outZH_b2_q_mindr', 'outZH_q_q_dr_nearb1', 'outZH_q_q_dr_nearb2', 'outZH_qq_M_nearb1', 'outZH_qq_M_nearb2', 'outZH_b1_qq_dr', 'outZH_b2_qq_dr', 'outZH_b1qq_M', 'outZH_b2qq_M', 'ZH_b1qq_dr', 'ZH_b2qq_dr', 'ZH_lbb1qq_dr', 'ZH_lbb2qq_dr', 'l_b2_mtb', 'ZH_closeb_invM', 'n_ak8jets', 'n_ak4jets', 'n_ak8_ZHbb', 'outZH_max_ak8pnetMass', 'outZH_b12_m', 'outZH_b12_dr', 'ht_b', 'ht_outZH', 'ak4_bestb_inZH', 'ak4_worstb_inZH', 'nonZHbb_q1_dr', 'nonZHbb_b1_dr', 'inZHb_outZHb_dr', 'ZH_l_dr', 'ZH_l_invM', 'l_b1_invM', 'l_b2_invM', 'l_b1_dr', 'l_b2_dr', 'spher', 'aplan', 'n_b_inZH', 'n_q_inZH', 'n_b_outZH', 'n_q_outZH', 'ZH_bbvLscore'], flatten=True, store_size=True, fill_none=True, fill_value=-999.0, pos_start=None, pos_end=None)],
              'btag_mask': [ColOut(collection='events', columns=['process', 'matchedGen_ZHbb_bb', 'tt_type', 'outZH_b1_pt', 'outZH_b2_pt', 'outZH_b1_score', 'outZH_b2_score', 'outZH_q1_pt', 'outZH_q2_pt', 'outZH_q1_score', 'outZH_q2_score', 'outZH_b1_q_mindr', 'outZH_b2_q_mindr', 'outZH_q_q_dr_nearb1', 'outZH_q_q_dr_nearb2', 'outZH_qq_M_nearb1', 'outZH_qq_M_nearb2', 'outZH_b1_qq_dr', 'outZH_b2_qq_dr', 'outZH_b1qq_M', 'outZH_b2qq_M', 'ZH_b1qq_dr', 'ZH_b2qq_dr', 'ZH_lbb1qq_dr', 'ZH_lbb2qq_dr', 'l_b2_mtb', 'ZH_closeb_invM', 'n_ak8jets', 'n_ak4jets', 'n_ak8_ZHbb', 'outZH_max_ak8pnetMass', 'outZH_b12_m', 'outZH_b12_dr', 'ht_b', 'ht_outZH', 'ak4_bestb_inZH', 'ak4_worstb_inZH', 'nonZHbb_q1_dr', 'nonZHbb_b1_dr', 'inZHb_outZHb_dr', 'ZH_l_dr', 'ZH_l_invM', 'l_b1_invM', 'l_b2_invM', 'l_b1_dr', 'l_b2_dr', 'spher', 'aplan', 'n_b_inZH', 'n_q_inZH', 'n_b_outZH', 'n_q_outZH', 'ZH_bbvLscore'], flatten=True, store_size=True, fill_none=True, fill_value=-999.0, pos_start=None, pos_end=None)]},
'TTbb_Hadronic': {'baseline': [ColOut(collection='events', columns=['process', 'matchedGen_ZHbb_bb', 'tt_type', 'outZH_b1_pt', 'outZH_b2_pt', 'outZH_b1_score', 'outZH_b2_score', 'outZH_q1_pt', 'outZH_q2_pt', 'outZH_q1_score', 'outZH_q2_score', 'outZH_b1_q_mindr', 'outZH_b2_q_mindr', 'outZH_q_q_dr_nearb1', 'outZH_q_q_dr_nearb2', 'outZH_qq_M_nearb1', 'outZH_qq_M_nearb2', 'outZH_b1_qq_dr', 'outZH_b2_qq_dr', 'outZH_b1qq_M', 'outZH_b2qq_M', 'ZH_b1qq_dr', 'ZH_b2qq_dr', 'ZH_lbb1qq_dr', 'ZH_lbb2qq_dr', 'l_b2_mtb', 'ZH_closeb_invM', 'n_ak8jets', 'n_ak4jets', 'n_ak8_ZHbb', 'outZH_max_ak8pnetMass', 'outZH_b12_m', 'outZH_b12_dr', 'ht_b', 'ht_outZH', 'ak4_bestb_inZH', 'ak4_worstb_inZH', 'nonZHbb_q1_dr', 'nonZHbb_b1_dr', 'inZHb_outZHb_dr', 'ZH_l_dr', 'ZH_l_invM', 'l_b1_invM', 'l_b2_invM', 'l_b1_dr', 'l_b2_dr', 'spher', 'aplan', 'n_b_inZH', 'n_q_inZH', 'n_b_outZH', 'n_q_outZH', 'ZH_bbvLscore'], flatten=True, store_size=True, fill_none=True, fill_value=-999.0, pos_start=None, pos_end=None)],
                 'btag_mask': [ColOut(collection='events', columns=['process', 'matchedGen_ZHbb_bb', 'tt_type', 'outZH_b1_pt', 'outZH_b2_pt', 'outZH_b1_score', 'outZH_b2_score', 'outZH_q1_pt', 'outZH_q2_pt', 'outZH_q1_score', 'outZH_q2_score', 'outZH_b1_q_mindr', 'outZH_b2_q_mindr', 'outZH_q_q_dr_nearb1', 'outZH_q_q_dr_nearb2', 'outZH_qq_M_nearb1', 'outZH_qq_M_nearb2', 'outZH_b1_qq_dr', 'outZH_b2_qq_dr', 'outZH_b1qq_M', 'outZH_b2qq_M', 'ZH_b1qq_dr', 'ZH_b2qq_dr', 'ZH_lbb1qq_dr', 'ZH_lbb2qq_dr', 'l_b2_mtb', 'ZH_closeb_invM', 'n_ak8jets', 'n_ak4jets', 'n_ak8_ZHbb', 'outZH_max_ak8pnetMass', 'outZH_b12_m', 'outZH_b12_dr', 'ht_b', 'ht_outZH', 'ak4_bestb_inZH', 'ak4_worstb_inZH', 'nonZHbb_q1_dr', 'nonZHbb_b1_dr', 'inZHb_outZHb_dr', 'ZH_l_dr', 'ZH_l_invM', 'l_b1_invM', 'l_b2_invM', 'l_b1_dr', 'l_b2_dr', 'spher', 'aplan', 'n_b_inZH', 'n_q_inZH', 'n_b_outZH', 'n_q_outZH', 'ZH_bbvLscore'], flatten=True, store_size=True, fill_none=True, fill_value=-999.0, pos_start=None, pos_end=None)]},
'TTbb_SemiLeptonic': {'baseline': [ColOut(collection='events', columns=['process', 'matchedGen_ZHbb_bb', 'tt_type', 'outZH_b1_pt', 'outZH_b2_pt', 'outZH_b1_score', 'outZH_b2_score', 'outZH_q1_pt', 'outZH_q2_pt', 'outZH_q1_score', 'outZH_q2_score', 'outZH_b1_q_mindr', 'outZH_b2_q_mindr', 'outZH_q_q_dr_nearb1', 'outZH_q_q_dr_nearb2', 'outZH_qq_M_nearb1', 'outZH_qq_M_nearb2', 'outZH_b1_qq_dr', 'outZH_b2_qq_dr', 'outZH_b1qq_M', 'outZH_b2qq_M', 'ZH_b1qq_dr', 'ZH_b2qq_dr', 'ZH_lbb1qq_dr', 'ZH_lbb2qq_dr', 'l_b2_mtb', 'ZH_closeb_invM', 'n_ak8jets', 'n_ak4jets', 'n_ak8_ZHbb', 'outZH_max_ak8pnetMass', 'outZH_b12_m', 'outZH_b12_dr', 'ht_b', 'ht_outZH', 'ak4_bestb_inZH', 'ak4_worstb_inZH', 'nonZHbb_q1_dr', 'nonZHbb_b1_dr', 'inZHb_outZHb_dr', 'ZH_l_dr', 'ZH_l_invM', 'l_b1_invM', 'l_b2_invM', 'l_b1_dr', 'l_b2_dr', 'spher', 'aplan', 'n_b_inZH', 'n_q_inZH', 'n_b_outZH', 'n_q_outZH', 'ZH_bbvLscore'], flatten=True, store_size=True, fill_none=True, fill_value=-999.0, pos_start=None, pos_end=None)],
                     'btag_mask': [ColOut(collection='events', columns=['process', 'matchedGen_ZHbb_bb', 'tt_type', 'outZH_b1_pt', 'outZH_b2_pt', 'outZH_b1_score', 'outZH_b2_score', 'outZH_q1_pt', 'outZH_q2_pt', 'outZH_q1_score', 'outZH_q2_score', 'outZH_b1_q_mindr', 'outZH_b2_q_mindr', 'outZH_q_q_dr_nearb1', 'outZH_q_q_dr_nearb2', 'outZH_qq_M_nearb1', 'outZH_qq_M_nearb2', 'outZH_b1_qq_dr', 'outZH_b2_qq_dr', 'outZH_b1qq_M', 'outZH_b2qq_M', 'ZH_b1qq_dr', 'ZH_b2qq_dr', 'ZH_lbb1qq_dr', 'ZH_lbb2qq_dr', 'l_b2_mtb', 'ZH_closeb_invM', 'n_ak8jets', 'n_ak4jets', 'n_ak8_ZHbb', 'outZH_max_ak8pnetMass', 'outZH_b12_m', 'outZH_b12_dr', 'ht_b', 'ht_outZH', 'ak4_bestb_inZH', 'ak4_worstb_inZH', 'nonZHbb_q1_dr', 'nonZHbb_b1_dr', 'inZHb_outZHb_dr', 'ZH_l_dr', 'ZH_l_invM', 'l_b1_invM', 'l_b2_invM', 'l_b1_dr', 'l_b2_dr', 'spher', 'aplan', 'n_b_inZH', 'n_q_inZH', 'n_b_outZH', 'n_q_outZH', 'ZH_bbvLscore'], flatten=True, store_size=True, fill_none=True, fill_value=-999.0, pos_start=None, pos_end=None)]},
'ttHToNonbb': {'baseline': [ColOut(collection='events', columns=['process', 'matchedGen_ZHbb_bb', 'tt_type', 'outZH_b1_pt', 'outZH_b2_pt', 'outZH_b1_score', 'outZH_b2_score', 'outZH_q1_pt', 'outZH_q2_pt', 'outZH_q1_score', 'outZH_q2_score', 'outZH_b1_q_mindr', 'outZH_b2_q_mindr', 'outZH_q_q_dr_nearb1', 'outZH_q_q_dr_nearb2', 'outZH_qq_M_nearb1', 'outZH_qq_M_nearb2', 'outZH_b1_qq_dr', 'outZH_b2_qq_dr', 'outZH_b1qq_M', 'outZH_b2qq_M', 'ZH_b1qq_dr', 'ZH_b2qq_dr', 'ZH_lbb1qq_dr', 'ZH_lbb2qq_dr', 'l_b2_mtb', 'ZH_closeb_invM', 'n_ak8jets', 'n_ak4jets', 'n_ak8_ZHbb', 'outZH_max_ak8pnetMass', 'outZH_b12_m', 'outZH_b12_dr', 'ht_b', 'ht_outZH', 'ak4_bestb_inZH', 'ak4_worstb_inZH', 'nonZHbb_q1_dr', 'nonZHbb_b1_dr', 'inZHb_outZHb_dr', 'ZH_l_dr', 'ZH_l_invM', 'l_b1_invM', 'l_b2_invM', 'l_b1_dr', 'l_b2_dr', 'spher', 'aplan', 'n_b_inZH', 'n_q_inZH', 'n_b_outZH', 'n_q_outZH', 'ZH_bbvLscore'], flatten=True, store_size=True, fill_none=True, fill_value=-999.0, pos_start=None, pos_end=None)],
              'btag_mask': [ColOut(collection='events', columns=['process', 'matchedGen_ZHbb_bb', 'tt_type', 'outZH_b1_pt', 'outZH_b2_pt', 'outZH_b1_score', 'outZH_b2_score', 'outZH_q1_pt', 'outZH_q2_pt', 'outZH_q1_score', 'outZH_q2_score', 'outZH_b1_q_mindr', 'outZH_b2_q_mindr', 'outZH_q_q_dr_nearb1', 'outZH_q_q_dr_nearb2', 'outZH_qq_M_nearb1', 'outZH_qq_M_nearb2', 'outZH_b1_qq_dr', 'outZH_b2_qq_dr', 'outZH_b1qq_M', 'outZH_b2qq_M', 'ZH_b1qq_dr', 'ZH_b2qq_dr', 'ZH_lbb1qq_dr', 'ZH_lbb2qq_dr', 'l_b2_mtb', 'ZH_closeb_invM', 'n_ak8jets', 'n_ak4jets', 'n_ak8_ZHbb', 'outZH_max_ak8pnetMass', 'outZH_b12_m', 'outZH_b12_dr', 'ht_b', 'ht_outZH', 'ak4_bestb_inZH', 'ak4_worstb_inZH', 'nonZHbb_q1_dr', 'nonZHbb_b1_dr', 'inZHb_outZHb_dr', 'ZH_l_dr', 'ZH_l_invM', 'l_b1_invM', 'l_b2_invM', 'l_b1_dr', 'l_b2_dr', 'spher', 'aplan', 'n_b_inZH', 'n_q_inZH', 'n_b_outZH', 'n_q_outZH', 'ZH_bbvLscore'], flatten=True, store_size=True, fill_none=True, fill_value=-999.0, pos_start=None, pos_end=None)]},
'ttHTobb': {'baseline': [ColOut(collection='events', columns=['process', 'matchedGen_ZHbb_bb', 'tt_type', 'outZH_b1_pt', 'outZH_b2_pt', 'outZH_b1_score', 'outZH_b2_score', 'outZH_q1_pt', 'outZH_q2_pt', 'outZH_q1_score', 'outZH_q2_score', 'outZH_b1_q_mindr', 'outZH_b2_q_mindr', 'outZH_q_q_dr_nearb1', 'outZH_q_q_dr_nearb2', 'outZH_qq_M_nearb1', 'outZH_qq_M_nearb2', 'outZH_b1_qq_dr', 'outZH_b2_qq_dr', 'outZH_b1qq_M', 'outZH_b2qq_M', 'ZH_b1qq_dr', 'ZH_b2qq_dr', 'ZH_lbb1qq_dr', 'ZH_lbb2qq_dr', 'l_b2_mtb', 'ZH_closeb_invM', 'n_ak8jets', 'n_ak4jets', 'n_ak8_ZHbb', 'outZH_max_ak8pnetMass', 'outZH_b12_m', 'outZH_b12_dr', 'ht_b', 'ht_outZH', 'ak4_bestb_inZH', 'ak4_worstb_inZH', 'nonZHbb_q1_dr', 'nonZHbb_b1_dr', 'inZHb_outZHb_dr', 'ZH_l_dr', 'ZH_l_invM', 'l_b1_invM', 'l_b2_invM', 'l_b1_dr', 'l_b2_dr', 'spher', 'aplan', 'n_b_inZH', 'n_q_inZH', 'n_b_outZH', 'n_q_outZH', 'ZH_bbvLscore'], flatten=True, store_size=True, fill_none=True, fill_value=-999.0, pos_start=None, pos_end=None)],
           'btag_mask': [ColOut(collection='events', columns=['process', 'matchedGen_ZHbb_bb', 'tt_type', 'outZH_b1_pt', 'outZH_b2_pt', 'outZH_b1_score', 'outZH_b2_score', 'outZH_q1_pt', 'outZH_q2_pt', 'outZH_q1_score', 'outZH_q2_score', 'outZH_b1_q_mindr', 'outZH_b2_q_mindr', 'outZH_q_q_dr_nearb1', 'outZH_q_q_dr_nearb2', 'outZH_qq_M_nearb1', 'outZH_qq_M_nearb2', 'outZH_b1_qq_dr', 'outZH_b2_qq_dr', 'outZH_b1qq_M', 'outZH_b2qq_M', 'ZH_b1qq_dr', 'ZH_b2qq_dr', 'ZH_lbb1qq_dr', 'ZH_lbb2qq_dr', 'l_b2_mtb', 'ZH_closeb_invM', 'n_ak8jets', 'n_ak4jets', 'n_ak8_ZHbb', 'outZH_max_ak8pnetMass', 'outZH_b12_m', 'outZH_b12_dr', 'ht_b', 'ht_outZH', 'ak4_bestb_inZH', 'ak4_worstb_inZH', 'nonZHbb_q1_dr', 'nonZHbb_b1_dr', 'inZHb_outZHb_dr', 'ZH_l_dr', 'ZH_l_invM', 'l_b1_invM', 'l_b2_invM', 'l_b1_dr', 'l_b2_dr', 'spher', 'aplan', 'n_b_inZH', 'n_q_inZH', 'n_b_outZH', 'n_q_outZH', 'ZH_bbvLscore'], flatten=True, store_size=True, fill_none=True, fill_value=-999.0, pos_start=None, pos_end=None)]}}
  - available weights variations: {'TTTo2L2Nu': ['nominal', 'pileup'],
'TTToHadronic': ['nominal', 'pileup'],
'TTToSemiLeptonic': ['nominal', 'pileup'],
'TTZToBB': ['nominal', 'pileup'],
'TTZToLLNuNu': ['nominal', 'pileup'],
'TTZToQQ': ['nominal', 'pileup'],
'TTbb_2L2Nu': ['nominal', 'pileup'],
'TTbb_Hadronic': ['nominal', 'pileup'],
'TTbb_SemiLeptonic': ['nominal', 'pileup'],
'ttHToNonbb': ['nominal', 'pileup'],
'ttHTobb': ['nominal', 'pileup']} 
  - available shape variations: {'TTTo2L2Nu': [],
'TTToHadronic': [],
'TTToSemiLeptonic': [],
'TTZToBB': [],
'TTZToLLNuNu': [],
'TTZToQQ': [],
'TTbb_2L2Nu': [],
'TTbb_Hadronic': [],
'TTbb_SemiLeptonic': [],
'ttHToNonbb': [],
'ttHTobb': []}
[INFO    ] Configurator instance:
  - Workflow: <class 'zhbbworkflow.ZHbbBaseProcessor'>
  - Workflow options: {}
  - N. datasets: 11 
   -- Dataset: ttHTobb_M125_M125_2017,  Sample: ttHTobb, N. files: 46, N. events: 7825000
   -- Dataset: ttHToNonbb_M125_M125_2017,  Sample: ttHToNonbb, N. files: 35, N. events: 5070989
   -- Dataset: TTZToBB__2017,  Sample: TTZToBB, N. files: 26, N. events: 7074000
   -- Dataset: TTZToQQ__2017,  Sample: TTZToQQ, N. files: 35, N. events: 13822000
   -- Dataset: TTZToLLNuNu__2017,  Sample: TTZToLLNuNu, N. files: 19, N. events: 14036000
   -- Dataset: TTbb_Hadronic__2017,  Sample: TTbb_Hadronic, N. files: 9, N. events: 5694656
   -- Dataset: TTbb_2L2Nu__2017,  Sample: TTbb_2L2Nu, N. files: 7, N. events: 3472503
   -- Dataset: TTbb_SemiLeptonic__2017,  Sample: TTbb_SemiLeptonic, N. files: 12, N. events: 7318891
   -- Dataset: TTToHadronic__2017,  Sample: TTToHadronic, N. files: 199, N. events: 232999999
   -- Dataset: TTTo2L2Nu__2017,  Sample: TTTo2L2Nu, N. files: 99, N. events: 106724000
   -- Dataset: TTToSemiLeptonic__2017,  Sample: TTToSemiLeptonic, N. files: 297, N. events: 346052000
  - Subsamples:
   -- Sample ttHTobb: StandardSelection ['ttHTobb'], (1 categories)
   -- Sample ttHToNonbb: StandardSelection ['ttHToNonbb'], (1 categories)
   -- Sample TTZToBB: StandardSelection ['TTZToBB'], (1 categories)
   -- Sample TTZToQQ: StandardSelection ['TTZToQQ'], (1 categories)
   -- Sample TTZToLLNuNu: StandardSelection ['TTZToLLNuNu'], (1 categories)
   -- Sample TTbb_Hadronic: StandardSelection ['TTbb_Hadronic'], (1 categories)
   -- Sample TTbb_2L2Nu: StandardSelection ['TTbb_2L2Nu'], (1 categories)
   -- Sample TTbb_SemiLeptonic: StandardSelection ['TTbb_SemiLeptonic'], (1 categories)
   -- Sample TTToHadronic: StandardSelection ['TTToHadronic'], (1 categories)
   -- Sample TTTo2L2Nu: StandardSelection ['TTTo2L2Nu'], (1 categories)
   -- Sample TTToSemiLeptonic: StandardSelection ['TTToSemiLeptonic'], (1 categories)
  - Skim: ['preSkimCut']
  - Preselection: ['eventSelection']
  - Categories: StandardSelection ['baseline', 'btag_mask'], (2 categories)
  - Variables:  ['mAK8', 'zhbbtag', 'zhbbtag_sorted', 'outZH_b1_pt']
  - Columns: {'TTTo2L2Nu': {'baseline': [ColOut(collection='events', columns=['process', 'matchedGen_ZHbb_bb', 'tt_type', 'outZH_b1_pt', 'outZH_b2_pt', 'outZH_b1_score', 'outZH_b2_score', 'outZH_q1_pt', 'outZH_q2_pt', 'outZH_q1_score', 'outZH_q2_score', 'outZH_b1_q_mindr', 'outZH_b2_q_mindr', 'outZH_q_q_dr_nearb1', 'outZH_q_q_dr_nearb2', 'outZH_qq_M_nearb1', 'outZH_qq_M_nearb2', 'outZH_b1_qq_dr', 'outZH_b2_qq_dr', 'outZH_b1qq_M', 'outZH_b2qq_M', 'ZH_b1qq_dr', 'ZH_b2qq_dr', 'ZH_lbb1qq_dr', 'ZH_lbb2qq_dr', 'l_b2_mtb', 'ZH_closeb_invM', 'n_ak8jets', 'n_ak4jets', 'n_ak8_ZHbb', 'outZH_max_ak8pnetMass', 'outZH_b12_m', 'outZH_b12_dr', 'ht_b', 'ht_outZH', 'ak4_bestb_inZH', 'ak4_worstb_inZH', 'nonZHbb_q1_dr', 'nonZHbb_b1_dr', 'inZHb_outZHb_dr', 'ZH_l_dr', 'ZH_l_invM', 'l_b1_invM', 'l_b2_invM', 'l_b1_dr', 'l_b2_dr', 'spher', 'aplan', 'n_b_inZH', 'n_q_inZH', 'n_b_outZH', 'n_q_outZH', 'ZH_bbvLscore'], flatten=True, store_size=True, fill_none=True, fill_value=-999.0, pos_start=None, pos_end=None)],
             'btag_mask': [ColOut(collection='events', columns=['process', 'matchedGen_ZHbb_bb', 'tt_type', 'outZH_b1_pt', 'outZH_b2_pt', 'outZH_b1_score', 'outZH_b2_score', 'outZH_q1_pt', 'outZH_q2_pt', 'outZH_q1_score', 'outZH_q2_score', 'outZH_b1_q_mindr', 'outZH_b2_q_mindr', 'outZH_q_q_dr_nearb1', 'outZH_q_q_dr_nearb2', 'outZH_qq_M_nearb1', 'outZH_qq_M_nearb2', 'outZH_b1_qq_dr', 'outZH_b2_qq_dr', 'outZH_b1qq_M', 'outZH_b2qq_M', 'ZH_b1qq_dr', 'ZH_b2qq_dr', 'ZH_lbb1qq_dr', 'ZH_lbb2qq_dr', 'l_b2_mtb', 'ZH_closeb_invM', 'n_ak8jets', 'n_ak4jets', 'n_ak8_ZHbb', 'outZH_max_ak8pnetMass', 'outZH_b12_m', 'outZH_b12_dr', 'ht_b', 'ht_outZH', 'ak4_bestb_inZH', 'ak4_worstb_inZH', 'nonZHbb_q1_dr', 'nonZHbb_b1_dr', 'inZHb_outZHb_dr', 'ZH_l_dr', 'ZH_l_invM', 'l_b1_invM', 'l_b2_invM', 'l_b1_dr', 'l_b2_dr', 'spher', 'aplan', 'n_b_inZH', 'n_q_inZH', 'n_b_outZH', 'n_q_outZH', 'ZH_bbvLscore'], flatten=True, store_size=True, fill_none=True, fill_value=-999.0, pos_start=None, pos_end=None)]},
'TTToHadronic': {'baseline': [ColOut(collection='events', columns=['process', 'matchedGen_ZHbb_bb', 'tt_type', 'outZH_b1_pt', 'outZH_b2_pt', 'outZH_b1_score', 'outZH_b2_score', 'outZH_q1_pt', 'outZH_q2_pt', 'outZH_q1_score', 'outZH_q2_score', 'outZH_b1_q_mindr', 'outZH_b2_q_mindr', 'outZH_q_q_dr_nearb1', 'outZH_q_q_dr_nearb2', 'outZH_qq_M_nearb1', 'outZH_qq_M_nearb2', 'outZH_b1_qq_dr', 'outZH_b2_qq_dr', 'outZH_b1qq_M', 'outZH_b2qq_M', 'ZH_b1qq_dr', 'ZH_b2qq_dr', 'ZH_lbb1qq_dr', 'ZH_lbb2qq_dr', 'l_b2_mtb', 'ZH_closeb_invM', 'n_ak8jets', 'n_ak4jets', 'n_ak8_ZHbb', 'outZH_max_ak8pnetMass', 'outZH_b12_m', 'outZH_b12_dr', 'ht_b', 'ht_outZH', 'ak4_bestb_inZH', 'ak4_worstb_inZH', 'nonZHbb_q1_dr', 'nonZHbb_b1_dr', 'inZHb_outZHb_dr', 'ZH_l_dr', 'ZH_l_invM', 'l_b1_invM', 'l_b2_invM', 'l_b1_dr', 'l_b2_dr', 'spher', 'aplan', 'n_b_inZH', 'n_q_inZH', 'n_b_outZH', 'n_q_outZH', 'ZH_bbvLscore'], flatten=True, store_size=True, fill_none=True, fill_value=-999.0, pos_start=None, pos_end=None)],
                'btag_mask': [ColOut(collection='events', columns=['process', 'matchedGen_ZHbb_bb', 'tt_type', 'outZH_b1_pt', 'outZH_b2_pt', 'outZH_b1_score', 'outZH_b2_score', 'outZH_q1_pt', 'outZH_q2_pt', 'outZH_q1_score', 'outZH_q2_score', 'outZH_b1_q_mindr', 'outZH_b2_q_mindr', 'outZH_q_q_dr_nearb1', 'outZH_q_q_dr_nearb2', 'outZH_qq_M_nearb1', 'outZH_qq_M_nearb2', 'outZH_b1_qq_dr', 'outZH_b2_qq_dr', 'outZH_b1qq_M', 'outZH_b2qq_M', 'ZH_b1qq_dr', 'ZH_b2qq_dr', 'ZH_lbb1qq_dr', 'ZH_lbb2qq_dr', 'l_b2_mtb', 'ZH_closeb_invM', 'n_ak8jets', 'n_ak4jets', 'n_ak8_ZHbb', 'outZH_max_ak8pnetMass', 'outZH_b12_m', 'outZH_b12_dr', 'ht_b', 'ht_outZH', 'ak4_bestb_inZH', 'ak4_worstb_inZH', 'nonZHbb_q1_dr', 'nonZHbb_b1_dr', 'inZHb_outZHb_dr', 'ZH_l_dr', 'ZH_l_invM', 'l_b1_invM', 'l_b2_invM', 'l_b1_dr', 'l_b2_dr', 'spher', 'aplan', 'n_b_inZH', 'n_q_inZH', 'n_b_outZH', 'n_q_outZH', 'ZH_bbvLscore'], flatten=True, store_size=True, fill_none=True, fill_value=-999.0, pos_start=None, pos_end=None)]},
'TTToSemiLeptonic': {'baseline': [ColOut(collection='events', columns=['process', 'matchedGen_ZHbb_bb', 'tt_type', 'outZH_b1_pt', 'outZH_b2_pt', 'outZH_b1_score', 'outZH_b2_score', 'outZH_q1_pt', 'outZH_q2_pt', 'outZH_q1_score', 'outZH_q2_score', 'outZH_b1_q_mindr', 'outZH_b2_q_mindr', 'outZH_q_q_dr_nearb1', 'outZH_q_q_dr_nearb2', 'outZH_qq_M_nearb1', 'outZH_qq_M_nearb2', 'outZH_b1_qq_dr', 'outZH_b2_qq_dr', 'outZH_b1qq_M', 'outZH_b2qq_M', 'ZH_b1qq_dr', 'ZH_b2qq_dr', 'ZH_lbb1qq_dr', 'ZH_lbb2qq_dr', 'l_b2_mtb', 'ZH_closeb_invM', 'n_ak8jets', 'n_ak4jets', 'n_ak8_ZHbb', 'outZH_max_ak8pnetMass', 'outZH_b12_m', 'outZH_b12_dr', 'ht_b', 'ht_outZH', 'ak4_bestb_inZH', 'ak4_worstb_inZH', 'nonZHbb_q1_dr', 'nonZHbb_b1_dr', 'inZHb_outZHb_dr', 'ZH_l_dr', 'ZH_l_invM', 'l_b1_invM', 'l_b2_invM', 'l_b1_dr', 'l_b2_dr', 'spher', 'aplan', 'n_b_inZH', 'n_q_inZH', 'n_b_outZH', 'n_q_outZH', 'ZH_bbvLscore'], flatten=True, store_size=True, fill_none=True, fill_value=-999.0, pos_start=None, pos_end=None)],
                    'btag_mask': [ColOut(collection='events', columns=['process', 'matchedGen_ZHbb_bb', 'tt_type', 'outZH_b1_pt', 'outZH_b2_pt', 'outZH_b1_score', 'outZH_b2_score', 'outZH_q1_pt', 'outZH_q2_pt', 'outZH_q1_score', 'outZH_q2_score', 'outZH_b1_q_mindr', 'outZH_b2_q_mindr', 'outZH_q_q_dr_nearb1', 'outZH_q_q_dr_nearb2', 'outZH_qq_M_nearb1', 'outZH_qq_M_nearb2', 'outZH_b1_qq_dr', 'outZH_b2_qq_dr', 'outZH_b1qq_M', 'outZH_b2qq_M', 'ZH_b1qq_dr', 'ZH_b2qq_dr', 'ZH_lbb1qq_dr', 'ZH_lbb2qq_dr', 'l_b2_mtb', 'ZH_closeb_invM', 'n_ak8jets', 'n_ak4jets', 'n_ak8_ZHbb', 'outZH_max_ak8pnetMass', 'outZH_b12_m', 'outZH_b12_dr', 'ht_b', 'ht_outZH', 'ak4_bestb_inZH', 'ak4_worstb_inZH', 'nonZHbb_q1_dr', 'nonZHbb_b1_dr', 'inZHb_outZHb_dr', 'ZH_l_dr', 'ZH_l_invM', 'l_b1_invM', 'l_b2_invM', 'l_b1_dr', 'l_b2_dr', 'spher', 'aplan', 'n_b_inZH', 'n_q_inZH', 'n_b_outZH', 'n_q_outZH', 'ZH_bbvLscore'], flatten=True, store_size=True, fill_none=True, fill_value=-999.0, pos_start=None, pos_end=None)]},
'TTZToBB': {'baseline': [ColOut(collection='events', columns=['process', 'matchedGen_ZHbb_bb', 'tt_type', 'outZH_b1_pt', 'outZH_b2_pt', 'outZH_b1_score', 'outZH_b2_score', 'outZH_q1_pt', 'outZH_q2_pt', 'outZH_q1_score', 'outZH_q2_score', 'outZH_b1_q_mindr', 'outZH_b2_q_mindr', 'outZH_q_q_dr_nearb1', 'outZH_q_q_dr_nearb2', 'outZH_qq_M_nearb1', 'outZH_qq_M_nearb2', 'outZH_b1_qq_dr', 'outZH_b2_qq_dr', 'outZH_b1qq_M', 'outZH_b2qq_M', 'ZH_b1qq_dr', 'ZH_b2qq_dr', 'ZH_lbb1qq_dr', 'ZH_lbb2qq_dr', 'l_b2_mtb', 'ZH_closeb_invM', 'n_ak8jets', 'n_ak4jets', 'n_ak8_ZHbb', 'outZH_max_ak8pnetMass', 'outZH_b12_m', 'outZH_b12_dr', 'ht_b', 'ht_outZH', 'ak4_bestb_inZH', 'ak4_worstb_inZH', 'nonZHbb_q1_dr', 'nonZHbb_b1_dr', 'inZHb_outZHb_dr', 'ZH_l_dr', 'ZH_l_invM', 'l_b1_invM', 'l_b2_invM', 'l_b1_dr', 'l_b2_dr', 'spher', 'aplan', 'n_b_inZH', 'n_q_inZH', 'n_b_outZH', 'n_q_outZH', 'ZH_bbvLscore'], flatten=True, store_size=True, fill_none=True, fill_value=-999.0, pos_start=None, pos_end=None)],
           'btag_mask': [ColOut(collection='events', columns=['process', 'matchedGen_ZHbb_bb', 'tt_type', 'outZH_b1_pt', 'outZH_b2_pt', 'outZH_b1_score', 'outZH_b2_score', 'outZH_q1_pt', 'outZH_q2_pt', 'outZH_q1_score', 'outZH_q2_score', 'outZH_b1_q_mindr', 'outZH_b2_q_mindr', 'outZH_q_q_dr_nearb1', 'outZH_q_q_dr_nearb2', 'outZH_qq_M_nearb1', 'outZH_qq_M_nearb2', 'outZH_b1_qq_dr', 'outZH_b2_qq_dr', 'outZH_b1qq_M', 'outZH_b2qq_M', 'ZH_b1qq_dr', 'ZH_b2qq_dr', 'ZH_lbb1qq_dr', 'ZH_lbb2qq_dr', 'l_b2_mtb', 'ZH_closeb_invM', 'n_ak8jets', 'n_ak4jets', 'n_ak8_ZHbb', 'outZH_max_ak8pnetMass', 'outZH_b12_m', 'outZH_b12_dr', 'ht_b', 'ht_outZH', 'ak4_bestb_inZH', 'ak4_worstb_inZH', 'nonZHbb_q1_dr', 'nonZHbb_b1_dr', 'inZHb_outZHb_dr', 'ZH_l_dr', 'ZH_l_invM', 'l_b1_invM', 'l_b2_invM', 'l_b1_dr', 'l_b2_dr', 'spher', 'aplan', 'n_b_inZH', 'n_q_inZH', 'n_b_outZH', 'n_q_outZH', 'ZH_bbvLscore'], flatten=True, store_size=True, fill_none=True, fill_value=-999.0, pos_start=None, pos_end=None)]},
'TTZToLLNuNu': {'baseline': [ColOut(collection='events', columns=['process', 'matchedGen_ZHbb_bb', 'tt_type', 'outZH_b1_pt', 'outZH_b2_pt', 'outZH_b1_score', 'outZH_b2_score', 'outZH_q1_pt', 'outZH_q2_pt', 'outZH_q1_score', 'outZH_q2_score', 'outZH_b1_q_mindr', 'outZH_b2_q_mindr', 'outZH_q_q_dr_nearb1', 'outZH_q_q_dr_nearb2', 'outZH_qq_M_nearb1', 'outZH_qq_M_nearb2', 'outZH_b1_qq_dr', 'outZH_b2_qq_dr', 'outZH_b1qq_M', 'outZH_b2qq_M', 'ZH_b1qq_dr', 'ZH_b2qq_dr', 'ZH_lbb1qq_dr', 'ZH_lbb2qq_dr', 'l_b2_mtb', 'ZH_closeb_invM', 'n_ak8jets', 'n_ak4jets', 'n_ak8_ZHbb', 'outZH_max_ak8pnetMass', 'outZH_b12_m', 'outZH_b12_dr', 'ht_b', 'ht_outZH', 'ak4_bestb_inZH', 'ak4_worstb_inZH', 'nonZHbb_q1_dr', 'nonZHbb_b1_dr', 'inZHb_outZHb_dr', 'ZH_l_dr', 'ZH_l_invM', 'l_b1_invM', 'l_b2_invM', 'l_b1_dr', 'l_b2_dr', 'spher', 'aplan', 'n_b_inZH', 'n_q_inZH', 'n_b_outZH', 'n_q_outZH', 'ZH_bbvLscore'], flatten=True, store_size=True, fill_none=True, fill_value=-999.0, pos_start=None, pos_end=None)],
               'btag_mask': [ColOut(collection='events', columns=['process', 'matchedGen_ZHbb_bb', 'tt_type', 'outZH_b1_pt', 'outZH_b2_pt', 'outZH_b1_score', 'outZH_b2_score', 'outZH_q1_pt', 'outZH_q2_pt', 'outZH_q1_score', 'outZH_q2_score', 'outZH_b1_q_mindr', 'outZH_b2_q_mindr', 'outZH_q_q_dr_nearb1', 'outZH_q_q_dr_nearb2', 'outZH_qq_M_nearb1', 'outZH_qq_M_nearb2', 'outZH_b1_qq_dr', 'outZH_b2_qq_dr', 'outZH_b1qq_M', 'outZH_b2qq_M', 'ZH_b1qq_dr', 'ZH_b2qq_dr', 'ZH_lbb1qq_dr', 'ZH_lbb2qq_dr', 'l_b2_mtb', 'ZH_closeb_invM', 'n_ak8jets', 'n_ak4jets', 'n_ak8_ZHbb', 'outZH_max_ak8pnetMass', 'outZH_b12_m', 'outZH_b12_dr', 'ht_b', 'ht_outZH', 'ak4_bestb_inZH', 'ak4_worstb_inZH', 'nonZHbb_q1_dr', 'nonZHbb_b1_dr', 'inZHb_outZHb_dr', 'ZH_l_dr', 'ZH_l_invM', 'l_b1_invM', 'l_b2_invM', 'l_b1_dr', 'l_b2_dr', 'spher', 'aplan', 'n_b_inZH', 'n_q_inZH', 'n_b_outZH', 'n_q_outZH', 'ZH_bbvLscore'], flatten=True, store_size=True, fill_none=True, fill_value=-999.0, pos_start=None, pos_end=None)]},
'TTZToQQ': {'baseline': [ColOut(collection='events', columns=['process', 'matchedGen_ZHbb_bb', 'tt_type', 'outZH_b1_pt', 'outZH_b2_pt', 'outZH_b1_score', 'outZH_b2_score', 'outZH_q1_pt', 'outZH_q2_pt', 'outZH_q1_score', 'outZH_q2_score', 'outZH_b1_q_mindr', 'outZH_b2_q_mindr', 'outZH_q_q_dr_nearb1', 'outZH_q_q_dr_nearb2', 'outZH_qq_M_nearb1', 'outZH_qq_M_nearb2', 'outZH_b1_qq_dr', 'outZH_b2_qq_dr', 'outZH_b1qq_M', 'outZH_b2qq_M', 'ZH_b1qq_dr', 'ZH_b2qq_dr', 'ZH_lbb1qq_dr', 'ZH_lbb2qq_dr', 'l_b2_mtb', 'ZH_closeb_invM', 'n_ak8jets', 'n_ak4jets', 'n_ak8_ZHbb', 'outZH_max_ak8pnetMass', 'outZH_b12_m', 'outZH_b12_dr', 'ht_b', 'ht_outZH', 'ak4_bestb_inZH', 'ak4_worstb_inZH', 'nonZHbb_q1_dr', 'nonZHbb_b1_dr', 'inZHb_outZHb_dr', 'ZH_l_dr', 'ZH_l_invM', 'l_b1_invM', 'l_b2_invM', 'l_b1_dr', 'l_b2_dr', 'spher', 'aplan', 'n_b_inZH', 'n_q_inZH', 'n_b_outZH', 'n_q_outZH', 'ZH_bbvLscore'], flatten=True, store_size=True, fill_none=True, fill_value=-999.0, pos_start=None, pos_end=None)],
           'btag_mask': [ColOut(collection='events', columns=['process', 'matchedGen_ZHbb_bb', 'tt_type', 'outZH_b1_pt', 'outZH_b2_pt', 'outZH_b1_score', 'outZH_b2_score', 'outZH_q1_pt', 'outZH_q2_pt', 'outZH_q1_score', 'outZH_q2_score', 'outZH_b1_q_mindr', 'outZH_b2_q_mindr', 'outZH_q_q_dr_nearb1', 'outZH_q_q_dr_nearb2', 'outZH_qq_M_nearb1', 'outZH_qq_M_nearb2', 'outZH_b1_qq_dr', 'outZH_b2_qq_dr', 'outZH_b1qq_M', 'outZH_b2qq_M', 'ZH_b1qq_dr', 'ZH_b2qq_dr', 'ZH_lbb1qq_dr', 'ZH_lbb2qq_dr', 'l_b2_mtb', 'ZH_closeb_invM', 'n_ak8jets', 'n_ak4jets', 'n_ak8_ZHbb', 'outZH_max_ak8pnetMass', 'outZH_b12_m', 'outZH_b12_dr', 'ht_b', 'ht_outZH', 'ak4_bestb_inZH', 'ak4_worstb_inZH', 'nonZHbb_q1_dr', 'nonZHbb_b1_dr', 'inZHb_outZHb_dr', 'ZH_l_dr', 'ZH_l_invM', 'l_b1_invM', 'l_b2_invM', 'l_b1_dr', 'l_b2_dr', 'spher', 'aplan', 'n_b_inZH', 'n_q_inZH', 'n_b_outZH', 'n_q_outZH', 'ZH_bbvLscore'], flatten=True, store_size=True, fill_none=True, fill_value=-999.0, pos_start=None, pos_end=None)]},
'TTbb_2L2Nu': {'baseline': [ColOut(collection='events', columns=['process', 'matchedGen_ZHbb_bb', 'tt_type', 'outZH_b1_pt', 'outZH_b2_pt', 'outZH_b1_score', 'outZH_b2_score', 'outZH_q1_pt', 'outZH_q2_pt', 'outZH_q1_score', 'outZH_q2_score', 'outZH_b1_q_mindr', 'outZH_b2_q_mindr', 'outZH_q_q_dr_nearb1', 'outZH_q_q_dr_nearb2', 'outZH_qq_M_nearb1', 'outZH_qq_M_nearb2', 'outZH_b1_qq_dr', 'outZH_b2_qq_dr', 'outZH_b1qq_M', 'outZH_b2qq_M', 'ZH_b1qq_dr', 'ZH_b2qq_dr', 'ZH_lbb1qq_dr', 'ZH_lbb2qq_dr', 'l_b2_mtb', 'ZH_closeb_invM', 'n_ak8jets', 'n_ak4jets', 'n_ak8_ZHbb', 'outZH_max_ak8pnetMass', 'outZH_b12_m', 'outZH_b12_dr', 'ht_b', 'ht_outZH', 'ak4_bestb_inZH', 'ak4_worstb_inZH', 'nonZHbb_q1_dr', 'nonZHbb_b1_dr', 'inZHb_outZHb_dr', 'ZH_l_dr', 'ZH_l_invM', 'l_b1_invM', 'l_b2_invM', 'l_b1_dr', 'l_b2_dr', 'spher', 'aplan', 'n_b_inZH', 'n_q_inZH', 'n_b_outZH', 'n_q_outZH', 'ZH_bbvLscore'], flatten=True, store_size=True, fill_none=True, fill_value=-999.0, pos_start=None, pos_end=None)],
              'btag_mask': [ColOut(collection='events', columns=['process', 'matchedGen_ZHbb_bb', 'tt_type', 'outZH_b1_pt', 'outZH_b2_pt', 'outZH_b1_score', 'outZH_b2_score', 'outZH_q1_pt', 'outZH_q2_pt', 'outZH_q1_score', 'outZH_q2_score', 'outZH_b1_q_mindr', 'outZH_b2_q_mindr', 'outZH_q_q_dr_nearb1', 'outZH_q_q_dr_nearb2', 'outZH_qq_M_nearb1', 'outZH_qq_M_nearb2', 'outZH_b1_qq_dr', 'outZH_b2_qq_dr', 'outZH_b1qq_M', 'outZH_b2qq_M', 'ZH_b1qq_dr', 'ZH_b2qq_dr', 'ZH_lbb1qq_dr', 'ZH_lbb2qq_dr', 'l_b2_mtb', 'ZH_closeb_invM', 'n_ak8jets', 'n_ak4jets', 'n_ak8_ZHbb', 'outZH_max_ak8pnetMass', 'outZH_b12_m', 'outZH_b12_dr', 'ht_b', 'ht_outZH', 'ak4_bestb_inZH', 'ak4_worstb_inZH', 'nonZHbb_q1_dr', 'nonZHbb_b1_dr', 'inZHb_outZHb_dr', 'ZH_l_dr', 'ZH_l_invM', 'l_b1_invM', 'l_b2_invM', 'l_b1_dr', 'l_b2_dr', 'spher', 'aplan', 'n_b_inZH', 'n_q_inZH', 'n_b_outZH', 'n_q_outZH', 'ZH_bbvLscore'], flatten=True, store_size=True, fill_none=True, fill_value=-999.0, pos_start=None, pos_end=None)]},
'TTbb_Hadronic': {'baseline': [ColOut(collection='events', columns=['process', 'matchedGen_ZHbb_bb', 'tt_type', 'outZH_b1_pt', 'outZH_b2_pt', 'outZH_b1_score', 'outZH_b2_score', 'outZH_q1_pt', 'outZH_q2_pt', 'outZH_q1_score', 'outZH_q2_score', 'outZH_b1_q_mindr', 'outZH_b2_q_mindr', 'outZH_q_q_dr_nearb1', 'outZH_q_q_dr_nearb2', 'outZH_qq_M_nearb1', 'outZH_qq_M_nearb2', 'outZH_b1_qq_dr', 'outZH_b2_qq_dr', 'outZH_b1qq_M', 'outZH_b2qq_M', 'ZH_b1qq_dr', 'ZH_b2qq_dr', 'ZH_lbb1qq_dr', 'ZH_lbb2qq_dr', 'l_b2_mtb', 'ZH_closeb_invM', 'n_ak8jets', 'n_ak4jets', 'n_ak8_ZHbb', 'outZH_max_ak8pnetMass', 'outZH_b12_m', 'outZH_b12_dr', 'ht_b', 'ht_outZH', 'ak4_bestb_inZH', 'ak4_worstb_inZH', 'nonZHbb_q1_dr', 'nonZHbb_b1_dr', 'inZHb_outZHb_dr', 'ZH_l_dr', 'ZH_l_invM', 'l_b1_invM', 'l_b2_invM', 'l_b1_dr', 'l_b2_dr', 'spher', 'aplan', 'n_b_inZH', 'n_q_inZH', 'n_b_outZH', 'n_q_outZH', 'ZH_bbvLscore'], flatten=True, store_size=True, fill_none=True, fill_value=-999.0, pos_start=None, pos_end=None)],
                 'btag_mask': [ColOut(collection='events', columns=['process', 'matchedGen_ZHbb_bb', 'tt_type', 'outZH_b1_pt', 'outZH_b2_pt', 'outZH_b1_score', 'outZH_b2_score', 'outZH_q1_pt', 'outZH_q2_pt', 'outZH_q1_score', 'outZH_q2_score', 'outZH_b1_q_mindr', 'outZH_b2_q_mindr', 'outZH_q_q_dr_nearb1', 'outZH_q_q_dr_nearb2', 'outZH_qq_M_nearb1', 'outZH_qq_M_nearb2', 'outZH_b1_qq_dr', 'outZH_b2_qq_dr', 'outZH_b1qq_M', 'outZH_b2qq_M', 'ZH_b1qq_dr', 'ZH_b2qq_dr', 'ZH_lbb1qq_dr', 'ZH_lbb2qq_dr', 'l_b2_mtb', 'ZH_closeb_invM', 'n_ak8jets', 'n_ak4jets', 'n_ak8_ZHbb', 'outZH_max_ak8pnetMass', 'outZH_b12_m', 'outZH_b12_dr', 'ht_b', 'ht_outZH', 'ak4_bestb_inZH', 'ak4_worstb_inZH', 'nonZHbb_q1_dr', 'nonZHbb_b1_dr', 'inZHb_outZHb_dr', 'ZH_l_dr', 'ZH_l_invM', 'l_b1_invM', 'l_b2_invM', 'l_b1_dr', 'l_b2_dr', 'spher', 'aplan', 'n_b_inZH', 'n_q_inZH', 'n_b_outZH', 'n_q_outZH', 'ZH_bbvLscore'], flatten=True, store_size=True, fill_none=True, fill_value=-999.0, pos_start=None, pos_end=None)]},
'TTbb_SemiLeptonic': {'baseline': [ColOut(collection='events', columns=['process', 'matchedGen_ZHbb_bb', 'tt_type', 'outZH_b1_pt', 'outZH_b2_pt', 'outZH_b1_score', 'outZH_b2_score', 'outZH_q1_pt', 'outZH_q2_pt', 'outZH_q1_score', 'outZH_q2_score', 'outZH_b1_q_mindr', 'outZH_b2_q_mindr', 'outZH_q_q_dr_nearb1', 'outZH_q_q_dr_nearb2', 'outZH_qq_M_nearb1', 'outZH_qq_M_nearb2', 'outZH_b1_qq_dr', 'outZH_b2_qq_dr', 'outZH_b1qq_M', 'outZH_b2qq_M', 'ZH_b1qq_dr', 'ZH_b2qq_dr', 'ZH_lbb1qq_dr', 'ZH_lbb2qq_dr', 'l_b2_mtb', 'ZH_closeb_invM', 'n_ak8jets', 'n_ak4jets', 'n_ak8_ZHbb', 'outZH_max_ak8pnetMass', 'outZH_b12_m', 'outZH_b12_dr', 'ht_b', 'ht_outZH', 'ak4_bestb_inZH', 'ak4_worstb_inZH', 'nonZHbb_q1_dr', 'nonZHbb_b1_dr', 'inZHb_outZHb_dr', 'ZH_l_dr', 'ZH_l_invM', 'l_b1_invM', 'l_b2_invM', 'l_b1_dr', 'l_b2_dr', 'spher', 'aplan', 'n_b_inZH', 'n_q_inZH', 'n_b_outZH', 'n_q_outZH', 'ZH_bbvLscore'], flatten=True, store_size=True, fill_none=True, fill_value=-999.0, pos_start=None, pos_end=None)],
                     'btag_mask': [ColOut(collection='events', columns=['process', 'matchedGen_ZHbb_bb', 'tt_type', 'outZH_b1_pt', 'outZH_b2_pt', 'outZH_b1_score', 'outZH_b2_score', 'outZH_q1_pt', 'outZH_q2_pt', 'outZH_q1_score', 'outZH_q2_score', 'outZH_b1_q_mindr', 'outZH_b2_q_mindr', 'outZH_q_q_dr_nearb1', 'outZH_q_q_dr_nearb2', 'outZH_qq_M_nearb1', 'outZH_qq_M_nearb2', 'outZH_b1_qq_dr', 'outZH_b2_qq_dr', 'outZH_b1qq_M', 'outZH_b2qq_M', 'ZH_b1qq_dr', 'ZH_b2qq_dr', 'ZH_lbb1qq_dr', 'ZH_lbb2qq_dr', 'l_b2_mtb', 'ZH_closeb_invM', 'n_ak8jets', 'n_ak4jets', 'n_ak8_ZHbb', 'outZH_max_ak8pnetMass', 'outZH_b12_m', 'outZH_b12_dr', 'ht_b', 'ht_outZH', 'ak4_bestb_inZH', 'ak4_worstb_inZH', 'nonZHbb_q1_dr', 'nonZHbb_b1_dr', 'inZHb_outZHb_dr', 'ZH_l_dr', 'ZH_l_invM', 'l_b1_invM', 'l_b2_invM', 'l_b1_dr', 'l_b2_dr', 'spher', 'aplan', 'n_b_inZH', 'n_q_inZH', 'n_b_outZH', 'n_q_outZH', 'ZH_bbvLscore'], flatten=True, store_size=True, fill_none=True, fill_value=-999.0, pos_start=None, pos_end=None)]},
'ttHToNonbb': {'baseline': [ColOut(collection='events', columns=['process', 'matchedGen_ZHbb_bb', 'tt_type', 'outZH_b1_pt', 'outZH_b2_pt', 'outZH_b1_score', 'outZH_b2_score', 'outZH_q1_pt', 'outZH_q2_pt', 'outZH_q1_score', 'outZH_q2_score', 'outZH_b1_q_mindr', 'outZH_b2_q_mindr', 'outZH_q_q_dr_nearb1', 'outZH_q_q_dr_nearb2', 'outZH_qq_M_nearb1', 'outZH_qq_M_nearb2', 'outZH_b1_qq_dr', 'outZH_b2_qq_dr', 'outZH_b1qq_M', 'outZH_b2qq_M', 'ZH_b1qq_dr', 'ZH_b2qq_dr', 'ZH_lbb1qq_dr', 'ZH_lbb2qq_dr', 'l_b2_mtb', 'ZH_closeb_invM', 'n_ak8jets', 'n_ak4jets', 'n_ak8_ZHbb', 'outZH_max_ak8pnetMass', 'outZH_b12_m', 'outZH_b12_dr', 'ht_b', 'ht_outZH', 'ak4_bestb_inZH', 'ak4_worstb_inZH', 'nonZHbb_q1_dr', 'nonZHbb_b1_dr', 'inZHb_outZHb_dr', 'ZH_l_dr', 'ZH_l_invM', 'l_b1_invM', 'l_b2_invM', 'l_b1_dr', 'l_b2_dr', 'spher', 'aplan', 'n_b_inZH', 'n_q_inZH', 'n_b_outZH', 'n_q_outZH', 'ZH_bbvLscore'], flatten=True, store_size=True, fill_none=True, fill_value=-999.0, pos_start=None, pos_end=None)],
              'btag_mask': [ColOut(collection='events', columns=['process', 'matchedGen_ZHbb_bb', 'tt_type', 'outZH_b1_pt', 'outZH_b2_pt', 'outZH_b1_score', 'outZH_b2_score', 'outZH_q1_pt', 'outZH_q2_pt', 'outZH_q1_score', 'outZH_q2_score', 'outZH_b1_q_mindr', 'outZH_b2_q_mindr', 'outZH_q_q_dr_nearb1', 'outZH_q_q_dr_nearb2', 'outZH_qq_M_nearb1', 'outZH_qq_M_nearb2', 'outZH_b1_qq_dr', 'outZH_b2_qq_dr', 'outZH_b1qq_M', 'outZH_b2qq_M', 'ZH_b1qq_dr', 'ZH_b2qq_dr', 'ZH_lbb1qq_dr', 'ZH_lbb2qq_dr', 'l_b2_mtb', 'ZH_closeb_invM', 'n_ak8jets', 'n_ak4jets', 'n_ak8_ZHbb', 'outZH_max_ak8pnetMass', 'outZH_b12_m', 'outZH_b12_dr', 'ht_b', 'ht_outZH', 'ak4_bestb_inZH', 'ak4_worstb_inZH', 'nonZHbb_q1_dr', 'nonZHbb_b1_dr', 'inZHb_outZHb_dr', 'ZH_l_dr', 'ZH_l_invM', 'l_b1_invM', 'l_b2_invM', 'l_b1_dr', 'l_b2_dr', 'spher', 'aplan', 'n_b_inZH', 'n_q_inZH', 'n_b_outZH', 'n_q_outZH', 'ZH_bbvLscore'], flatten=True, store_size=True, fill_none=True, fill_value=-999.0, pos_start=None, pos_end=None)]},
'ttHTobb': {'baseline': [ColOut(collection='events', columns=['process', 'matchedGen_ZHbb_bb', 'tt_type', 'outZH_b1_pt', 'outZH_b2_pt', 'outZH_b1_score', 'outZH_b2_score', 'outZH_q1_pt', 'outZH_q2_pt', 'outZH_q1_score', 'outZH_q2_score', 'outZH_b1_q_mindr', 'outZH_b2_q_mindr', 'outZH_q_q_dr_nearb1', 'outZH_q_q_dr_nearb2', 'outZH_qq_M_nearb1', 'outZH_qq_M_nearb2', 'outZH_b1_qq_dr', 'outZH_b2_qq_dr', 'outZH_b1qq_M', 'outZH_b2qq_M', 'ZH_b1qq_dr', 'ZH_b2qq_dr', 'ZH_lbb1qq_dr', 'ZH_lbb2qq_dr', 'l_b2_mtb', 'ZH_closeb_invM', 'n_ak8jets', 'n_ak4jets', 'n_ak8_ZHbb', 'outZH_max_ak8pnetMass', 'outZH_b12_m', 'outZH_b12_dr', 'ht_b', 'ht_outZH', 'ak4_bestb_inZH', 'ak4_worstb_inZH', 'nonZHbb_q1_dr', 'nonZHbb_b1_dr', 'inZHb_outZHb_dr', 'ZH_l_dr', 'ZH_l_invM', 'l_b1_invM', 'l_b2_invM', 'l_b1_dr', 'l_b2_dr', 'spher', 'aplan', 'n_b_inZH', 'n_q_inZH', 'n_b_outZH', 'n_q_outZH', 'ZH_bbvLscore'], flatten=True, store_size=True, fill_none=True, fill_value=-999.0, pos_start=None, pos_end=None)],
           'btag_mask': [ColOut(collection='events', columns=['process', 'matchedGen_ZHbb_bb', 'tt_type', 'outZH_b1_pt', 'outZH_b2_pt', 'outZH_b1_score', 'outZH_b2_score', 'outZH_q1_pt', 'outZH_q2_pt', 'outZH_q1_score', 'outZH_q2_score', 'outZH_b1_q_mindr', 'outZH_b2_q_mindr', 'outZH_q_q_dr_nearb1', 'outZH_q_q_dr_nearb2', 'outZH_qq_M_nearb1', 'outZH_qq_M_nearb2', 'outZH_b1_qq_dr', 'outZH_b2_qq_dr', 'outZH_b1qq_M', 'outZH_b2qq_M', 'ZH_b1qq_dr', 'ZH_b2qq_dr', 'ZH_lbb1qq_dr', 'ZH_lbb2qq_dr', 'l_b2_mtb', 'ZH_closeb_invM', 'n_ak8jets', 'n_ak4jets', 'n_ak8_ZHbb', 'outZH_max_ak8pnetMass', 'outZH_b12_m', 'outZH_b12_dr', 'ht_b', 'ht_outZH', 'ak4_bestb_inZH', 'ak4_worstb_inZH', 'nonZHbb_q1_dr', 'nonZHbb_b1_dr', 'inZHb_outZHb_dr', 'ZH_l_dr', 'ZH_l_invM', 'l_b1_invM', 'l_b2_invM', 'l_b1_dr', 'l_b2_dr', 'spher', 'aplan', 'n_b_inZH', 'n_q_inZH', 'n_b_outZH', 'n_q_outZH', 'ZH_bbvLscore'], flatten=True, store_size=True, fill_none=True, fill_value=-999.0, pos_start=None, pos_end=None)]}}
  - available weights variations: {'TTTo2L2Nu': ['nominal', 'pileup'],
'TTToHadronic': ['nominal', 'pileup'],
'TTToSemiLeptonic': ['nominal', 'pileup'],
'TTZToBB': ['nominal', 'pileup'],
'TTZToLLNuNu': ['nominal', 'pileup'],
'TTZToQQ': ['nominal', 'pileup'],
'TTbb_2L2Nu': ['nominal', 'pileup'],
'TTbb_Hadronic': ['nominal', 'pileup'],
'TTbb_SemiLeptonic': ['nominal', 'pileup'],
'ttHToNonbb': ['nominal', 'pileup'],
'ttHTobb': ['nominal', 'pileup']} 
  - available shape variations: {'TTTo2L2Nu': [],
'TTToHadronic': [],
'TTToSemiLeptonic': [],
'TTZToBB': [],
'TTZToLLNuNu': [],
'TTZToQQ': [],
'TTbb_2L2Nu': [],
'TTbb_Hadronic': [],
'TTbb_SemiLeptonic': [],
'ttHToNonbb': [],
'ttHTobb': []}
[INFO    ] Configurator instance:
  - Workflow: <class 'zhbbworkflow.ZHbbBaseProcessor'>
  - Workflow options: {}
  - N. datasets: 11 
   -- Dataset: ttHTobb_M125_M125_2017,  Sample: ttHTobb, N. files: 46, N. events: 7825000
   -- Dataset: ttHToNonbb_M125_M125_2017,  Sample: ttHToNonbb, N. files: 35, N. events: 5070989
   -- Dataset: TTZToBB__2017,  Sample: TTZToBB, N. files: 26, N. events: 7074000
   -- Dataset: TTZToQQ__2017,  Sample: TTZToQQ, N. files: 35, N. events: 13822000
   -- Dataset: TTZToLLNuNu__2017,  Sample: TTZToLLNuNu, N. files: 19, N. events: 14036000
   -- Dataset: TTbb_Hadronic__2017,  Sample: TTbb_Hadronic, N. files: 9, N. events: 5694656
   -- Dataset: TTbb_2L2Nu__2017,  Sample: TTbb_2L2Nu, N. files: 7, N. events: 3472503
   -- Dataset: TTbb_SemiLeptonic__2017,  Sample: TTbb_SemiLeptonic, N. files: 12, N. events: 7318891
   -- Dataset: TTToHadronic__2017,  Sample: TTToHadronic, N. files: 199, N. events: 232999999
   -- Dataset: TTTo2L2Nu__2017,  Sample: TTTo2L2Nu, N. files: 99, N. events: 106724000
   -- Dataset: TTToSemiLeptonic__2017,  Sample: TTToSemiLeptonic, N. files: 297, N. events: 346052000
  - Subsamples:
   -- Sample ttHTobb: StandardSelection ['ttHTobb'], (1 categories)
   -- Sample ttHToNonbb: StandardSelection ['ttHToNonbb'], (1 categories)
   -- Sample TTZToBB: StandardSelection ['TTZToBB'], (1 categories)
   -- Sample TTZToQQ: StandardSelection ['TTZToQQ'], (1 categories)
   -- Sample TTZToLLNuNu: StandardSelection ['TTZToLLNuNu'], (1 categories)
   -- Sample TTbb_Hadronic: StandardSelection ['TTbb_Hadronic'], (1 categories)
   -- Sample TTbb_2L2Nu: StandardSelection ['TTbb_2L2Nu'], (1 categories)
   -- Sample TTbb_SemiLeptonic: StandardSelection ['TTbb_SemiLeptonic'], (1 categories)
   -- Sample TTToHadronic: StandardSelection ['TTToHadronic'], (1 categories)
   -- Sample TTTo2L2Nu: StandardSelection ['TTTo2L2Nu'], (1 categories)
   -- Sample TTToSemiLeptonic: StandardSelection ['TTToSemiLeptonic'], (1 categories)
  - Skim: ['preSkimCut']
  - Preselection: ['eventSelection']
  - Categories: StandardSelection ['baseline', 'btag_mask'], (2 categories)
  - Variables:  ['mAK8', 'zhbbtag', 'zhbbtag_sorted', 'outZH_b1_pt']
  - Columns: {'TTTo2L2Nu': {'baseline': [ColOut(collection='events', columns=['process', 'matchedGen_ZHbb_bb', 'tt_type', 'outZH_b1_pt', 'outZH_b2_pt', 'outZH_b1_score', 'outZH_b2_score', 'outZH_q1_pt', 'outZH_q2_pt', 'outZH_q1_score', 'outZH_q2_score', 'outZH_b1_q_mindr', 'outZH_b2_q_mindr', 'outZH_q_q_dr_nearb1', 'outZH_q_q_dr_nearb2', 'outZH_qq_M_nearb1', 'outZH_qq_M_nearb2', 'outZH_b1_qq_dr', 'outZH_b2_qq_dr', 'outZH_b1qq_M', 'outZH_b2qq_M', 'ZH_b1qq_dr', 'ZH_b2qq_dr', 'ZH_lbb1qq_dr', 'ZH_lbb2qq_dr', 'l_b2_mtb', 'ZH_closeb_invM', 'n_ak8jets', 'n_ak4jets', 'n_ak8_ZHbb', 'outZH_max_ak8pnetMass', 'outZH_b12_m', 'outZH_b12_dr', 'ht_b', 'ht_outZH', 'ak4_bestb_inZH', 'ak4_worstb_inZH', 'nonZHbb_q1_dr', 'nonZHbb_b1_dr', 'inZHb_outZHb_dr', 'ZH_l_dr', 'ZH_l_invM', 'l_b1_invM', 'l_b2_invM', 'l_b1_dr', 'l_b2_dr', 'spher', 'aplan', 'n_b_inZH', 'n_q_inZH', 'n_b_outZH', 'n_q_outZH', 'ZH_bbvLscore'], flatten=True, store_size=True, fill_none=True, fill_value=-999.0, pos_start=None, pos_end=None)],
             'btag_mask': [ColOut(collection='events', columns=['process', 'matchedGen_ZHbb_bb', 'tt_type', 'outZH_b1_pt', 'outZH_b2_pt', 'outZH_b1_score', 'outZH_b2_score', 'outZH_q1_pt', 'outZH_q2_pt', 'outZH_q1_score', 'outZH_q2_score', 'outZH_b1_q_mindr', 'outZH_b2_q_mindr', 'outZH_q_q_dr_nearb1', 'outZH_q_q_dr_nearb2', 'outZH_qq_M_nearb1', 'outZH_qq_M_nearb2', 'outZH_b1_qq_dr', 'outZH_b2_qq_dr', 'outZH_b1qq_M', 'outZH_b2qq_M', 'ZH_b1qq_dr', 'ZH_b2qq_dr', 'ZH_lbb1qq_dr', 'ZH_lbb2qq_dr', 'l_b2_mtb', 'ZH_closeb_invM', 'n_ak8jets', 'n_ak4jets', 'n_ak8_ZHbb', 'outZH_max_ak8pnetMass', 'outZH_b12_m', 'outZH_b12_dr', 'ht_b', 'ht_outZH', 'ak4_bestb_inZH', 'ak4_worstb_inZH', 'nonZHbb_q1_dr', 'nonZHbb_b1_dr', 'inZHb_outZHb_dr', 'ZH_l_dr', 'ZH_l_invM', 'l_b1_invM', 'l_b2_invM', 'l_b1_dr', 'l_b2_dr', 'spher', 'aplan', 'n_b_inZH', 'n_q_inZH', 'n_b_outZH', 'n_q_outZH', 'ZH_bbvLscore'], flatten=True, store_size=True, fill_none=True, fill_value=-999.0, pos_start=None, pos_end=None)]},
'TTToHadronic': {'baseline': [ColOut(collection='events', columns=['process', 'matchedGen_ZHbb_bb', 'tt_type', 'outZH_b1_pt', 'outZH_b2_pt', 'outZH_b1_score', 'outZH_b2_score', 'outZH_q1_pt', 'outZH_q2_pt', 'outZH_q1_score', 'outZH_q2_score', 'outZH_b1_q_mindr', 'outZH_b2_q_mindr', 'outZH_q_q_dr_nearb1', 'outZH_q_q_dr_nearb2', 'outZH_qq_M_nearb1', 'outZH_qq_M_nearb2', 'outZH_b1_qq_dr', 'outZH_b2_qq_dr', 'outZH_b1qq_M', 'outZH_b2qq_M', 'ZH_b1qq_dr', 'ZH_b2qq_dr', 'ZH_lbb1qq_dr', 'ZH_lbb2qq_dr', 'l_b2_mtb', 'ZH_closeb_invM', 'n_ak8jets', 'n_ak4jets', 'n_ak8_ZHbb', 'outZH_max_ak8pnetMass', 'outZH_b12_m', 'outZH_b12_dr', 'ht_b', 'ht_outZH', 'ak4_bestb_inZH', 'ak4_worstb_inZH', 'nonZHbb_q1_dr', 'nonZHbb_b1_dr', 'inZHb_outZHb_dr', 'ZH_l_dr', 'ZH_l_invM', 'l_b1_invM', 'l_b2_invM', 'l_b1_dr', 'l_b2_dr', 'spher', 'aplan', 'n_b_inZH', 'n_q_inZH', 'n_b_outZH', 'n_q_outZH', 'ZH_bbvLscore'], flatten=True, store_size=True, fill_none=True, fill_value=-999.0, pos_start=None, pos_end=None)],
                'btag_mask': [ColOut(collection='events', columns=['process', 'matchedGen_ZHbb_bb', 'tt_type', 'outZH_b1_pt', 'outZH_b2_pt', 'outZH_b1_score', 'outZH_b2_score', 'outZH_q1_pt', 'outZH_q2_pt', 'outZH_q1_score', 'outZH_q2_score', 'outZH_b1_q_mindr', 'outZH_b2_q_mindr', 'outZH_q_q_dr_nearb1', 'outZH_q_q_dr_nearb2', 'outZH_qq_M_nearb1', 'outZH_qq_M_nearb2', 'outZH_b1_qq_dr', 'outZH_b2_qq_dr', 'outZH_b1qq_M', 'outZH_b2qq_M', 'ZH_b1qq_dr', 'ZH_b2qq_dr', 'ZH_lbb1qq_dr', 'ZH_lbb2qq_dr', 'l_b2_mtb', 'ZH_closeb_invM', 'n_ak8jets', 'n_ak4jets', 'n_ak8_ZHbb', 'outZH_max_ak8pnetMass', 'outZH_b12_m', 'outZH_b12_dr', 'ht_b', 'ht_outZH', 'ak4_bestb_inZH', 'ak4_worstb_inZH', 'nonZHbb_q1_dr', 'nonZHbb_b1_dr', 'inZHb_outZHb_dr', 'ZH_l_dr', 'ZH_l_invM', 'l_b1_invM', 'l_b2_invM', 'l_b1_dr', 'l_b2_dr', 'spher', 'aplan', 'n_b_inZH', 'n_q_inZH', 'n_b_outZH', 'n_q_outZH', 'ZH_bbvLscore'], flatten=True, store_size=True, fill_none=True, fill_value=-999.0, pos_start=None, pos_end=None)]},
'TTToSemiLeptonic': {'baseline': [ColOut(collection='events', columns=['process', 'matchedGen_ZHbb_bb', 'tt_type', 'outZH_b1_pt', 'outZH_b2_pt', 'outZH_b1_score', 'outZH_b2_score', 'outZH_q1_pt', 'outZH_q2_pt', 'outZH_q1_score', 'outZH_q2_score', 'outZH_b1_q_mindr', 'outZH_b2_q_mindr', 'outZH_q_q_dr_nearb1', 'outZH_q_q_dr_nearb2', 'outZH_qq_M_nearb1', 'outZH_qq_M_nearb2', 'outZH_b1_qq_dr', 'outZH_b2_qq_dr', 'outZH_b1qq_M', 'outZH_b2qq_M', 'ZH_b1qq_dr', 'ZH_b2qq_dr', 'ZH_lbb1qq_dr', 'ZH_lbb2qq_dr', 'l_b2_mtb', 'ZH_closeb_invM', 'n_ak8jets', 'n_ak4jets', 'n_ak8_ZHbb', 'outZH_max_ak8pnetMass', 'outZH_b12_m', 'outZH_b12_dr', 'ht_b', 'ht_outZH', 'ak4_bestb_inZH', 'ak4_worstb_inZH', 'nonZHbb_q1_dr', 'nonZHbb_b1_dr', 'inZHb_outZHb_dr', 'ZH_l_dr', 'ZH_l_invM', 'l_b1_invM', 'l_b2_invM', 'l_b1_dr', 'l_b2_dr', 'spher', 'aplan', 'n_b_inZH', 'n_q_inZH', 'n_b_outZH', 'n_q_outZH', 'ZH_bbvLscore'], flatten=True, store_size=True, fill_none=True, fill_value=-999.0, pos_start=None, pos_end=None)],
                    'btag_mask': [ColOut(collection='events', columns=['process', 'matchedGen_ZHbb_bb', 'tt_type', 'outZH_b1_pt', 'outZH_b2_pt', 'outZH_b1_score', 'outZH_b2_score', 'outZH_q1_pt', 'outZH_q2_pt', 'outZH_q1_score', 'outZH_q2_score', 'outZH_b1_q_mindr', 'outZH_b2_q_mindr', 'outZH_q_q_dr_nearb1', 'outZH_q_q_dr_nearb2', 'outZH_qq_M_nearb1', 'outZH_qq_M_nearb2', 'outZH_b1_qq_dr', 'outZH_b2_qq_dr', 'outZH_b1qq_M', 'outZH_b2qq_M', 'ZH_b1qq_dr', 'ZH_b2qq_dr', 'ZH_lbb1qq_dr', 'ZH_lbb2qq_dr', 'l_b2_mtb', 'ZH_closeb_invM', 'n_ak8jets', 'n_ak4jets', 'n_ak8_ZHbb', 'outZH_max_ak8pnetMass', 'outZH_b12_m', 'outZH_b12_dr', 'ht_b', 'ht_outZH', 'ak4_bestb_inZH', 'ak4_worstb_inZH', 'nonZHbb_q1_dr', 'nonZHbb_b1_dr', 'inZHb_outZHb_dr', 'ZH_l_dr', 'ZH_l_invM', 'l_b1_invM', 'l_b2_invM', 'l_b1_dr', 'l_b2_dr', 'spher', 'aplan', 'n_b_inZH', 'n_q_inZH', 'n_b_outZH', 'n_q_outZH', 'ZH_bbvLscore'], flatten=True, store_size=True, fill_none=True, fill_value=-999.0, pos_start=None, pos_end=None)]},
'TTZToBB': {'baseline': [ColOut(collection='events', columns=['process', 'matchedGen_ZHbb_bb', 'tt_type', 'outZH_b1_pt', 'outZH_b2_pt', 'outZH_b1_score', 'outZH_b2_score', 'outZH_q1_pt', 'outZH_q2_pt', 'outZH_q1_score', 'outZH_q2_score', 'outZH_b1_q_mindr', 'outZH_b2_q_mindr', 'outZH_q_q_dr_nearb1', 'outZH_q_q_dr_nearb2', 'outZH_qq_M_nearb1', 'outZH_qq_M_nearb2', 'outZH_b1_qq_dr', 'outZH_b2_qq_dr', 'outZH_b1qq_M', 'outZH_b2qq_M', 'ZH_b1qq_dr', 'ZH_b2qq_dr', 'ZH_lbb1qq_dr', 'ZH_lbb2qq_dr', 'l_b2_mtb', 'ZH_closeb_invM', 'n_ak8jets', 'n_ak4jets', 'n_ak8_ZHbb', 'outZH_max_ak8pnetMass', 'outZH_b12_m', 'outZH_b12_dr', 'ht_b', 'ht_outZH', 'ak4_bestb_inZH', 'ak4_worstb_inZH', 'nonZHbb_q1_dr', 'nonZHbb_b1_dr', 'inZHb_outZHb_dr', 'ZH_l_dr', 'ZH_l_invM', 'l_b1_invM', 'l_b2_invM', 'l_b1_dr', 'l_b2_dr', 'spher', 'aplan', 'n_b_inZH', 'n_q_inZH', 'n_b_outZH', 'n_q_outZH', 'ZH_bbvLscore'], flatten=True, store_size=True, fill_none=True, fill_value=-999.0, pos_start=None, pos_end=None)],
           'btag_mask': [ColOut(collection='events', columns=['process', 'matchedGen_ZHbb_bb', 'tt_type', 'outZH_b1_pt', 'outZH_b2_pt', 'outZH_b1_score', 'outZH_b2_score', 'outZH_q1_pt', 'outZH_q2_pt', 'outZH_q1_score', 'outZH_q2_score', 'outZH_b1_q_mindr', 'outZH_b2_q_mindr', 'outZH_q_q_dr_nearb1', 'outZH_q_q_dr_nearb2', 'outZH_qq_M_nearb1', 'outZH_qq_M_nearb2', 'outZH_b1_qq_dr', 'outZH_b2_qq_dr', 'outZH_b1qq_M', 'outZH_b2qq_M', 'ZH_b1qq_dr', 'ZH_b2qq_dr', 'ZH_lbb1qq_dr', 'ZH_lbb2qq_dr', 'l_b2_mtb', 'ZH_closeb_invM', 'n_ak8jets', 'n_ak4jets', 'n_ak8_ZHbb', 'outZH_max_ak8pnetMass', 'outZH_b12_m', 'outZH_b12_dr', 'ht_b', 'ht_outZH', 'ak4_bestb_inZH', 'ak4_worstb_inZH', 'nonZHbb_q1_dr', 'nonZHbb_b1_dr', 'inZHb_outZHb_dr', 'ZH_l_dr', 'ZH_l_invM', 'l_b1_invM', 'l_b2_invM', 'l_b1_dr', 'l_b2_dr', 'spher', 'aplan', 'n_b_inZH', 'n_q_inZH', 'n_b_outZH', 'n_q_outZH', 'ZH_bbvLscore'], flatten=True, store_size=True, fill_none=True, fill_value=-999.0, pos_start=None, pos_end=None)]},
'TTZToLLNuNu': {'baseline': [ColOut(collection='events', columns=['process', 'matchedGen_ZHbb_bb', 'tt_type', 'outZH_b1_pt', 'outZH_b2_pt', 'outZH_b1_score', 'outZH_b2_score', 'outZH_q1_pt', 'outZH_q2_pt', 'outZH_q1_score', 'outZH_q2_score', 'outZH_b1_q_mindr', 'outZH_b2_q_mindr', 'outZH_q_q_dr_nearb1', 'outZH_q_q_dr_nearb2', 'outZH_qq_M_nearb1', 'outZH_qq_M_nearb2', 'outZH_b1_qq_dr', 'outZH_b2_qq_dr', 'outZH_b1qq_M', 'outZH_b2qq_M', 'ZH_b1qq_dr', 'ZH_b2qq_dr', 'ZH_lbb1qq_dr', 'ZH_lbb2qq_dr', 'l_b2_mtb', 'ZH_closeb_invM', 'n_ak8jets', 'n_ak4jets', 'n_ak8_ZHbb', 'outZH_max_ak8pnetMass', 'outZH_b12_m', 'outZH_b12_dr', 'ht_b', 'ht_outZH', 'ak4_bestb_inZH', 'ak4_worstb_inZH', 'nonZHbb_q1_dr', 'nonZHbb_b1_dr', 'inZHb_outZHb_dr', 'ZH_l_dr', 'ZH_l_invM', 'l_b1_invM', 'l_b2_invM', 'l_b1_dr', 'l_b2_dr', 'spher', 'aplan', 'n_b_inZH', 'n_q_inZH', 'n_b_outZH', 'n_q_outZH', 'ZH_bbvLscore'], flatten=True, store_size=True, fill_none=True, fill_value=-999.0, pos_start=None, pos_end=None)],
               'btag_mask': [ColOut(collection='events', columns=['process', 'matchedGen_ZHbb_bb', 'tt_type', 'outZH_b1_pt', 'outZH_b2_pt', 'outZH_b1_score', 'outZH_b2_score', 'outZH_q1_pt', 'outZH_q2_pt', 'outZH_q1_score', 'outZH_q2_score', 'outZH_b1_q_mindr', 'outZH_b2_q_mindr', 'outZH_q_q_dr_nearb1', 'outZH_q_q_dr_nearb2', 'outZH_qq_M_nearb1', 'outZH_qq_M_nearb2', 'outZH_b1_qq_dr', 'outZH_b2_qq_dr', 'outZH_b1qq_M', 'outZH_b2qq_M', 'ZH_b1qq_dr', 'ZH_b2qq_dr', 'ZH_lbb1qq_dr', 'ZH_lbb2qq_dr', 'l_b2_mtb', 'ZH_closeb_invM', 'n_ak8jets', 'n_ak4jets', 'n_ak8_ZHbb', 'outZH_max_ak8pnetMass', 'outZH_b12_m', 'outZH_b12_dr', 'ht_b', 'ht_outZH', 'ak4_bestb_inZH', 'ak4_worstb_inZH', 'nonZHbb_q1_dr', 'nonZHbb_b1_dr', 'inZHb_outZHb_dr', 'ZH_l_dr', 'ZH_l_invM', 'l_b1_invM', 'l_b2_invM', 'l_b1_dr', 'l_b2_dr', 'spher', 'aplan', 'n_b_inZH', 'n_q_inZH', 'n_b_outZH', 'n_q_outZH', 'ZH_bbvLscore'], flatten=True, store_size=True, fill_none=True, fill_value=-999.0, pos_start=None, pos_end=None)]},
'TTZToQQ': {'baseline': [ColOut(collection='events', columns=['process', 'matchedGen_ZHbb_bb', 'tt_type', 'outZH_b1_pt', 'outZH_b2_pt', 'outZH_b1_score', 'outZH_b2_score', 'outZH_q1_pt', 'outZH_q2_pt', 'outZH_q1_score', 'outZH_q2_score', 'outZH_b1_q_mindr', 'outZH_b2_q_mindr', 'outZH_q_q_dr_nearb1', 'outZH_q_q_dr_nearb2', 'outZH_qq_M_nearb1', 'outZH_qq_M_nearb2', 'outZH_b1_qq_dr', 'outZH_b2_qq_dr', 'outZH_b1qq_M', 'outZH_b2qq_M', 'ZH_b1qq_dr', 'ZH_b2qq_dr', 'ZH_lbb1qq_dr', 'ZH_lbb2qq_dr', 'l_b2_mtb', 'ZH_closeb_invM', 'n_ak8jets', 'n_ak4jets', 'n_ak8_ZHbb', 'outZH_max_ak8pnetMass', 'outZH_b12_m', 'outZH_b12_dr', 'ht_b', 'ht_outZH', 'ak4_bestb_inZH', 'ak4_worstb_inZH', 'nonZHbb_q1_dr', 'nonZHbb_b1_dr', 'inZHb_outZHb_dr', 'ZH_l_dr', 'ZH_l_invM', 'l_b1_invM', 'l_b2_invM', 'l_b1_dr', 'l_b2_dr', 'spher', 'aplan', 'n_b_inZH', 'n_q_inZH', 'n_b_outZH', 'n_q_outZH', 'ZH_bbvLscore'], flatten=True, store_size=True, fill_none=True, fill_value=-999.0, pos_start=None, pos_end=None)],
           'btag_mask': [ColOut(collection='events', columns=['process', 'matchedGen_ZHbb_bb', 'tt_type', 'outZH_b1_pt', 'outZH_b2_pt', 'outZH_b1_score', 'outZH_b2_score', 'outZH_q1_pt', 'outZH_q2_pt', 'outZH_q1_score', 'outZH_q2_score', 'outZH_b1_q_mindr', 'outZH_b2_q_mindr', 'outZH_q_q_dr_nearb1', 'outZH_q_q_dr_nearb2', 'outZH_qq_M_nearb1', 'outZH_qq_M_nearb2', 'outZH_b1_qq_dr', 'outZH_b2_qq_dr', 'outZH_b1qq_M', 'outZH_b2qq_M', 'ZH_b1qq_dr', 'ZH_b2qq_dr', 'ZH_lbb1qq_dr', 'ZH_lbb2qq_dr', 'l_b2_mtb', 'ZH_closeb_invM', 'n_ak8jets', 'n_ak4jets', 'n_ak8_ZHbb', 'outZH_max_ak8pnetMass', 'outZH_b12_m', 'outZH_b12_dr', 'ht_b', 'ht_outZH', 'ak4_bestb_inZH', 'ak4_worstb_inZH', 'nonZHbb_q1_dr', 'nonZHbb_b1_dr', 'inZHb_outZHb_dr', 'ZH_l_dr', 'ZH_l_invM', 'l_b1_invM', 'l_b2_invM', 'l_b1_dr', 'l_b2_dr', 'spher', 'aplan', 'n_b_inZH', 'n_q_inZH', 'n_b_outZH', 'n_q_outZH', 'ZH_bbvLscore'], flatten=True, store_size=True, fill_none=True, fill_value=-999.0, pos_start=None, pos_end=None)]},
'TTbb_2L2Nu': {'baseline': [ColOut(collection='events', columns=['process', 'matchedGen_ZHbb_bb', 'tt_type', 'outZH_b1_pt', 'outZH_b2_pt', 'outZH_b1_score', 'outZH_b2_score', 'outZH_q1_pt', 'outZH_q2_pt', 'outZH_q1_score', 'outZH_q2_score', 'outZH_b1_q_mindr', 'outZH_b2_q_mindr', 'outZH_q_q_dr_nearb1', 'outZH_q_q_dr_nearb2', 'outZH_qq_M_nearb1', 'outZH_qq_M_nearb2', 'outZH_b1_qq_dr', 'outZH_b2_qq_dr', 'outZH_b1qq_M', 'outZH_b2qq_M', 'ZH_b1qq_dr', 'ZH_b2qq_dr', 'ZH_lbb1qq_dr', 'ZH_lbb2qq_dr', 'l_b2_mtb', 'ZH_closeb_invM', 'n_ak8jets', 'n_ak4jets', 'n_ak8_ZHbb', 'outZH_max_ak8pnetMass', 'outZH_b12_m', 'outZH_b12_dr', 'ht_b', 'ht_outZH', 'ak4_bestb_inZH', 'ak4_worstb_inZH', 'nonZHbb_q1_dr', 'nonZHbb_b1_dr', 'inZHb_outZHb_dr', 'ZH_l_dr', 'ZH_l_invM', 'l_b1_invM', 'l_b2_invM', 'l_b1_dr', 'l_b2_dr', 'spher', 'aplan', 'n_b_inZH', 'n_q_inZH', 'n_b_outZH', 'n_q_outZH', 'ZH_bbvLscore'], flatten=True, store_size=True, fill_none=True, fill_value=-999.0, pos_start=None, pos_end=None)],
              'btag_mask': [ColOut(collection='events', columns=['process', 'matchedGen_ZHbb_bb', 'tt_type', 'outZH_b1_pt', 'outZH_b2_pt', 'outZH_b1_score', 'outZH_b2_score', 'outZH_q1_pt', 'outZH_q2_pt', 'outZH_q1_score', 'outZH_q2_score', 'outZH_b1_q_mindr', 'outZH_b2_q_mindr', 'outZH_q_q_dr_nearb1', 'outZH_q_q_dr_nearb2', 'outZH_qq_M_nearb1', 'outZH_qq_M_nearb2', 'outZH_b1_qq_dr', 'outZH_b2_qq_dr', 'outZH_b1qq_M', 'outZH_b2qq_M', 'ZH_b1qq_dr', 'ZH_b2qq_dr', 'ZH_lbb1qq_dr', 'ZH_lbb2qq_dr', 'l_b2_mtb', 'ZH_closeb_invM', 'n_ak8jets', 'n_ak4jets', 'n_ak8_ZHbb', 'outZH_max_ak8pnetMass', 'outZH_b12_m', 'outZH_b12_dr', 'ht_b', 'ht_outZH', 'ak4_bestb_inZH', 'ak4_worstb_inZH', 'nonZHbb_q1_dr', 'nonZHbb_b1_dr', 'inZHb_outZHb_dr', 'ZH_l_dr', 'ZH_l_invM', 'l_b1_invM', 'l_b2_invM', 'l_b1_dr', 'l_b2_dr', 'spher', 'aplan', 'n_b_inZH', 'n_q_inZH', 'n_b_outZH', 'n_q_outZH', 'ZH_bbvLscore'], flatten=True, store_size=True, fill_none=True, fill_value=-999.0, pos_start=None, pos_end=None)]},
'TTbb_Hadronic': {'baseline': [ColOut(collection='events', columns=['process', 'matchedGen_ZHbb_bb', 'tt_type', 'outZH_b1_pt', 'outZH_b2_pt', 'outZH_b1_score', 'outZH_b2_score', 'outZH_q1_pt', 'outZH_q2_pt', 'outZH_q1_score', 'outZH_q2_score', 'outZH_b1_q_mindr', 'outZH_b2_q_mindr', 'outZH_q_q_dr_nearb1', 'outZH_q_q_dr_nearb2', 'outZH_qq_M_nearb1', 'outZH_qq_M_nearb2', 'outZH_b1_qq_dr', 'outZH_b2_qq_dr', 'outZH_b1qq_M', 'outZH_b2qq_M', 'ZH_b1qq_dr', 'ZH_b2qq_dr', 'ZH_lbb1qq_dr', 'ZH_lbb2qq_dr', 'l_b2_mtb', 'ZH_closeb_invM', 'n_ak8jets', 'n_ak4jets', 'n_ak8_ZHbb', 'outZH_max_ak8pnetMass', 'outZH_b12_m', 'outZH_b12_dr', 'ht_b', 'ht_outZH', 'ak4_bestb_inZH', 'ak4_worstb_inZH', 'nonZHbb_q1_dr', 'nonZHbb_b1_dr', 'inZHb_outZHb_dr', 'ZH_l_dr', 'ZH_l_invM', 'l_b1_invM', 'l_b2_invM', 'l_b1_dr', 'l_b2_dr', 'spher', 'aplan', 'n_b_inZH', 'n_q_inZH', 'n_b_outZH', 'n_q_outZH', 'ZH_bbvLscore'], flatten=True, store_size=True, fill_none=True, fill_value=-999.0, pos_start=None, pos_end=None)],
                 'btag_mask': [ColOut(collection='events', columns=['process', 'matchedGen_ZHbb_bb', 'tt_type', 'outZH_b1_pt', 'outZH_b2_pt', 'outZH_b1_score', 'outZH_b2_score', 'outZH_q1_pt', 'outZH_q2_pt', 'outZH_q1_score', 'outZH_q2_score', 'outZH_b1_q_mindr', 'outZH_b2_q_mindr', 'outZH_q_q_dr_nearb1', 'outZH_q_q_dr_nearb2', 'outZH_qq_M_nearb1', 'outZH_qq_M_nearb2', 'outZH_b1_qq_dr', 'outZH_b2_qq_dr', 'outZH_b1qq_M', 'outZH_b2qq_M', 'ZH_b1qq_dr', 'ZH_b2qq_dr', 'ZH_lbb1qq_dr', 'ZH_lbb2qq_dr', 'l_b2_mtb', 'ZH_closeb_invM', 'n_ak8jets', 'n_ak4jets', 'n_ak8_ZHbb', 'outZH_max_ak8pnetMass', 'outZH_b12_m', 'outZH_b12_dr', 'ht_b', 'ht_outZH', 'ak4_bestb_inZH', 'ak4_worstb_inZH', 'nonZHbb_q1_dr', 'nonZHbb_b1_dr', 'inZHb_outZHb_dr', 'ZH_l_dr', 'ZH_l_invM', 'l_b1_invM', 'l_b2_invM', 'l_b1_dr', 'l_b2_dr', 'spher', 'aplan', 'n_b_inZH', 'n_q_inZH', 'n_b_outZH', 'n_q_outZH', 'ZH_bbvLscore'], flatten=True, store_size=True, fill_none=True, fill_value=-999.0, pos_start=None, pos_end=None)]},
'TTbb_SemiLeptonic': {'baseline': [ColOut(collection='events', columns=['process', 'matchedGen_ZHbb_bb', 'tt_type', 'outZH_b1_pt', 'outZH_b2_pt', 'outZH_b1_score', 'outZH_b2_score', 'outZH_q1_pt', 'outZH_q2_pt', 'outZH_q1_score', 'outZH_q2_score', 'outZH_b1_q_mindr', 'outZH_b2_q_mindr', 'outZH_q_q_dr_nearb1', 'outZH_q_q_dr_nearb2', 'outZH_qq_M_nearb1', 'outZH_qq_M_nearb2', 'outZH_b1_qq_dr', 'outZH_b2_qq_dr', 'outZH_b1qq_M', 'outZH_b2qq_M', 'ZH_b1qq_dr', 'ZH_b2qq_dr', 'ZH_lbb1qq_dr', 'ZH_lbb2qq_dr', 'l_b2_mtb', 'ZH_closeb_invM', 'n_ak8jets', 'n_ak4jets', 'n_ak8_ZHbb', 'outZH_max_ak8pnetMass', 'outZH_b12_m', 'outZH_b12_dr', 'ht_b', 'ht_outZH', 'ak4_bestb_inZH', 'ak4_worstb_inZH', 'nonZHbb_q1_dr', 'nonZHbb_b1_dr', 'inZHb_outZHb_dr', 'ZH_l_dr', 'ZH_l_invM', 'l_b1_invM', 'l_b2_invM', 'l_b1_dr', 'l_b2_dr', 'spher', 'aplan', 'n_b_inZH', 'n_q_inZH', 'n_b_outZH', 'n_q_outZH', 'ZH_bbvLscore'], flatten=True, store_size=True, fill_none=True, fill_value=-999.0, pos_start=None, pos_end=None)],
                     'btag_mask': [ColOut(collection='events', columns=['process', 'matchedGen_ZHbb_bb', 'tt_type', 'outZH_b1_pt', 'outZH_b2_pt', 'outZH_b1_score', 'outZH_b2_score', 'outZH_q1_pt', 'outZH_q2_pt', 'outZH_q1_score', 'outZH_q2_score', 'outZH_b1_q_mindr', 'outZH_b2_q_mindr', 'outZH_q_q_dr_nearb1', 'outZH_q_q_dr_nearb2', 'outZH_qq_M_nearb1', 'outZH_qq_M_nearb2', 'outZH_b1_qq_dr', 'outZH_b2_qq_dr', 'outZH_b1qq_M', 'outZH_b2qq_M', 'ZH_b1qq_dr', 'ZH_b2qq_dr', 'ZH_lbb1qq_dr', 'ZH_lbb2qq_dr', 'l_b2_mtb', 'ZH_closeb_invM', 'n_ak8jets', 'n_ak4jets', 'n_ak8_ZHbb', 'outZH_max_ak8pnetMass', 'outZH_b12_m', 'outZH_b12_dr', 'ht_b', 'ht_outZH', 'ak4_bestb_inZH', 'ak4_worstb_inZH', 'nonZHbb_q1_dr', 'nonZHbb_b1_dr', 'inZHb_outZHb_dr', 'ZH_l_dr', 'ZH_l_invM', 'l_b1_invM', 'l_b2_invM', 'l_b1_dr', 'l_b2_dr', 'spher', 'aplan', 'n_b_inZH', 'n_q_inZH', 'n_b_outZH', 'n_q_outZH', 'ZH_bbvLscore'], flatten=True, store_size=True, fill_none=True, fill_value=-999.0, pos_start=None, pos_end=None)]},
'ttHToNonbb': {'baseline': [ColOut(collection='events', columns=['process', 'matchedGen_ZHbb_bb', 'tt_type', 'outZH_b1_pt', 'outZH_b2_pt', 'outZH_b1_score', 'outZH_b2_score', 'outZH_q1_pt', 'outZH_q2_pt', 'outZH_q1_score', 'outZH_q2_score', 'outZH_b1_q_mindr', 'outZH_b2_q_mindr', 'outZH_q_q_dr_nearb1', 'outZH_q_q_dr_nearb2', 'outZH_qq_M_nearb1', 'outZH_qq_M_nearb2', 'outZH_b1_qq_dr', 'outZH_b2_qq_dr', 'outZH_b1qq_M', 'outZH_b2qq_M', 'ZH_b1qq_dr', 'ZH_b2qq_dr', 'ZH_lbb1qq_dr', 'ZH_lbb2qq_dr', 'l_b2_mtb', 'ZH_closeb_invM', 'n_ak8jets', 'n_ak4jets', 'n_ak8_ZHbb', 'outZH_max_ak8pnetMass', 'outZH_b12_m', 'outZH_b12_dr', 'ht_b', 'ht_outZH', 'ak4_bestb_inZH', 'ak4_worstb_inZH', 'nonZHbb_q1_dr', 'nonZHbb_b1_dr', 'inZHb_outZHb_dr', 'ZH_l_dr', 'ZH_l_invM', 'l_b1_invM', 'l_b2_invM', 'l_b1_dr', 'l_b2_dr', 'spher', 'aplan', 'n_b_inZH', 'n_q_inZH', 'n_b_outZH', 'n_q_outZH', 'ZH_bbvLscore'], flatten=True, store_size=True, fill_none=True, fill_value=-999.0, pos_start=None, pos_end=None)],
              'btag_mask': [ColOut(collection='events', columns=['process', 'matchedGen_ZHbb_bb', 'tt_type', 'outZH_b1_pt', 'outZH_b2_pt', 'outZH_b1_score', 'outZH_b2_score', 'outZH_q1_pt', 'outZH_q2_pt', 'outZH_q1_score', 'outZH_q2_score', 'outZH_b1_q_mindr', 'outZH_b2_q_mindr', 'outZH_q_q_dr_nearb1', 'outZH_q_q_dr_nearb2', 'outZH_qq_M_nearb1', 'outZH_qq_M_nearb2', 'outZH_b1_qq_dr', 'outZH_b2_qq_dr', 'outZH_b1qq_M', 'outZH_b2qq_M', 'ZH_b1qq_dr', 'ZH_b2qq_dr', 'ZH_lbb1qq_dr', 'ZH_lbb2qq_dr', 'l_b2_mtb', 'ZH_closeb_invM', 'n_ak8jets', 'n_ak4jets', 'n_ak8_ZHbb', 'outZH_max_ak8pnetMass', 'outZH_b12_m', 'outZH_b12_dr', 'ht_b', 'ht_outZH', 'ak4_bestb_inZH', 'ak4_worstb_inZH', 'nonZHbb_q1_dr', 'nonZHbb_b1_dr', 'inZHb_outZHb_dr', 'ZH_l_dr', 'ZH_l_invM', 'l_b1_invM', 'l_b2_invM', 'l_b1_dr', 'l_b2_dr', 'spher', 'aplan', 'n_b_inZH', 'n_q_inZH', 'n_b_outZH', 'n_q_outZH', 'ZH_bbvLscore'], flatten=True, store_size=True, fill_none=True, fill_value=-999.0, pos_start=None, pos_end=None)]},
'ttHTobb': {'baseline': [ColOut(collection='events', columns=['process', 'matchedGen_ZHbb_bb', 'tt_type', 'outZH_b1_pt', 'outZH_b2_pt', 'outZH_b1_score', 'outZH_b2_score', 'outZH_q1_pt', 'outZH_q2_pt', 'outZH_q1_score', 'outZH_q2_score', 'outZH_b1_q_mindr', 'outZH_b2_q_mindr', 'outZH_q_q_dr_nearb1', 'outZH_q_q_dr_nearb2', 'outZH_qq_M_nearb1', 'outZH_qq_M_nearb2', 'outZH_b1_qq_dr', 'outZH_b2_qq_dr', 'outZH_b1qq_M', 'outZH_b2qq_M', 'ZH_b1qq_dr', 'ZH_b2qq_dr', 'ZH_lbb1qq_dr', 'ZH_lbb2qq_dr', 'l_b2_mtb', 'ZH_closeb_invM', 'n_ak8jets', 'n_ak4jets', 'n_ak8_ZHbb', 'outZH_max_ak8pnetMass', 'outZH_b12_m', 'outZH_b12_dr', 'ht_b', 'ht_outZH', 'ak4_bestb_inZH', 'ak4_worstb_inZH', 'nonZHbb_q1_dr', 'nonZHbb_b1_dr', 'inZHb_outZHb_dr', 'ZH_l_dr', 'ZH_l_invM', 'l_b1_invM', 'l_b2_invM', 'l_b1_dr', 'l_b2_dr', 'spher', 'aplan', 'n_b_inZH', 'n_q_inZH', 'n_b_outZH', 'n_q_outZH', 'ZH_bbvLscore'], flatten=True, store_size=True, fill_none=True, fill_value=-999.0, pos_start=None, pos_end=None)],
           'btag_mask': [ColOut(collection='events', columns=['process', 'matchedGen_ZHbb_bb', 'tt_type', 'outZH_b1_pt', 'outZH_b2_pt', 'outZH_b1_score', 'outZH_b2_score', 'outZH_q1_pt', 'outZH_q2_pt', 'outZH_q1_score', 'outZH_q2_score', 'outZH_b1_q_mindr', 'outZH_b2_q_mindr', 'outZH_q_q_dr_nearb1', 'outZH_q_q_dr_nearb2', 'outZH_qq_M_nearb1', 'outZH_qq_M_nearb2', 'outZH_b1_qq_dr', 'outZH_b2_qq_dr', 'outZH_b1qq_M', 'outZH_b2qq_M', 'ZH_b1qq_dr', 'ZH_b2qq_dr', 'ZH_lbb1qq_dr', 'ZH_lbb2qq_dr', 'l_b2_mtb', 'ZH_closeb_invM', 'n_ak8jets', 'n_ak4jets', 'n_ak8_ZHbb', 'outZH_max_ak8pnetMass', 'outZH_b12_m', 'outZH_b12_dr', 'ht_b', 'ht_outZH', 'ak4_bestb_inZH', 'ak4_worstb_inZH', 'nonZHbb_q1_dr', 'nonZHbb_b1_dr', 'inZHb_outZHb_dr', 'ZH_l_dr', 'ZH_l_invM', 'l_b1_invM', 'l_b2_invM', 'l_b1_dr', 'l_b2_dr', 'spher', 'aplan', 'n_b_inZH', 'n_q_inZH', 'n_b_outZH', 'n_q_outZH', 'ZH_bbvLscore'], flatten=True, store_size=True, fill_none=True, fill_value=-999.0, pos_start=None, pos_end=None)]}}
  - available weights variations: {'TTTo2L2Nu': ['pileup', 'nominal'],
'TTToHadronic': ['pileup', 'nominal'],
'TTToSemiLeptonic': ['pileup', 'nominal'],
'TTZToBB': ['pileup', 'nominal'],
'TTZToLLNuNu': ['pileup', 'nominal'],
'TTZToQQ': ['pileup', 'nominal'],
'TTbb_2L2Nu': ['pileup', 'nominal'],
'TTbb_Hadronic': ['pileup', 'nominal'],
'TTbb_SemiLeptonic': ['pileup', 'nominal'],
'ttHToNonbb': ['pileup', 'nominal'],
'ttHTobb': ['pileup', 'nominal']} 
  - available shape variations: {'TTTo2L2Nu': [],
'TTToHadronic': [],
'TTToSemiLeptonic': [],
'TTZToBB': [],
'TTZToLLNuNu': [],
'TTZToQQ': [],
'TTbb_2L2Nu': [],
'TTbb_Hadronic': [],
'TTbb_SemiLeptonic': [],
'ttHToNonbb': [],
'ttHTobb': []}
[INFO    ] Configurator instance:
  - Workflow: <class 'zhbbworkflow.ZHbbBaseProcessor'>
  - Workflow options: {}
  - N. datasets: 5 
   -- Dataset: ttHTobb_M125_M125_2017,  Sample: ttHTobb, N. files: 46, N. events: 7825000
   -- Dataset: ttHToNonbb_M125_M125_2017,  Sample: ttHToNonbb, N. files: 35, N. events: 5070989
   -- Dataset: TTZToBB__2017,  Sample: TTZToBB, N. files: 26, N. events: 7074000
   -- Dataset: TTZToQQ__2017,  Sample: TTZToQQ, N. files: 35, N. events: 13822000
   -- Dataset: TTZToLLNuNu__2017,  Sample: TTZToLLNuNu, N. files: 19, N. events: 14036000
  - Subsamples:
   -- Sample ttHTobb: StandardSelection ['ttHTobb'], (1 categories)
   -- Sample ttHToNonbb: StandardSelection ['ttHToNonbb'], (1 categories)
   -- Sample TTZToBB: StandardSelection ['TTZToBB'], (1 categories)
   -- Sample TTZToQQ: StandardSelection ['TTZToQQ'], (1 categories)
   -- Sample TTZToLLNuNu: StandardSelection ['TTZToLLNuNu'], (1 categories)
  - Skim: ['preSkimCut']
  - Preselection: ['eventSelection']
  - Categories: StandardSelection ['baseline', 'btag_mask'], (2 categories)
  - Variables:  ['mAK8', 'zhbbtag', 'zhbbtag_sorted', 'outZH_b1_pt']
  - Columns: {'TTZToBB': {'baseline': [ColOut(collection='events', columns=['process', 'matchedGen_ZHbb_bb', 'tt_type', 'outZH_b1_pt', 'outZH_b2_pt', 'outZH_b1_score', 'outZH_b2_score', 'outZH_q1_pt', 'outZH_q2_pt', 'outZH_q1_score', 'outZH_q2_score', 'outZH_b1_q_mindr', 'outZH_b2_q_mindr', 'outZH_q_q_dr_nearb1', 'outZH_q_q_dr_nearb2', 'outZH_qq_M_nearb1', 'outZH_qq_M_nearb2', 'outZH_b1_qq_dr', 'outZH_b2_qq_dr', 'outZH_b1qq_M', 'outZH_b2qq_M', 'ZH_b1qq_dr', 'ZH_b2qq_dr', 'ZH_lbb1qq_dr', 'ZH_lbb2qq_dr', 'l_b2_mtb', 'ZH_closeb_invM', 'n_ak8jets', 'n_ak4jets', 'n_ak8_ZHbb', 'outZH_max_ak8pnetMass', 'outZH_b12_m', 'outZH_b12_dr', 'ht_b', 'ht_outZH', 'ak4_bestb_inZH', 'ak4_worstb_inZH', 'nonZHbb_q1_dr', 'nonZHbb_b1_dr', 'inZHb_outZHb_dr', 'ZH_l_dr', 'ZH_l_invM', 'l_b1_invM', 'l_b2_invM', 'l_b1_dr', 'l_b2_dr', 'spher', 'aplan', 'n_b_inZH', 'n_q_inZH', 'n_b_outZH', 'n_q_outZH', 'ZH_bbvLscore'], flatten=True, store_size=True, fill_none=True, fill_value=-999.0, pos_start=None, pos_end=None)],
           'btag_mask': [ColOut(collection='events', columns=['process', 'matchedGen_ZHbb_bb', 'tt_type', 'outZH_b1_pt', 'outZH_b2_pt', 'outZH_b1_score', 'outZH_b2_score', 'outZH_q1_pt', 'outZH_q2_pt', 'outZH_q1_score', 'outZH_q2_score', 'outZH_b1_q_mindr', 'outZH_b2_q_mindr', 'outZH_q_q_dr_nearb1', 'outZH_q_q_dr_nearb2', 'outZH_qq_M_nearb1', 'outZH_qq_M_nearb2', 'outZH_b1_qq_dr', 'outZH_b2_qq_dr', 'outZH_b1qq_M', 'outZH_b2qq_M', 'ZH_b1qq_dr', 'ZH_b2qq_dr', 'ZH_lbb1qq_dr', 'ZH_lbb2qq_dr', 'l_b2_mtb', 'ZH_closeb_invM', 'n_ak8jets', 'n_ak4jets', 'n_ak8_ZHbb', 'outZH_max_ak8pnetMass', 'outZH_b12_m', 'outZH_b12_dr', 'ht_b', 'ht_outZH', 'ak4_bestb_inZH', 'ak4_worstb_inZH', 'nonZHbb_q1_dr', 'nonZHbb_b1_dr', 'inZHb_outZHb_dr', 'ZH_l_dr', 'ZH_l_invM', 'l_b1_invM', 'l_b2_invM', 'l_b1_dr', 'l_b2_dr', 'spher', 'aplan', 'n_b_inZH', 'n_q_inZH', 'n_b_outZH', 'n_q_outZH', 'ZH_bbvLscore'], flatten=True, store_size=True, fill_none=True, fill_value=-999.0, pos_start=None, pos_end=None)]},
'TTZToLLNuNu': {'baseline': [ColOut(collection='events', columns=['process', 'matchedGen_ZHbb_bb', 'tt_type', 'outZH_b1_pt', 'outZH_b2_pt', 'outZH_b1_score', 'outZH_b2_score', 'outZH_q1_pt', 'outZH_q2_pt', 'outZH_q1_score', 'outZH_q2_score', 'outZH_b1_q_mindr', 'outZH_b2_q_mindr', 'outZH_q_q_dr_nearb1', 'outZH_q_q_dr_nearb2', 'outZH_qq_M_nearb1', 'outZH_qq_M_nearb2', 'outZH_b1_qq_dr', 'outZH_b2_qq_dr', 'outZH_b1qq_M', 'outZH_b2qq_M', 'ZH_b1qq_dr', 'ZH_b2qq_dr', 'ZH_lbb1qq_dr', 'ZH_lbb2qq_dr', 'l_b2_mtb', 'ZH_closeb_invM', 'n_ak8jets', 'n_ak4jets', 'n_ak8_ZHbb', 'outZH_max_ak8pnetMass', 'outZH_b12_m', 'outZH_b12_dr', 'ht_b', 'ht_outZH', 'ak4_bestb_inZH', 'ak4_worstb_inZH', 'nonZHbb_q1_dr', 'nonZHbb_b1_dr', 'inZHb_outZHb_dr', 'ZH_l_dr', 'ZH_l_invM', 'l_b1_invM', 'l_b2_invM', 'l_b1_dr', 'l_b2_dr', 'spher', 'aplan', 'n_b_inZH', 'n_q_inZH', 'n_b_outZH', 'n_q_outZH', 'ZH_bbvLscore'], flatten=True, store_size=True, fill_none=True, fill_value=-999.0, pos_start=None, pos_end=None)],
               'btag_mask': [ColOut(collection='events', columns=['process', 'matchedGen_ZHbb_bb', 'tt_type', 'outZH_b1_pt', 'outZH_b2_pt', 'outZH_b1_score', 'outZH_b2_score', 'outZH_q1_pt', 'outZH_q2_pt', 'outZH_q1_score', 'outZH_q2_score', 'outZH_b1_q_mindr', 'outZH_b2_q_mindr', 'outZH_q_q_dr_nearb1', 'outZH_q_q_dr_nearb2', 'outZH_qq_M_nearb1', 'outZH_qq_M_nearb2', 'outZH_b1_qq_dr', 'outZH_b2_qq_dr', 'outZH_b1qq_M', 'outZH_b2qq_M', 'ZH_b1qq_dr', 'ZH_b2qq_dr', 'ZH_lbb1qq_dr', 'ZH_lbb2qq_dr', 'l_b2_mtb', 'ZH_closeb_invM', 'n_ak8jets', 'n_ak4jets', 'n_ak8_ZHbb', 'outZH_max_ak8pnetMass', 'outZH_b12_m', 'outZH_b12_dr', 'ht_b', 'ht_outZH', 'ak4_bestb_inZH', 'ak4_worstb_inZH', 'nonZHbb_q1_dr', 'nonZHbb_b1_dr', 'inZHb_outZHb_dr', 'ZH_l_dr', 'ZH_l_invM', 'l_b1_invM', 'l_b2_invM', 'l_b1_dr', 'l_b2_dr', 'spher', 'aplan', 'n_b_inZH', 'n_q_inZH', 'n_b_outZH', 'n_q_outZH', 'ZH_bbvLscore'], flatten=True, store_size=True, fill_none=True, fill_value=-999.0, pos_start=None, pos_end=None)]},
'TTZToQQ': {'baseline': [ColOut(collection='events', columns=['process', 'matchedGen_ZHbb_bb', 'tt_type', 'outZH_b1_pt', 'outZH_b2_pt', 'outZH_b1_score', 'outZH_b2_score', 'outZH_q1_pt', 'outZH_q2_pt', 'outZH_q1_score', 'outZH_q2_score', 'outZH_b1_q_mindr', 'outZH_b2_q_mindr', 'outZH_q_q_dr_nearb1', 'outZH_q_q_dr_nearb2', 'outZH_qq_M_nearb1', 'outZH_qq_M_nearb2', 'outZH_b1_qq_dr', 'outZH_b2_qq_dr', 'outZH_b1qq_M', 'outZH_b2qq_M', 'ZH_b1qq_dr', 'ZH_b2qq_dr', 'ZH_lbb1qq_dr', 'ZH_lbb2qq_dr', 'l_b2_mtb', 'ZH_closeb_invM', 'n_ak8jets', 'n_ak4jets', 'n_ak8_ZHbb', 'outZH_max_ak8pnetMass', 'outZH_b12_m', 'outZH_b12_dr', 'ht_b', 'ht_outZH', 'ak4_bestb_inZH', 'ak4_worstb_inZH', 'nonZHbb_q1_dr', 'nonZHbb_b1_dr', 'inZHb_outZHb_dr', 'ZH_l_dr', 'ZH_l_invM', 'l_b1_invM', 'l_b2_invM', 'l_b1_dr', 'l_b2_dr', 'spher', 'aplan', 'n_b_inZH', 'n_q_inZH', 'n_b_outZH', 'n_q_outZH', 'ZH_bbvLscore'], flatten=True, store_size=True, fill_none=True, fill_value=-999.0, pos_start=None, pos_end=None)],
           'btag_mask': [ColOut(collection='events', columns=['process', 'matchedGen_ZHbb_bb', 'tt_type', 'outZH_b1_pt', 'outZH_b2_pt', 'outZH_b1_score', 'outZH_b2_score', 'outZH_q1_pt', 'outZH_q2_pt', 'outZH_q1_score', 'outZH_q2_score', 'outZH_b1_q_mindr', 'outZH_b2_q_mindr', 'outZH_q_q_dr_nearb1', 'outZH_q_q_dr_nearb2', 'outZH_qq_M_nearb1', 'outZH_qq_M_nearb2', 'outZH_b1_qq_dr', 'outZH_b2_qq_dr', 'outZH_b1qq_M', 'outZH_b2qq_M', 'ZH_b1qq_dr', 'ZH_b2qq_dr', 'ZH_lbb1qq_dr', 'ZH_lbb2qq_dr', 'l_b2_mtb', 'ZH_closeb_invM', 'n_ak8jets', 'n_ak4jets', 'n_ak8_ZHbb', 'outZH_max_ak8pnetMass', 'outZH_b12_m', 'outZH_b12_dr', 'ht_b', 'ht_outZH', 'ak4_bestb_inZH', 'ak4_worstb_inZH', 'nonZHbb_q1_dr', 'nonZHbb_b1_dr', 'inZHb_outZHb_dr', 'ZH_l_dr', 'ZH_l_invM', 'l_b1_invM', 'l_b2_invM', 'l_b1_dr', 'l_b2_dr', 'spher', 'aplan', 'n_b_inZH', 'n_q_inZH', 'n_b_outZH', 'n_q_outZH', 'ZH_bbvLscore'], flatten=True, store_size=True, fill_none=True, fill_value=-999.0, pos_start=None, pos_end=None)]},
'ttHToNonbb': {'baseline': [ColOut(collection='events', columns=['process', 'matchedGen_ZHbb_bb', 'tt_type', 'outZH_b1_pt', 'outZH_b2_pt', 'outZH_b1_score', 'outZH_b2_score', 'outZH_q1_pt', 'outZH_q2_pt', 'outZH_q1_score', 'outZH_q2_score', 'outZH_b1_q_mindr', 'outZH_b2_q_mindr', 'outZH_q_q_dr_nearb1', 'outZH_q_q_dr_nearb2', 'outZH_qq_M_nearb1', 'outZH_qq_M_nearb2', 'outZH_b1_qq_dr', 'outZH_b2_qq_dr', 'outZH_b1qq_M', 'outZH_b2qq_M', 'ZH_b1qq_dr', 'ZH_b2qq_dr', 'ZH_lbb1qq_dr', 'ZH_lbb2qq_dr', 'l_b2_mtb', 'ZH_closeb_invM', 'n_ak8jets', 'n_ak4jets', 'n_ak8_ZHbb', 'outZH_max_ak8pnetMass', 'outZH_b12_m', 'outZH_b12_dr', 'ht_b', 'ht_outZH', 'ak4_bestb_inZH', 'ak4_worstb_inZH', 'nonZHbb_q1_dr', 'nonZHbb_b1_dr', 'inZHb_outZHb_dr', 'ZH_l_dr', 'ZH_l_invM', 'l_b1_invM', 'l_b2_invM', 'l_b1_dr', 'l_b2_dr', 'spher', 'aplan', 'n_b_inZH', 'n_q_inZH', 'n_b_outZH', 'n_q_outZH', 'ZH_bbvLscore'], flatten=True, store_size=True, fill_none=True, fill_value=-999.0, pos_start=None, pos_end=None)],
              'btag_mask': [ColOut(collection='events', columns=['process', 'matchedGen_ZHbb_bb', 'tt_type', 'outZH_b1_pt', 'outZH_b2_pt', 'outZH_b1_score', 'outZH_b2_score', 'outZH_q1_pt', 'outZH_q2_pt', 'outZH_q1_score', 'outZH_q2_score', 'outZH_b1_q_mindr', 'outZH_b2_q_mindr', 'outZH_q_q_dr_nearb1', 'outZH_q_q_dr_nearb2', 'outZH_qq_M_nearb1', 'outZH_qq_M_nearb2', 'outZH_b1_qq_dr', 'outZH_b2_qq_dr', 'outZH_b1qq_M', 'outZH_b2qq_M', 'ZH_b1qq_dr', 'ZH_b2qq_dr', 'ZH_lbb1qq_dr', 'ZH_lbb2qq_dr', 'l_b2_mtb', 'ZH_closeb_invM', 'n_ak8jets', 'n_ak4jets', 'n_ak8_ZHbb', 'outZH_max_ak8pnetMass', 'outZH_b12_m', 'outZH_b12_dr', 'ht_b', 'ht_outZH', 'ak4_bestb_inZH', 'ak4_worstb_inZH', 'nonZHbb_q1_dr', 'nonZHbb_b1_dr', 'inZHb_outZHb_dr', 'ZH_l_dr', 'ZH_l_invM', 'l_b1_invM', 'l_b2_invM', 'l_b1_dr', 'l_b2_dr', 'spher', 'aplan', 'n_b_inZH', 'n_q_inZH', 'n_b_outZH', 'n_q_outZH', 'ZH_bbvLscore'], flatten=True, store_size=True, fill_none=True, fill_value=-999.0, pos_start=None, pos_end=None)]},
'ttHTobb': {'baseline': [ColOut(collection='events', columns=['process', 'matchedGen_ZHbb_bb', 'tt_type', 'outZH_b1_pt', 'outZH_b2_pt', 'outZH_b1_score', 'outZH_b2_score', 'outZH_q1_pt', 'outZH_q2_pt', 'outZH_q1_score', 'outZH_q2_score', 'outZH_b1_q_mindr', 'outZH_b2_q_mindr', 'outZH_q_q_dr_nearb1', 'outZH_q_q_dr_nearb2', 'outZH_qq_M_nearb1', 'outZH_qq_M_nearb2', 'outZH_b1_qq_dr', 'outZH_b2_qq_dr', 'outZH_b1qq_M', 'outZH_b2qq_M', 'ZH_b1qq_dr', 'ZH_b2qq_dr', 'ZH_lbb1qq_dr', 'ZH_lbb2qq_dr', 'l_b2_mtb', 'ZH_closeb_invM', 'n_ak8jets', 'n_ak4jets', 'n_ak8_ZHbb', 'outZH_max_ak8pnetMass', 'outZH_b12_m', 'outZH_b12_dr', 'ht_b', 'ht_outZH', 'ak4_bestb_inZH', 'ak4_worstb_inZH', 'nonZHbb_q1_dr', 'nonZHbb_b1_dr', 'inZHb_outZHb_dr', 'ZH_l_dr', 'ZH_l_invM', 'l_b1_invM', 'l_b2_invM', 'l_b1_dr', 'l_b2_dr', 'spher', 'aplan', 'n_b_inZH', 'n_q_inZH', 'n_b_outZH', 'n_q_outZH', 'ZH_bbvLscore'], flatten=True, store_size=True, fill_none=True, fill_value=-999.0, pos_start=None, pos_end=None)],
           'btag_mask': [ColOut(collection='events', columns=['process', 'matchedGen_ZHbb_bb', 'tt_type', 'outZH_b1_pt', 'outZH_b2_pt', 'outZH_b1_score', 'outZH_b2_score', 'outZH_q1_pt', 'outZH_q2_pt', 'outZH_q1_score', 'outZH_q2_score', 'outZH_b1_q_mindr', 'outZH_b2_q_mindr', 'outZH_q_q_dr_nearb1', 'outZH_q_q_dr_nearb2', 'outZH_qq_M_nearb1', 'outZH_qq_M_nearb2', 'outZH_b1_qq_dr', 'outZH_b2_qq_dr', 'outZH_b1qq_M', 'outZH_b2qq_M', 'ZH_b1qq_dr', 'ZH_b2qq_dr', 'ZH_lbb1qq_dr', 'ZH_lbb2qq_dr', 'l_b2_mtb', 'ZH_closeb_invM', 'n_ak8jets', 'n_ak4jets', 'n_ak8_ZHbb', 'outZH_max_ak8pnetMass', 'outZH_b12_m', 'outZH_b12_dr', 'ht_b', 'ht_outZH', 'ak4_bestb_inZH', 'ak4_worstb_inZH', 'nonZHbb_q1_dr', 'nonZHbb_b1_dr', 'inZHb_outZHb_dr', 'ZH_l_dr', 'ZH_l_invM', 'l_b1_invM', 'l_b2_invM', 'l_b1_dr', 'l_b2_dr', 'spher', 'aplan', 'n_b_inZH', 'n_q_inZH', 'n_b_outZH', 'n_q_outZH', 'ZH_bbvLscore'], flatten=True, store_size=True, fill_none=True, fill_value=-999.0, pos_start=None, pos_end=None)]}}
  - available weights variations: {'TTZToBB': ['pileup', 'nominal'],
'TTZToLLNuNu': ['pileup', 'nominal'],
'TTZToQQ': ['pileup', 'nominal'],
'ttHToNonbb': ['pileup', 'nominal'],
'ttHTobb': ['pileup', 'nominal']} 
  - available shape variations: {'TTZToBB': [],
'TTZToLLNuNu': [],
'TTZToQQ': [],
'ttHToNonbb': [],
'ttHTobb': []}
[INFO    ] Configurator instance:
  - Workflow: <class 'zhbbworkflow.ZHbbBaseProcessor'>
  - Workflow options: {}
  - N. datasets: 11 
   -- Dataset: ttHTobb_M125_M125_2017,  Sample: ttHTobb, N. files: 46, N. events: 7825000
   -- Dataset: ttHToNonbb_M125_M125_2017,  Sample: ttHToNonbb, N. files: 35, N. events: 5070989
   -- Dataset: TTZToBB__2017,  Sample: TTZToBB, N. files: 26, N. events: 7074000
   -- Dataset: TTZToQQ__2017,  Sample: TTZToQQ, N. files: 35, N. events: 13822000
   -- Dataset: TTZToLLNuNu__2017,  Sample: TTZToLLNuNu, N. files: 19, N. events: 14036000
   -- Dataset: TTbb_Hadronic__2017,  Sample: TTbb_Hadronic, N. files: 9, N. events: 5694656
   -- Dataset: TTbb_2L2Nu__2017,  Sample: TTbb_2L2Nu, N. files: 7, N. events: 3472503
   -- Dataset: TTbb_SemiLeptonic__2017,  Sample: TTbb_SemiLeptonic, N. files: 12, N. events: 7318891
   -- Dataset: TTToHadronic__2017,  Sample: TTToHadronic, N. files: 199, N. events: 232999999
   -- Dataset: TTTo2L2Nu__2017,  Sample: TTTo2L2Nu, N. files: 99, N. events: 106724000
   -- Dataset: TTToSemiLeptonic__2017,  Sample: TTToSemiLeptonic, N. files: 297, N. events: 346052000
  - Subsamples:
   -- Sample ttHTobb: StandardSelection ['ttHTobb'], (1 categories)
   -- Sample ttHToNonbb: StandardSelection ['ttHToNonbb'], (1 categories)
   -- Sample TTZToBB: StandardSelection ['TTZToBB'], (1 categories)
   -- Sample TTZToQQ: StandardSelection ['TTZToQQ'], (1 categories)
   -- Sample TTZToLLNuNu: StandardSelection ['TTZToLLNuNu'], (1 categories)
   -- Sample TTbb_Hadronic: StandardSelection ['TTbb_Hadronic'], (1 categories)
   -- Sample TTbb_2L2Nu: StandardSelection ['TTbb_2L2Nu'], (1 categories)
   -- Sample TTbb_SemiLeptonic: StandardSelection ['TTbb_SemiLeptonic'], (1 categories)
   -- Sample TTToHadronic: StandardSelection ['TTToHadronic'], (1 categories)
   -- Sample TTTo2L2Nu: StandardSelection ['TTTo2L2Nu'], (1 categories)
   -- Sample TTToSemiLeptonic: StandardSelection ['TTToSemiLeptonic'], (1 categories)
  - Skim: ['preSkimCut']
  - Preselection: ['eventSelection']
  - Categories: StandardSelection ['baseline', 'btag_mask'], (2 categories)
  - Variables:  ['mAK8', 'zhbbtag', 'zhbbtag_sorted', 'outZH_b1_pt']
  - Columns: {'TTTo2L2Nu': {'baseline': [ColOut(collection='events', columns=['process', 'matchedGen_ZHbb_bb', 'tt_type', 'outZH_b1_pt', 'outZH_b2_pt', 'outZH_b1_score', 'outZH_b2_score', 'outZH_q1_pt', 'outZH_q2_pt', 'outZH_q1_score', 'outZH_q2_score', 'outZH_b1_q_mindr', 'outZH_b2_q_mindr', 'outZH_q_q_dr_nearb1', 'outZH_q_q_dr_nearb2', 'outZH_qq_M_nearb1', 'outZH_qq_M_nearb2', 'outZH_b1_qq_dr', 'outZH_b2_qq_dr', 'outZH_b1qq_M', 'outZH_b2qq_M', 'ZH_b1qq_dr', 'ZH_b2qq_dr', 'ZH_lbb1qq_dr', 'ZH_lbb2qq_dr', 'l_b2_mtb', 'ZH_closeb_invM', 'n_ak8jets', 'n_ak4jets', 'n_ak8_ZHbb', 'outZH_max_ak8pnetMass', 'outZH_b12_m', 'outZH_b12_dr', 'ht_b', 'ht_outZH', 'ak4_bestb_inZH', 'ak4_worstb_inZH', 'nonZHbb_q1_dr', 'nonZHbb_b1_dr', 'inZHb_outZHb_dr', 'ZH_l_dr', 'ZH_l_invM', 'l_b1_invM', 'l_b2_invM', 'l_b1_dr', 'l_b2_dr', 'spher', 'aplan', 'n_b_inZH', 'n_q_inZH', 'n_b_outZH', 'n_q_outZH', 'ZH_bbvLscore'], flatten=True, store_size=True, fill_none=True, fill_value=-999.0, pos_start=None, pos_end=None)],
             'btag_mask': [ColOut(collection='events', columns=['process', 'matchedGen_ZHbb_bb', 'tt_type', 'outZH_b1_pt', 'outZH_b2_pt', 'outZH_b1_score', 'outZH_b2_score', 'outZH_q1_pt', 'outZH_q2_pt', 'outZH_q1_score', 'outZH_q2_score', 'outZH_b1_q_mindr', 'outZH_b2_q_mindr', 'outZH_q_q_dr_nearb1', 'outZH_q_q_dr_nearb2', 'outZH_qq_M_nearb1', 'outZH_qq_M_nearb2', 'outZH_b1_qq_dr', 'outZH_b2_qq_dr', 'outZH_b1qq_M', 'outZH_b2qq_M', 'ZH_b1qq_dr', 'ZH_b2qq_dr', 'ZH_lbb1qq_dr', 'ZH_lbb2qq_dr', 'l_b2_mtb', 'ZH_closeb_invM', 'n_ak8jets', 'n_ak4jets', 'n_ak8_ZHbb', 'outZH_max_ak8pnetMass', 'outZH_b12_m', 'outZH_b12_dr', 'ht_b', 'ht_outZH', 'ak4_bestb_inZH', 'ak4_worstb_inZH', 'nonZHbb_q1_dr', 'nonZHbb_b1_dr', 'inZHb_outZHb_dr', 'ZH_l_dr', 'ZH_l_invM', 'l_b1_invM', 'l_b2_invM', 'l_b1_dr', 'l_b2_dr', 'spher', 'aplan', 'n_b_inZH', 'n_q_inZH', 'n_b_outZH', 'n_q_outZH', 'ZH_bbvLscore'], flatten=True, store_size=True, fill_none=True, fill_value=-999.0, pos_start=None, pos_end=None)]},
'TTToHadronic': {'baseline': [ColOut(collection='events', columns=['process', 'matchedGen_ZHbb_bb', 'tt_type', 'outZH_b1_pt', 'outZH_b2_pt', 'outZH_b1_score', 'outZH_b2_score', 'outZH_q1_pt', 'outZH_q2_pt', 'outZH_q1_score', 'outZH_q2_score', 'outZH_b1_q_mindr', 'outZH_b2_q_mindr', 'outZH_q_q_dr_nearb1', 'outZH_q_q_dr_nearb2', 'outZH_qq_M_nearb1', 'outZH_qq_M_nearb2', 'outZH_b1_qq_dr', 'outZH_b2_qq_dr', 'outZH_b1qq_M', 'outZH_b2qq_M', 'ZH_b1qq_dr', 'ZH_b2qq_dr', 'ZH_lbb1qq_dr', 'ZH_lbb2qq_dr', 'l_b2_mtb', 'ZH_closeb_invM', 'n_ak8jets', 'n_ak4jets', 'n_ak8_ZHbb', 'outZH_max_ak8pnetMass', 'outZH_b12_m', 'outZH_b12_dr', 'ht_b', 'ht_outZH', 'ak4_bestb_inZH', 'ak4_worstb_inZH', 'nonZHbb_q1_dr', 'nonZHbb_b1_dr', 'inZHb_outZHb_dr', 'ZH_l_dr', 'ZH_l_invM', 'l_b1_invM', 'l_b2_invM', 'l_b1_dr', 'l_b2_dr', 'spher', 'aplan', 'n_b_inZH', 'n_q_inZH', 'n_b_outZH', 'n_q_outZH', 'ZH_bbvLscore'], flatten=True, store_size=True, fill_none=True, fill_value=-999.0, pos_start=None, pos_end=None)],
                'btag_mask': [ColOut(collection='events', columns=['process', 'matchedGen_ZHbb_bb', 'tt_type', 'outZH_b1_pt', 'outZH_b2_pt', 'outZH_b1_score', 'outZH_b2_score', 'outZH_q1_pt', 'outZH_q2_pt', 'outZH_q1_score', 'outZH_q2_score', 'outZH_b1_q_mindr', 'outZH_b2_q_mindr', 'outZH_q_q_dr_nearb1', 'outZH_q_q_dr_nearb2', 'outZH_qq_M_nearb1', 'outZH_qq_M_nearb2', 'outZH_b1_qq_dr', 'outZH_b2_qq_dr', 'outZH_b1qq_M', 'outZH_b2qq_M', 'ZH_b1qq_dr', 'ZH_b2qq_dr', 'ZH_lbb1qq_dr', 'ZH_lbb2qq_dr', 'l_b2_mtb', 'ZH_closeb_invM', 'n_ak8jets', 'n_ak4jets', 'n_ak8_ZHbb', 'outZH_max_ak8pnetMass', 'outZH_b12_m', 'outZH_b12_dr', 'ht_b', 'ht_outZH', 'ak4_bestb_inZH', 'ak4_worstb_inZH', 'nonZHbb_q1_dr', 'nonZHbb_b1_dr', 'inZHb_outZHb_dr', 'ZH_l_dr', 'ZH_l_invM', 'l_b1_invM', 'l_b2_invM', 'l_b1_dr', 'l_b2_dr', 'spher', 'aplan', 'n_b_inZH', 'n_q_inZH', 'n_b_outZH', 'n_q_outZH', 'ZH_bbvLscore'], flatten=True, store_size=True, fill_none=True, fill_value=-999.0, pos_start=None, pos_end=None)]},
'TTToSemiLeptonic': {'baseline': [ColOut(collection='events', columns=['process', 'matchedGen_ZHbb_bb', 'tt_type', 'outZH_b1_pt', 'outZH_b2_pt', 'outZH_b1_score', 'outZH_b2_score', 'outZH_q1_pt', 'outZH_q2_pt', 'outZH_q1_score', 'outZH_q2_score', 'outZH_b1_q_mindr', 'outZH_b2_q_mindr', 'outZH_q_q_dr_nearb1', 'outZH_q_q_dr_nearb2', 'outZH_qq_M_nearb1', 'outZH_qq_M_nearb2', 'outZH_b1_qq_dr', 'outZH_b2_qq_dr', 'outZH_b1qq_M', 'outZH_b2qq_M', 'ZH_b1qq_dr', 'ZH_b2qq_dr', 'ZH_lbb1qq_dr', 'ZH_lbb2qq_dr', 'l_b2_mtb', 'ZH_closeb_invM', 'n_ak8jets', 'n_ak4jets', 'n_ak8_ZHbb', 'outZH_max_ak8pnetMass', 'outZH_b12_m', 'outZH_b12_dr', 'ht_b', 'ht_outZH', 'ak4_bestb_inZH', 'ak4_worstb_inZH', 'nonZHbb_q1_dr', 'nonZHbb_b1_dr', 'inZHb_outZHb_dr', 'ZH_l_dr', 'ZH_l_invM', 'l_b1_invM', 'l_b2_invM', 'l_b1_dr', 'l_b2_dr', 'spher', 'aplan', 'n_b_inZH', 'n_q_inZH', 'n_b_outZH', 'n_q_outZH', 'ZH_bbvLscore'], flatten=True, store_size=True, fill_none=True, fill_value=-999.0, pos_start=None, pos_end=None)],
                    'btag_mask': [ColOut(collection='events', columns=['process', 'matchedGen_ZHbb_bb', 'tt_type', 'outZH_b1_pt', 'outZH_b2_pt', 'outZH_b1_score', 'outZH_b2_score', 'outZH_q1_pt', 'outZH_q2_pt', 'outZH_q1_score', 'outZH_q2_score', 'outZH_b1_q_mindr', 'outZH_b2_q_mindr', 'outZH_q_q_dr_nearb1', 'outZH_q_q_dr_nearb2', 'outZH_qq_M_nearb1', 'outZH_qq_M_nearb2', 'outZH_b1_qq_dr', 'outZH_b2_qq_dr', 'outZH_b1qq_M', 'outZH_b2qq_M', 'ZH_b1qq_dr', 'ZH_b2qq_dr', 'ZH_lbb1qq_dr', 'ZH_lbb2qq_dr', 'l_b2_mtb', 'ZH_closeb_invM', 'n_ak8jets', 'n_ak4jets', 'n_ak8_ZHbb', 'outZH_max_ak8pnetMass', 'outZH_b12_m', 'outZH_b12_dr', 'ht_b', 'ht_outZH', 'ak4_bestb_inZH', 'ak4_worstb_inZH', 'nonZHbb_q1_dr', 'nonZHbb_b1_dr', 'inZHb_outZHb_dr', 'ZH_l_dr', 'ZH_l_invM', 'l_b1_invM', 'l_b2_invM', 'l_b1_dr', 'l_b2_dr', 'spher', 'aplan', 'n_b_inZH', 'n_q_inZH', 'n_b_outZH', 'n_q_outZH', 'ZH_bbvLscore'], flatten=True, store_size=True, fill_none=True, fill_value=-999.0, pos_start=None, pos_end=None)]},
'TTZToBB': {'baseline': [ColOut(collection='events', columns=['process', 'matchedGen_ZHbb_bb', 'tt_type', 'outZH_b1_pt', 'outZH_b2_pt', 'outZH_b1_score', 'outZH_b2_score', 'outZH_q1_pt', 'outZH_q2_pt', 'outZH_q1_score', 'outZH_q2_score', 'outZH_b1_q_mindr', 'outZH_b2_q_mindr', 'outZH_q_q_dr_nearb1', 'outZH_q_q_dr_nearb2', 'outZH_qq_M_nearb1', 'outZH_qq_M_nearb2', 'outZH_b1_qq_dr', 'outZH_b2_qq_dr', 'outZH_b1qq_M', 'outZH_b2qq_M', 'ZH_b1qq_dr', 'ZH_b2qq_dr', 'ZH_lbb1qq_dr', 'ZH_lbb2qq_dr', 'l_b2_mtb', 'ZH_closeb_invM', 'n_ak8jets', 'n_ak4jets', 'n_ak8_ZHbb', 'outZH_max_ak8pnetMass', 'outZH_b12_m', 'outZH_b12_dr', 'ht_b', 'ht_outZH', 'ak4_bestb_inZH', 'ak4_worstb_inZH', 'nonZHbb_q1_dr', 'nonZHbb_b1_dr', 'inZHb_outZHb_dr', 'ZH_l_dr', 'ZH_l_invM', 'l_b1_invM', 'l_b2_invM', 'l_b1_dr', 'l_b2_dr', 'spher', 'aplan', 'n_b_inZH', 'n_q_inZH', 'n_b_outZH', 'n_q_outZH', 'ZH_bbvLscore'], flatten=True, store_size=True, fill_none=True, fill_value=-999.0, pos_start=None, pos_end=None)],
           'btag_mask': [ColOut(collection='events', columns=['process', 'matchedGen_ZHbb_bb', 'tt_type', 'outZH_b1_pt', 'outZH_b2_pt', 'outZH_b1_score', 'outZH_b2_score', 'outZH_q1_pt', 'outZH_q2_pt', 'outZH_q1_score', 'outZH_q2_score', 'outZH_b1_q_mindr', 'outZH_b2_q_mindr', 'outZH_q_q_dr_nearb1', 'outZH_q_q_dr_nearb2', 'outZH_qq_M_nearb1', 'outZH_qq_M_nearb2', 'outZH_b1_qq_dr', 'outZH_b2_qq_dr', 'outZH_b1qq_M', 'outZH_b2qq_M', 'ZH_b1qq_dr', 'ZH_b2qq_dr', 'ZH_lbb1qq_dr', 'ZH_lbb2qq_dr', 'l_b2_mtb', 'ZH_closeb_invM', 'n_ak8jets', 'n_ak4jets', 'n_ak8_ZHbb', 'outZH_max_ak8pnetMass', 'outZH_b12_m', 'outZH_b12_dr', 'ht_b', 'ht_outZH', 'ak4_bestb_inZH', 'ak4_worstb_inZH', 'nonZHbb_q1_dr', 'nonZHbb_b1_dr', 'inZHb_outZHb_dr', 'ZH_l_dr', 'ZH_l_invM', 'l_b1_invM', 'l_b2_invM', 'l_b1_dr', 'l_b2_dr', 'spher', 'aplan', 'n_b_inZH', 'n_q_inZH', 'n_b_outZH', 'n_q_outZH', 'ZH_bbvLscore'], flatten=True, store_size=True, fill_none=True, fill_value=-999.0, pos_start=None, pos_end=None)]},
'TTZToLLNuNu': {'baseline': [ColOut(collection='events', columns=['process', 'matchedGen_ZHbb_bb', 'tt_type', 'outZH_b1_pt', 'outZH_b2_pt', 'outZH_b1_score', 'outZH_b2_score', 'outZH_q1_pt', 'outZH_q2_pt', 'outZH_q1_score', 'outZH_q2_score', 'outZH_b1_q_mindr', 'outZH_b2_q_mindr', 'outZH_q_q_dr_nearb1', 'outZH_q_q_dr_nearb2', 'outZH_qq_M_nearb1', 'outZH_qq_M_nearb2', 'outZH_b1_qq_dr', 'outZH_b2_qq_dr', 'outZH_b1qq_M', 'outZH_b2qq_M', 'ZH_b1qq_dr', 'ZH_b2qq_dr', 'ZH_lbb1qq_dr', 'ZH_lbb2qq_dr', 'l_b2_mtb', 'ZH_closeb_invM', 'n_ak8jets', 'n_ak4jets', 'n_ak8_ZHbb', 'outZH_max_ak8pnetMass', 'outZH_b12_m', 'outZH_b12_dr', 'ht_b', 'ht_outZH', 'ak4_bestb_inZH', 'ak4_worstb_inZH', 'nonZHbb_q1_dr', 'nonZHbb_b1_dr', 'inZHb_outZHb_dr', 'ZH_l_dr', 'ZH_l_invM', 'l_b1_invM', 'l_b2_invM', 'l_b1_dr', 'l_b2_dr', 'spher', 'aplan', 'n_b_inZH', 'n_q_inZH', 'n_b_outZH', 'n_q_outZH', 'ZH_bbvLscore'], flatten=True, store_size=True, fill_none=True, fill_value=-999.0, pos_start=None, pos_end=None)],
               'btag_mask': [ColOut(collection='events', columns=['process', 'matchedGen_ZHbb_bb', 'tt_type', 'outZH_b1_pt', 'outZH_b2_pt', 'outZH_b1_score', 'outZH_b2_score', 'outZH_q1_pt', 'outZH_q2_pt', 'outZH_q1_score', 'outZH_q2_score', 'outZH_b1_q_mindr', 'outZH_b2_q_mindr', 'outZH_q_q_dr_nearb1', 'outZH_q_q_dr_nearb2', 'outZH_qq_M_nearb1', 'outZH_qq_M_nearb2', 'outZH_b1_qq_dr', 'outZH_b2_qq_dr', 'outZH_b1qq_M', 'outZH_b2qq_M', 'ZH_b1qq_dr', 'ZH_b2qq_dr', 'ZH_lbb1qq_dr', 'ZH_lbb2qq_dr', 'l_b2_mtb', 'ZH_closeb_invM', 'n_ak8jets', 'n_ak4jets', 'n_ak8_ZHbb', 'outZH_max_ak8pnetMass', 'outZH_b12_m', 'outZH_b12_dr', 'ht_b', 'ht_outZH', 'ak4_bestb_inZH', 'ak4_worstb_inZH', 'nonZHbb_q1_dr', 'nonZHbb_b1_dr', 'inZHb_outZHb_dr', 'ZH_l_dr', 'ZH_l_invM', 'l_b1_invM', 'l_b2_invM', 'l_b1_dr', 'l_b2_dr', 'spher', 'aplan', 'n_b_inZH', 'n_q_inZH', 'n_b_outZH', 'n_q_outZH', 'ZH_bbvLscore'], flatten=True, store_size=True, fill_none=True, fill_value=-999.0, pos_start=None, pos_end=None)]},
'TTZToQQ': {'baseline': [ColOut(collection='events', columns=['process', 'matchedGen_ZHbb_bb', 'tt_type', 'outZH_b1_pt', 'outZH_b2_pt', 'outZH_b1_score', 'outZH_b2_score', 'outZH_q1_pt', 'outZH_q2_pt', 'outZH_q1_score', 'outZH_q2_score', 'outZH_b1_q_mindr', 'outZH_b2_q_mindr', 'outZH_q_q_dr_nearb1', 'outZH_q_q_dr_nearb2', 'outZH_qq_M_nearb1', 'outZH_qq_M_nearb2', 'outZH_b1_qq_dr', 'outZH_b2_qq_dr', 'outZH_b1qq_M', 'outZH_b2qq_M', 'ZH_b1qq_dr', 'ZH_b2qq_dr', 'ZH_lbb1qq_dr', 'ZH_lbb2qq_dr', 'l_b2_mtb', 'ZH_closeb_invM', 'n_ak8jets', 'n_ak4jets', 'n_ak8_ZHbb', 'outZH_max_ak8pnetMass', 'outZH_b12_m', 'outZH_b12_dr', 'ht_b', 'ht_outZH', 'ak4_bestb_inZH', 'ak4_worstb_inZH', 'nonZHbb_q1_dr', 'nonZHbb_b1_dr', 'inZHb_outZHb_dr', 'ZH_l_dr', 'ZH_l_invM', 'l_b1_invM', 'l_b2_invM', 'l_b1_dr', 'l_b2_dr', 'spher', 'aplan', 'n_b_inZH', 'n_q_inZH', 'n_b_outZH', 'n_q_outZH', 'ZH_bbvLscore'], flatten=True, store_size=True, fill_none=True, fill_value=-999.0, pos_start=None, pos_end=None)],
           'btag_mask': [ColOut(collection='events', columns=['process', 'matchedGen_ZHbb_bb', 'tt_type', 'outZH_b1_pt', 'outZH_b2_pt', 'outZH_b1_score', 'outZH_b2_score', 'outZH_q1_pt', 'outZH_q2_pt', 'outZH_q1_score', 'outZH_q2_score', 'outZH_b1_q_mindr', 'outZH_b2_q_mindr', 'outZH_q_q_dr_nearb1', 'outZH_q_q_dr_nearb2', 'outZH_qq_M_nearb1', 'outZH_qq_M_nearb2', 'outZH_b1_qq_dr', 'outZH_b2_qq_dr', 'outZH_b1qq_M', 'outZH_b2qq_M', 'ZH_b1qq_dr', 'ZH_b2qq_dr', 'ZH_lbb1qq_dr', 'ZH_lbb2qq_dr', 'l_b2_mtb', 'ZH_closeb_invM', 'n_ak8jets', 'n_ak4jets', 'n_ak8_ZHbb', 'outZH_max_ak8pnetMass', 'outZH_b12_m', 'outZH_b12_dr', 'ht_b', 'ht_outZH', 'ak4_bestb_inZH', 'ak4_worstb_inZH', 'nonZHbb_q1_dr', 'nonZHbb_b1_dr', 'inZHb_outZHb_dr', 'ZH_l_dr', 'ZH_l_invM', 'l_b1_invM', 'l_b2_invM', 'l_b1_dr', 'l_b2_dr', 'spher', 'aplan', 'n_b_inZH', 'n_q_inZH', 'n_b_outZH', 'n_q_outZH', 'ZH_bbvLscore'], flatten=True, store_size=True, fill_none=True, fill_value=-999.0, pos_start=None, pos_end=None)]},
'TTbb_2L2Nu': {'baseline': [ColOut(collection='events', columns=['process', 'matchedGen_ZHbb_bb', 'tt_type', 'outZH_b1_pt', 'outZH_b2_pt', 'outZH_b1_score', 'outZH_b2_score', 'outZH_q1_pt', 'outZH_q2_pt', 'outZH_q1_score', 'outZH_q2_score', 'outZH_b1_q_mindr', 'outZH_b2_q_mindr', 'outZH_q_q_dr_nearb1', 'outZH_q_q_dr_nearb2', 'outZH_qq_M_nearb1', 'outZH_qq_M_nearb2', 'outZH_b1_qq_dr', 'outZH_b2_qq_dr', 'outZH_b1qq_M', 'outZH_b2qq_M', 'ZH_b1qq_dr', 'ZH_b2qq_dr', 'ZH_lbb1qq_dr', 'ZH_lbb2qq_dr', 'l_b2_mtb', 'ZH_closeb_invM', 'n_ak8jets', 'n_ak4jets', 'n_ak8_ZHbb', 'outZH_max_ak8pnetMass', 'outZH_b12_m', 'outZH_b12_dr', 'ht_b', 'ht_outZH', 'ak4_bestb_inZH', 'ak4_worstb_inZH', 'nonZHbb_q1_dr', 'nonZHbb_b1_dr', 'inZHb_outZHb_dr', 'ZH_l_dr', 'ZH_l_invM', 'l_b1_invM', 'l_b2_invM', 'l_b1_dr', 'l_b2_dr', 'spher', 'aplan', 'n_b_inZH', 'n_q_inZH', 'n_b_outZH', 'n_q_outZH', 'ZH_bbvLscore'], flatten=True, store_size=True, fill_none=True, fill_value=-999.0, pos_start=None, pos_end=None)],
              'btag_mask': [ColOut(collection='events', columns=['process', 'matchedGen_ZHbb_bb', 'tt_type', 'outZH_b1_pt', 'outZH_b2_pt', 'outZH_b1_score', 'outZH_b2_score', 'outZH_q1_pt', 'outZH_q2_pt', 'outZH_q1_score', 'outZH_q2_score', 'outZH_b1_q_mindr', 'outZH_b2_q_mindr', 'outZH_q_q_dr_nearb1', 'outZH_q_q_dr_nearb2', 'outZH_qq_M_nearb1', 'outZH_qq_M_nearb2', 'outZH_b1_qq_dr', 'outZH_b2_qq_dr', 'outZH_b1qq_M', 'outZH_b2qq_M', 'ZH_b1qq_dr', 'ZH_b2qq_dr', 'ZH_lbb1qq_dr', 'ZH_lbb2qq_dr', 'l_b2_mtb', 'ZH_closeb_invM', 'n_ak8jets', 'n_ak4jets', 'n_ak8_ZHbb', 'outZH_max_ak8pnetMass', 'outZH_b12_m', 'outZH_b12_dr', 'ht_b', 'ht_outZH', 'ak4_bestb_inZH', 'ak4_worstb_inZH', 'nonZHbb_q1_dr', 'nonZHbb_b1_dr', 'inZHb_outZHb_dr', 'ZH_l_dr', 'ZH_l_invM', 'l_b1_invM', 'l_b2_invM', 'l_b1_dr', 'l_b2_dr', 'spher', 'aplan', 'n_b_inZH', 'n_q_inZH', 'n_b_outZH', 'n_q_outZH', 'ZH_bbvLscore'], flatten=True, store_size=True, fill_none=True, fill_value=-999.0, pos_start=None, pos_end=None)]},
'TTbb_Hadronic': {'baseline': [ColOut(collection='events', columns=['process', 'matchedGen_ZHbb_bb', 'tt_type', 'outZH_b1_pt', 'outZH_b2_pt', 'outZH_b1_score', 'outZH_b2_score', 'outZH_q1_pt', 'outZH_q2_pt', 'outZH_q1_score', 'outZH_q2_score', 'outZH_b1_q_mindr', 'outZH_b2_q_mindr', 'outZH_q_q_dr_nearb1', 'outZH_q_q_dr_nearb2', 'outZH_qq_M_nearb1', 'outZH_qq_M_nearb2', 'outZH_b1_qq_dr', 'outZH_b2_qq_dr', 'outZH_b1qq_M', 'outZH_b2qq_M', 'ZH_b1qq_dr', 'ZH_b2qq_dr', 'ZH_lbb1qq_dr', 'ZH_lbb2qq_dr', 'l_b2_mtb', 'ZH_closeb_invM', 'n_ak8jets', 'n_ak4jets', 'n_ak8_ZHbb', 'outZH_max_ak8pnetMass', 'outZH_b12_m', 'outZH_b12_dr', 'ht_b', 'ht_outZH', 'ak4_bestb_inZH', 'ak4_worstb_inZH', 'nonZHbb_q1_dr', 'nonZHbb_b1_dr', 'inZHb_outZHb_dr', 'ZH_l_dr', 'ZH_l_invM', 'l_b1_invM', 'l_b2_invM', 'l_b1_dr', 'l_b2_dr', 'spher', 'aplan', 'n_b_inZH', 'n_q_inZH', 'n_b_outZH', 'n_q_outZH', 'ZH_bbvLscore'], flatten=True, store_size=True, fill_none=True, fill_value=-999.0, pos_start=None, pos_end=None)],
                 'btag_mask': [ColOut(collection='events', columns=['process', 'matchedGen_ZHbb_bb', 'tt_type', 'outZH_b1_pt', 'outZH_b2_pt', 'outZH_b1_score', 'outZH_b2_score', 'outZH_q1_pt', 'outZH_q2_pt', 'outZH_q1_score', 'outZH_q2_score', 'outZH_b1_q_mindr', 'outZH_b2_q_mindr', 'outZH_q_q_dr_nearb1', 'outZH_q_q_dr_nearb2', 'outZH_qq_M_nearb1', 'outZH_qq_M_nearb2', 'outZH_b1_qq_dr', 'outZH_b2_qq_dr', 'outZH_b1qq_M', 'outZH_b2qq_M', 'ZH_b1qq_dr', 'ZH_b2qq_dr', 'ZH_lbb1qq_dr', 'ZH_lbb2qq_dr', 'l_b2_mtb', 'ZH_closeb_invM', 'n_ak8jets', 'n_ak4jets', 'n_ak8_ZHbb', 'outZH_max_ak8pnetMass', 'outZH_b12_m', 'outZH_b12_dr', 'ht_b', 'ht_outZH', 'ak4_bestb_inZH', 'ak4_worstb_inZH', 'nonZHbb_q1_dr', 'nonZHbb_b1_dr', 'inZHb_outZHb_dr', 'ZH_l_dr', 'ZH_l_invM', 'l_b1_invM', 'l_b2_invM', 'l_b1_dr', 'l_b2_dr', 'spher', 'aplan', 'n_b_inZH', 'n_q_inZH', 'n_b_outZH', 'n_q_outZH', 'ZH_bbvLscore'], flatten=True, store_size=True, fill_none=True, fill_value=-999.0, pos_start=None, pos_end=None)]},
'TTbb_SemiLeptonic': {'baseline': [ColOut(collection='events', columns=['process', 'matchedGen_ZHbb_bb', 'tt_type', 'outZH_b1_pt', 'outZH_b2_pt', 'outZH_b1_score', 'outZH_b2_score', 'outZH_q1_pt', 'outZH_q2_pt', 'outZH_q1_score', 'outZH_q2_score', 'outZH_b1_q_mindr', 'outZH_b2_q_mindr', 'outZH_q_q_dr_nearb1', 'outZH_q_q_dr_nearb2', 'outZH_qq_M_nearb1', 'outZH_qq_M_nearb2', 'outZH_b1_qq_dr', 'outZH_b2_qq_dr', 'outZH_b1qq_M', 'outZH_b2qq_M', 'ZH_b1qq_dr', 'ZH_b2qq_dr', 'ZH_lbb1qq_dr', 'ZH_lbb2qq_dr', 'l_b2_mtb', 'ZH_closeb_invM', 'n_ak8jets', 'n_ak4jets', 'n_ak8_ZHbb', 'outZH_max_ak8pnetMass', 'outZH_b12_m', 'outZH_b12_dr', 'ht_b', 'ht_outZH', 'ak4_bestb_inZH', 'ak4_worstb_inZH', 'nonZHbb_q1_dr', 'nonZHbb_b1_dr', 'inZHb_outZHb_dr', 'ZH_l_dr', 'ZH_l_invM', 'l_b1_invM', 'l_b2_invM', 'l_b1_dr', 'l_b2_dr', 'spher', 'aplan', 'n_b_inZH', 'n_q_inZH', 'n_b_outZH', 'n_q_outZH', 'ZH_bbvLscore'], flatten=True, store_size=True, fill_none=True, fill_value=-999.0, pos_start=None, pos_end=None)],
                     'btag_mask': [ColOut(collection='events', columns=['process', 'matchedGen_ZHbb_bb', 'tt_type', 'outZH_b1_pt', 'outZH_b2_pt', 'outZH_b1_score', 'outZH_b2_score', 'outZH_q1_pt', 'outZH_q2_pt', 'outZH_q1_score', 'outZH_q2_score', 'outZH_b1_q_mindr', 'outZH_b2_q_mindr', 'outZH_q_q_dr_nearb1', 'outZH_q_q_dr_nearb2', 'outZH_qq_M_nearb1', 'outZH_qq_M_nearb2', 'outZH_b1_qq_dr', 'outZH_b2_qq_dr', 'outZH_b1qq_M', 'outZH_b2qq_M', 'ZH_b1qq_dr', 'ZH_b2qq_dr', 'ZH_lbb1qq_dr', 'ZH_lbb2qq_dr', 'l_b2_mtb', 'ZH_closeb_invM', 'n_ak8jets', 'n_ak4jets', 'n_ak8_ZHbb', 'outZH_max_ak8pnetMass', 'outZH_b12_m', 'outZH_b12_dr', 'ht_b', 'ht_outZH', 'ak4_bestb_inZH', 'ak4_worstb_inZH', 'nonZHbb_q1_dr', 'nonZHbb_b1_dr', 'inZHb_outZHb_dr', 'ZH_l_dr', 'ZH_l_invM', 'l_b1_invM', 'l_b2_invM', 'l_b1_dr', 'l_b2_dr', 'spher', 'aplan', 'n_b_inZH', 'n_q_inZH', 'n_b_outZH', 'n_q_outZH', 'ZH_bbvLscore'], flatten=True, store_size=True, fill_none=True, fill_value=-999.0, pos_start=None, pos_end=None)]},
'ttHToNonbb': {'baseline': [ColOut(collection='events', columns=['process', 'matchedGen_ZHbb_bb', 'tt_type', 'outZH_b1_pt', 'outZH_b2_pt', 'outZH_b1_score', 'outZH_b2_score', 'outZH_q1_pt', 'outZH_q2_pt', 'outZH_q1_score', 'outZH_q2_score', 'outZH_b1_q_mindr', 'outZH_b2_q_mindr', 'outZH_q_q_dr_nearb1', 'outZH_q_q_dr_nearb2', 'outZH_qq_M_nearb1', 'outZH_qq_M_nearb2', 'outZH_b1_qq_dr', 'outZH_b2_qq_dr', 'outZH_b1qq_M', 'outZH_b2qq_M', 'ZH_b1qq_dr', 'ZH_b2qq_dr', 'ZH_lbb1qq_dr', 'ZH_lbb2qq_dr', 'l_b2_mtb', 'ZH_closeb_invM', 'n_ak8jets', 'n_ak4jets', 'n_ak8_ZHbb', 'outZH_max_ak8pnetMass', 'outZH_b12_m', 'outZH_b12_dr', 'ht_b', 'ht_outZH', 'ak4_bestb_inZH', 'ak4_worstb_inZH', 'nonZHbb_q1_dr', 'nonZHbb_b1_dr', 'inZHb_outZHb_dr', 'ZH_l_dr', 'ZH_l_invM', 'l_b1_invM', 'l_b2_invM', 'l_b1_dr', 'l_b2_dr', 'spher', 'aplan', 'n_b_inZH', 'n_q_inZH', 'n_b_outZH', 'n_q_outZH', 'ZH_bbvLscore'], flatten=True, store_size=True, fill_none=True, fill_value=-999.0, pos_start=None, pos_end=None)],
              'btag_mask': [ColOut(collection='events', columns=['process', 'matchedGen_ZHbb_bb', 'tt_type', 'outZH_b1_pt', 'outZH_b2_pt', 'outZH_b1_score', 'outZH_b2_score', 'outZH_q1_pt', 'outZH_q2_pt', 'outZH_q1_score', 'outZH_q2_score', 'outZH_b1_q_mindr', 'outZH_b2_q_mindr', 'outZH_q_q_dr_nearb1', 'outZH_q_q_dr_nearb2', 'outZH_qq_M_nearb1', 'outZH_qq_M_nearb2', 'outZH_b1_qq_dr', 'outZH_b2_qq_dr', 'outZH_b1qq_M', 'outZH_b2qq_M', 'ZH_b1qq_dr', 'ZH_b2qq_dr', 'ZH_lbb1qq_dr', 'ZH_lbb2qq_dr', 'l_b2_mtb', 'ZH_closeb_invM', 'n_ak8jets', 'n_ak4jets', 'n_ak8_ZHbb', 'outZH_max_ak8pnetMass', 'outZH_b12_m', 'outZH_b12_dr', 'ht_b', 'ht_outZH', 'ak4_bestb_inZH', 'ak4_worstb_inZH', 'nonZHbb_q1_dr', 'nonZHbb_b1_dr', 'inZHb_outZHb_dr', 'ZH_l_dr', 'ZH_l_invM', 'l_b1_invM', 'l_b2_invM', 'l_b1_dr', 'l_b2_dr', 'spher', 'aplan', 'n_b_inZH', 'n_q_inZH', 'n_b_outZH', 'n_q_outZH', 'ZH_bbvLscore'], flatten=True, store_size=True, fill_none=True, fill_value=-999.0, pos_start=None, pos_end=None)]},
'ttHTobb': {'baseline': [ColOut(collection='events', columns=['process', 'matchedGen_ZHbb_bb', 'tt_type', 'outZH_b1_pt', 'outZH_b2_pt', 'outZH_b1_score', 'outZH_b2_score', 'outZH_q1_pt', 'outZH_q2_pt', 'outZH_q1_score', 'outZH_q2_score', 'outZH_b1_q_mindr', 'outZH_b2_q_mindr', 'outZH_q_q_dr_nearb1', 'outZH_q_q_dr_nearb2', 'outZH_qq_M_nearb1', 'outZH_qq_M_nearb2', 'outZH_b1_qq_dr', 'outZH_b2_qq_dr', 'outZH_b1qq_M', 'outZH_b2qq_M', 'ZH_b1qq_dr', 'ZH_b2qq_dr', 'ZH_lbb1qq_dr', 'ZH_lbb2qq_dr', 'l_b2_mtb', 'ZH_closeb_invM', 'n_ak8jets', 'n_ak4jets', 'n_ak8_ZHbb', 'outZH_max_ak8pnetMass', 'outZH_b12_m', 'outZH_b12_dr', 'ht_b', 'ht_outZH', 'ak4_bestb_inZH', 'ak4_worstb_inZH', 'nonZHbb_q1_dr', 'nonZHbb_b1_dr', 'inZHb_outZHb_dr', 'ZH_l_dr', 'ZH_l_invM', 'l_b1_invM', 'l_b2_invM', 'l_b1_dr', 'l_b2_dr', 'spher', 'aplan', 'n_b_inZH', 'n_q_inZH', 'n_b_outZH', 'n_q_outZH', 'ZH_bbvLscore'], flatten=True, store_size=True, fill_none=True, fill_value=-999.0, pos_start=None, pos_end=None)],
           'btag_mask': [ColOut(collection='events', columns=['process', 'matchedGen_ZHbb_bb', 'tt_type', 'outZH_b1_pt', 'outZH_b2_pt', 'outZH_b1_score', 'outZH_b2_score', 'outZH_q1_pt', 'outZH_q2_pt', 'outZH_q1_score', 'outZH_q2_score', 'outZH_b1_q_mindr', 'outZH_b2_q_mindr', 'outZH_q_q_dr_nearb1', 'outZH_q_q_dr_nearb2', 'outZH_qq_M_nearb1', 'outZH_qq_M_nearb2', 'outZH_b1_qq_dr', 'outZH_b2_qq_dr', 'outZH_b1qq_M', 'outZH_b2qq_M', 'ZH_b1qq_dr', 'ZH_b2qq_dr', 'ZH_lbb1qq_dr', 'ZH_lbb2qq_dr', 'l_b2_mtb', 'ZH_closeb_invM', 'n_ak8jets', 'n_ak4jets', 'n_ak8_ZHbb', 'outZH_max_ak8pnetMass', 'outZH_b12_m', 'outZH_b12_dr', 'ht_b', 'ht_outZH', 'ak4_bestb_inZH', 'ak4_worstb_inZH', 'nonZHbb_q1_dr', 'nonZHbb_b1_dr', 'inZHb_outZHb_dr', 'ZH_l_dr', 'ZH_l_invM', 'l_b1_invM', 'l_b2_invM', 'l_b1_dr', 'l_b2_dr', 'spher', 'aplan', 'n_b_inZH', 'n_q_inZH', 'n_b_outZH', 'n_q_outZH', 'ZH_bbvLscore'], flatten=True, store_size=True, fill_none=True, fill_value=-999.0, pos_start=None, pos_end=None)]}}
  - available weights variations: {'TTTo2L2Nu': ['pileup', 'nominal'],
'TTToHadronic': ['pileup', 'nominal'],
'TTToSemiLeptonic': ['pileup', 'nominal'],
'TTZToBB': ['pileup', 'nominal'],
'TTZToLLNuNu': ['pileup', 'nominal'],
'TTZToQQ': ['pileup', 'nominal'],
'TTbb_2L2Nu': ['pileup', 'nominal'],
'TTbb_Hadronic': ['pileup', 'nominal'],
'TTbb_SemiLeptonic': ['pileup', 'nominal'],
'ttHToNonbb': ['pileup', 'nominal'],
'ttHTobb': ['pileup', 'nominal']} 
  - available shape variations: {'TTTo2L2Nu': [],
'TTToHadronic': [],
'TTToSemiLeptonic': [],
'TTZToBB': [],
'TTZToLLNuNu': [],
'TTZToQQ': [],
'TTbb_2L2Nu': [],
'TTbb_Hadronic': [],
'TTbb_SemiLeptonic': [],
'ttHToNonbb': [],
'ttHTobb': []}
[INFO    ] Configurator instance:
  - Workflow: <class 'zhbbworkflow.ZHbbBaseProcessor'>
  - Workflow options: {}
  - N. datasets: 11 
   -- Dataset: ttHTobb_M125_M125_2017,  Sample: ttHTobb, N. files: 46, N. events: 7825000
   -- Dataset: ttHToNonbb_M125_M125_2017,  Sample: ttHToNonbb, N. files: 35, N. events: 5070989
   -- Dataset: TTZToBB__2017,  Sample: TTZToBB, N. files: 26, N. events: 7074000
   -- Dataset: TTZToQQ__2017,  Sample: TTZToQQ, N. files: 35, N. events: 13822000
   -- Dataset: TTZToLLNuNu__2017,  Sample: TTZToLLNuNu, N. files: 19, N. events: 14036000
   -- Dataset: TTbb_Hadronic__2017,  Sample: TTbb_Hadronic, N. files: 9, N. events: 5694656
   -- Dataset: TTbb_2L2Nu__2017,  Sample: TTbb_2L2Nu, N. files: 7, N. events: 3472503
   -- Dataset: TTbb_SemiLeptonic__2017,  Sample: TTbb_SemiLeptonic, N. files: 12, N. events: 7318891
   -- Dataset: TTToHadronic__2017,  Sample: TTToHadronic, N. files: 199, N. events: 232999999
   -- Dataset: TTTo2L2Nu__2017,  Sample: TTTo2L2Nu, N. files: 99, N. events: 106724000
   -- Dataset: TTToSemiLeptonic__2017,  Sample: TTToSemiLeptonic, N. files: 297, N. events: 346052000
  - Subsamples:
   -- Sample ttHTobb: StandardSelection ['ttHTobb'], (1 categories)
   -- Sample ttHToNonbb: StandardSelection ['ttHToNonbb'], (1 categories)
   -- Sample TTZToBB: StandardSelection ['TTZToBB'], (1 categories)
   -- Sample TTZToQQ: StandardSelection ['TTZToQQ'], (1 categories)
   -- Sample TTZToLLNuNu: StandardSelection ['TTZToLLNuNu'], (1 categories)
   -- Sample TTbb_Hadronic: StandardSelection ['TTbb_Hadronic'], (1 categories)
   -- Sample TTbb_2L2Nu: StandardSelection ['TTbb_2L2Nu'], (1 categories)
   -- Sample TTbb_SemiLeptonic: StandardSelection ['TTbb_SemiLeptonic'], (1 categories)
   -- Sample TTToHadronic: StandardSelection ['TTToHadronic'], (1 categories)
   -- Sample TTTo2L2Nu: StandardSelection ['TTTo2L2Nu'], (1 categories)
   -- Sample TTToSemiLeptonic: StandardSelection ['TTToSemiLeptonic'], (1 categories)
  - Skim: ['preSkimCut']
  - Preselection: ['eventSelection']
  - Categories: StandardSelection ['baseline', 'btag_mask'], (2 categories)
  - Variables:  ['mAK8', 'zhbbtag', 'zhbbtag_sorted', 'outZH_b1_pt']
  - Columns: {'TTTo2L2Nu': {'baseline': [ColOut(collection='events', columns=['process', 'matchedGen_ZHbb_bb', 'tt_type', 'outZH_b1_pt', 'outZH_b2_pt', 'outZH_b1_score', 'outZH_b2_score', 'outZH_q1_pt', 'outZH_q2_pt', 'outZH_q1_score', 'outZH_q2_score', 'outZH_b1_q_mindr', 'outZH_b2_q_mindr', 'outZH_q_q_dr_nearb1', 'outZH_q_q_dr_nearb2', 'outZH_qq_M_nearb1', 'outZH_qq_M_nearb2', 'outZH_b1_qq_dr', 'outZH_b2_qq_dr', 'outZH_b1qq_M', 'outZH_b2qq_M', 'ZH_b1qq_dr', 'ZH_b2qq_dr', 'ZH_lbb1qq_dr', 'ZH_lbb2qq_dr', 'l_b2_mtb', 'ZH_closeb_invM', 'n_ak8jets', 'n_ak4jets', 'n_ak8_ZHbb', 'outZH_max_ak8pnetMass', 'outZH_b12_m', 'outZH_b12_dr', 'ht_b', 'ht_outZH', 'ak4_bestb_inZH', 'ak4_worstb_inZH', 'nonZHbb_q1_dr', 'nonZHbb_b1_dr', 'inZHb_outZHb_dr', 'ZH_l_dr', 'ZH_l_invM', 'l_b1_invM', 'l_b2_invM', 'l_b1_dr', 'l_b2_dr', 'spher', 'aplan', 'n_b_inZH', 'n_q_inZH', 'n_b_outZH', 'n_q_outZH', 'ZH_bbvLscore'], flatten=True, store_size=True, fill_none=True, fill_value=-999.0, pos_start=None, pos_end=None)],
             'btag_mask': [ColOut(collection='events', columns=['process', 'matchedGen_ZHbb_bb', 'tt_type', 'outZH_b1_pt', 'outZH_b2_pt', 'outZH_b1_score', 'outZH_b2_score', 'outZH_q1_pt', 'outZH_q2_pt', 'outZH_q1_score', 'outZH_q2_score', 'outZH_b1_q_mindr', 'outZH_b2_q_mindr', 'outZH_q_q_dr_nearb1', 'outZH_q_q_dr_nearb2', 'outZH_qq_M_nearb1', 'outZH_qq_M_nearb2', 'outZH_b1_qq_dr', 'outZH_b2_qq_dr', 'outZH_b1qq_M', 'outZH_b2qq_M', 'ZH_b1qq_dr', 'ZH_b2qq_dr', 'ZH_lbb1qq_dr', 'ZH_lbb2qq_dr', 'l_b2_mtb', 'ZH_closeb_invM', 'n_ak8jets', 'n_ak4jets', 'n_ak8_ZHbb', 'outZH_max_ak8pnetMass', 'outZH_b12_m', 'outZH_b12_dr', 'ht_b', 'ht_outZH', 'ak4_bestb_inZH', 'ak4_worstb_inZH', 'nonZHbb_q1_dr', 'nonZHbb_b1_dr', 'inZHb_outZHb_dr', 'ZH_l_dr', 'ZH_l_invM', 'l_b1_invM', 'l_b2_invM', 'l_b1_dr', 'l_b2_dr', 'spher', 'aplan', 'n_b_inZH', 'n_q_inZH', 'n_b_outZH', 'n_q_outZH', 'ZH_bbvLscore'], flatten=True, store_size=True, fill_none=True, fill_value=-999.0, pos_start=None, pos_end=None)]},
'TTToHadronic': {'baseline': [ColOut(collection='events', columns=['process', 'matchedGen_ZHbb_bb', 'tt_type', 'outZH_b1_pt', 'outZH_b2_pt', 'outZH_b1_score', 'outZH_b2_score', 'outZH_q1_pt', 'outZH_q2_pt', 'outZH_q1_score', 'outZH_q2_score', 'outZH_b1_q_mindr', 'outZH_b2_q_mindr', 'outZH_q_q_dr_nearb1', 'outZH_q_q_dr_nearb2', 'outZH_qq_M_nearb1', 'outZH_qq_M_nearb2', 'outZH_b1_qq_dr', 'outZH_b2_qq_dr', 'outZH_b1qq_M', 'outZH_b2qq_M', 'ZH_b1qq_dr', 'ZH_b2qq_dr', 'ZH_lbb1qq_dr', 'ZH_lbb2qq_dr', 'l_b2_mtb', 'ZH_closeb_invM', 'n_ak8jets', 'n_ak4jets', 'n_ak8_ZHbb', 'outZH_max_ak8pnetMass', 'outZH_b12_m', 'outZH_b12_dr', 'ht_b', 'ht_outZH', 'ak4_bestb_inZH', 'ak4_worstb_inZH', 'nonZHbb_q1_dr', 'nonZHbb_b1_dr', 'inZHb_outZHb_dr', 'ZH_l_dr', 'ZH_l_invM', 'l_b1_invM', 'l_b2_invM', 'l_b1_dr', 'l_b2_dr', 'spher', 'aplan', 'n_b_inZH', 'n_q_inZH', 'n_b_outZH', 'n_q_outZH', 'ZH_bbvLscore'], flatten=True, store_size=True, fill_none=True, fill_value=-999.0, pos_start=None, pos_end=None)],
                'btag_mask': [ColOut(collection='events', columns=['process', 'matchedGen_ZHbb_bb', 'tt_type', 'outZH_b1_pt', 'outZH_b2_pt', 'outZH_b1_score', 'outZH_b2_score', 'outZH_q1_pt', 'outZH_q2_pt', 'outZH_q1_score', 'outZH_q2_score', 'outZH_b1_q_mindr', 'outZH_b2_q_mindr', 'outZH_q_q_dr_nearb1', 'outZH_q_q_dr_nearb2', 'outZH_qq_M_nearb1', 'outZH_qq_M_nearb2', 'outZH_b1_qq_dr', 'outZH_b2_qq_dr', 'outZH_b1qq_M', 'outZH_b2qq_M', 'ZH_b1qq_dr', 'ZH_b2qq_dr', 'ZH_lbb1qq_dr', 'ZH_lbb2qq_dr', 'l_b2_mtb', 'ZH_closeb_invM', 'n_ak8jets', 'n_ak4jets', 'n_ak8_ZHbb', 'outZH_max_ak8pnetMass', 'outZH_b12_m', 'outZH_b12_dr', 'ht_b', 'ht_outZH', 'ak4_bestb_inZH', 'ak4_worstb_inZH', 'nonZHbb_q1_dr', 'nonZHbb_b1_dr', 'inZHb_outZHb_dr', 'ZH_l_dr', 'ZH_l_invM', 'l_b1_invM', 'l_b2_invM', 'l_b1_dr', 'l_b2_dr', 'spher', 'aplan', 'n_b_inZH', 'n_q_inZH', 'n_b_outZH', 'n_q_outZH', 'ZH_bbvLscore'], flatten=True, store_size=True, fill_none=True, fill_value=-999.0, pos_start=None, pos_end=None)]},
'TTToSemiLeptonic': {'baseline': [ColOut(collection='events', columns=['process', 'matchedGen_ZHbb_bb', 'tt_type', 'outZH_b1_pt', 'outZH_b2_pt', 'outZH_b1_score', 'outZH_b2_score', 'outZH_q1_pt', 'outZH_q2_pt', 'outZH_q1_score', 'outZH_q2_score', 'outZH_b1_q_mindr', 'outZH_b2_q_mindr', 'outZH_q_q_dr_nearb1', 'outZH_q_q_dr_nearb2', 'outZH_qq_M_nearb1', 'outZH_qq_M_nearb2', 'outZH_b1_qq_dr', 'outZH_b2_qq_dr', 'outZH_b1qq_M', 'outZH_b2qq_M', 'ZH_b1qq_dr', 'ZH_b2qq_dr', 'ZH_lbb1qq_dr', 'ZH_lbb2qq_dr', 'l_b2_mtb', 'ZH_closeb_invM', 'n_ak8jets', 'n_ak4jets', 'n_ak8_ZHbb', 'outZH_max_ak8pnetMass', 'outZH_b12_m', 'outZH_b12_dr', 'ht_b', 'ht_outZH', 'ak4_bestb_inZH', 'ak4_worstb_inZH', 'nonZHbb_q1_dr', 'nonZHbb_b1_dr', 'inZHb_outZHb_dr', 'ZH_l_dr', 'ZH_l_invM', 'l_b1_invM', 'l_b2_invM', 'l_b1_dr', 'l_b2_dr', 'spher', 'aplan', 'n_b_inZH', 'n_q_inZH', 'n_b_outZH', 'n_q_outZH', 'ZH_bbvLscore'], flatten=True, store_size=True, fill_none=True, fill_value=-999.0, pos_start=None, pos_end=None)],
                    'btag_mask': [ColOut(collection='events', columns=['process', 'matchedGen_ZHbb_bb', 'tt_type', 'outZH_b1_pt', 'outZH_b2_pt', 'outZH_b1_score', 'outZH_b2_score', 'outZH_q1_pt', 'outZH_q2_pt', 'outZH_q1_score', 'outZH_q2_score', 'outZH_b1_q_mindr', 'outZH_b2_q_mindr', 'outZH_q_q_dr_nearb1', 'outZH_q_q_dr_nearb2', 'outZH_qq_M_nearb1', 'outZH_qq_M_nearb2', 'outZH_b1_qq_dr', 'outZH_b2_qq_dr', 'outZH_b1qq_M', 'outZH_b2qq_M', 'ZH_b1qq_dr', 'ZH_b2qq_dr', 'ZH_lbb1qq_dr', 'ZH_lbb2qq_dr', 'l_b2_mtb', 'ZH_closeb_invM', 'n_ak8jets', 'n_ak4jets', 'n_ak8_ZHbb', 'outZH_max_ak8pnetMass', 'outZH_b12_m', 'outZH_b12_dr', 'ht_b', 'ht_outZH', 'ak4_bestb_inZH', 'ak4_worstb_inZH', 'nonZHbb_q1_dr', 'nonZHbb_b1_dr', 'inZHb_outZHb_dr', 'ZH_l_dr', 'ZH_l_invM', 'l_b1_invM', 'l_b2_invM', 'l_b1_dr', 'l_b2_dr', 'spher', 'aplan', 'n_b_inZH', 'n_q_inZH', 'n_b_outZH', 'n_q_outZH', 'ZH_bbvLscore'], flatten=True, store_size=True, fill_none=True, fill_value=-999.0, pos_start=None, pos_end=None)]},
'TTZToBB': {'baseline': [ColOut(collection='events', columns=['process', 'matchedGen_ZHbb_bb', 'tt_type', 'outZH_b1_pt', 'outZH_b2_pt', 'outZH_b1_score', 'outZH_b2_score', 'outZH_q1_pt', 'outZH_q2_pt', 'outZH_q1_score', 'outZH_q2_score', 'outZH_b1_q_mindr', 'outZH_b2_q_mindr', 'outZH_q_q_dr_nearb1', 'outZH_q_q_dr_nearb2', 'outZH_qq_M_nearb1', 'outZH_qq_M_nearb2', 'outZH_b1_qq_dr', 'outZH_b2_qq_dr', 'outZH_b1qq_M', 'outZH_b2qq_M', 'ZH_b1qq_dr', 'ZH_b2qq_dr', 'ZH_lbb1qq_dr', 'ZH_lbb2qq_dr', 'l_b2_mtb', 'ZH_closeb_invM', 'n_ak8jets', 'n_ak4jets', 'n_ak8_ZHbb', 'outZH_max_ak8pnetMass', 'outZH_b12_m', 'outZH_b12_dr', 'ht_b', 'ht_outZH', 'ak4_bestb_inZH', 'ak4_worstb_inZH', 'nonZHbb_q1_dr', 'nonZHbb_b1_dr', 'inZHb_outZHb_dr', 'ZH_l_dr', 'ZH_l_invM', 'l_b1_invM', 'l_b2_invM', 'l_b1_dr', 'l_b2_dr', 'spher', 'aplan', 'n_b_inZH', 'n_q_inZH', 'n_b_outZH', 'n_q_outZH', 'ZH_bbvLscore'], flatten=True, store_size=True, fill_none=True, fill_value=-999.0, pos_start=None, pos_end=None)],
           'btag_mask': [ColOut(collection='events', columns=['process', 'matchedGen_ZHbb_bb', 'tt_type', 'outZH_b1_pt', 'outZH_b2_pt', 'outZH_b1_score', 'outZH_b2_score', 'outZH_q1_pt', 'outZH_q2_pt', 'outZH_q1_score', 'outZH_q2_score', 'outZH_b1_q_mindr', 'outZH_b2_q_mindr', 'outZH_q_q_dr_nearb1', 'outZH_q_q_dr_nearb2', 'outZH_qq_M_nearb1', 'outZH_qq_M_nearb2', 'outZH_b1_qq_dr', 'outZH_b2_qq_dr', 'outZH_b1qq_M', 'outZH_b2qq_M', 'ZH_b1qq_dr', 'ZH_b2qq_dr', 'ZH_lbb1qq_dr', 'ZH_lbb2qq_dr', 'l_b2_mtb', 'ZH_closeb_invM', 'n_ak8jets', 'n_ak4jets', 'n_ak8_ZHbb', 'outZH_max_ak8pnetMass', 'outZH_b12_m', 'outZH_b12_dr', 'ht_b', 'ht_outZH', 'ak4_bestb_inZH', 'ak4_worstb_inZH', 'nonZHbb_q1_dr', 'nonZHbb_b1_dr', 'inZHb_outZHb_dr', 'ZH_l_dr', 'ZH_l_invM', 'l_b1_invM', 'l_b2_invM', 'l_b1_dr', 'l_b2_dr', 'spher', 'aplan', 'n_b_inZH', 'n_q_inZH', 'n_b_outZH', 'n_q_outZH', 'ZH_bbvLscore'], flatten=True, store_size=True, fill_none=True, fill_value=-999.0, pos_start=None, pos_end=None)]},
'TTZToLLNuNu': {'baseline': [ColOut(collection='events', columns=['process', 'matchedGen_ZHbb_bb', 'tt_type', 'outZH_b1_pt', 'outZH_b2_pt', 'outZH_b1_score', 'outZH_b2_score', 'outZH_q1_pt', 'outZH_q2_pt', 'outZH_q1_score', 'outZH_q2_score', 'outZH_b1_q_mindr', 'outZH_b2_q_mindr', 'outZH_q_q_dr_nearb1', 'outZH_q_q_dr_nearb2', 'outZH_qq_M_nearb1', 'outZH_qq_M_nearb2', 'outZH_b1_qq_dr', 'outZH_b2_qq_dr', 'outZH_b1qq_M', 'outZH_b2qq_M', 'ZH_b1qq_dr', 'ZH_b2qq_dr', 'ZH_lbb1qq_dr', 'ZH_lbb2qq_dr', 'l_b2_mtb', 'ZH_closeb_invM', 'n_ak8jets', 'n_ak4jets', 'n_ak8_ZHbb', 'outZH_max_ak8pnetMass', 'outZH_b12_m', 'outZH_b12_dr', 'ht_b', 'ht_outZH', 'ak4_bestb_inZH', 'ak4_worstb_inZH', 'nonZHbb_q1_dr', 'nonZHbb_b1_dr', 'inZHb_outZHb_dr', 'ZH_l_dr', 'ZH_l_invM', 'l_b1_invM', 'l_b2_invM', 'l_b1_dr', 'l_b2_dr', 'spher', 'aplan', 'n_b_inZH', 'n_q_inZH', 'n_b_outZH', 'n_q_outZH', 'ZH_bbvLscore'], flatten=True, store_size=True, fill_none=True, fill_value=-999.0, pos_start=None, pos_end=None)],
               'btag_mask': [ColOut(collection='events', columns=['process', 'matchedGen_ZHbb_bb', 'tt_type', 'outZH_b1_pt', 'outZH_b2_pt', 'outZH_b1_score', 'outZH_b2_score', 'outZH_q1_pt', 'outZH_q2_pt', 'outZH_q1_score', 'outZH_q2_score', 'outZH_b1_q_mindr', 'outZH_b2_q_mindr', 'outZH_q_q_dr_nearb1', 'outZH_q_q_dr_nearb2', 'outZH_qq_M_nearb1', 'outZH_qq_M_nearb2', 'outZH_b1_qq_dr', 'outZH_b2_qq_dr', 'outZH_b1qq_M', 'outZH_b2qq_M', 'ZH_b1qq_dr', 'ZH_b2qq_dr', 'ZH_lbb1qq_dr', 'ZH_lbb2qq_dr', 'l_b2_mtb', 'ZH_closeb_invM', 'n_ak8jets', 'n_ak4jets', 'n_ak8_ZHbb', 'outZH_max_ak8pnetMass', 'outZH_b12_m', 'outZH_b12_dr', 'ht_b', 'ht_outZH', 'ak4_bestb_inZH', 'ak4_worstb_inZH', 'nonZHbb_q1_dr', 'nonZHbb_b1_dr', 'inZHb_outZHb_dr', 'ZH_l_dr', 'ZH_l_invM', 'l_b1_invM', 'l_b2_invM', 'l_b1_dr', 'l_b2_dr', 'spher', 'aplan', 'n_b_inZH', 'n_q_inZH', 'n_b_outZH', 'n_q_outZH', 'ZH_bbvLscore'], flatten=True, store_size=True, fill_none=True, fill_value=-999.0, pos_start=None, pos_end=None)]},
'TTZToQQ': {'baseline': [ColOut(collection='events', columns=['process', 'matchedGen_ZHbb_bb', 'tt_type', 'outZH_b1_pt', 'outZH_b2_pt', 'outZH_b1_score', 'outZH_b2_score', 'outZH_q1_pt', 'outZH_q2_pt', 'outZH_q1_score', 'outZH_q2_score', 'outZH_b1_q_mindr', 'outZH_b2_q_mindr', 'outZH_q_q_dr_nearb1', 'outZH_q_q_dr_nearb2', 'outZH_qq_M_nearb1', 'outZH_qq_M_nearb2', 'outZH_b1_qq_dr', 'outZH_b2_qq_dr', 'outZH_b1qq_M', 'outZH_b2qq_M', 'ZH_b1qq_dr', 'ZH_b2qq_dr', 'ZH_lbb1qq_dr', 'ZH_lbb2qq_dr', 'l_b2_mtb', 'ZH_closeb_invM', 'n_ak8jets', 'n_ak4jets', 'n_ak8_ZHbb', 'outZH_max_ak8pnetMass', 'outZH_b12_m', 'outZH_b12_dr', 'ht_b', 'ht_outZH', 'ak4_bestb_inZH', 'ak4_worstb_inZH', 'nonZHbb_q1_dr', 'nonZHbb_b1_dr', 'inZHb_outZHb_dr', 'ZH_l_dr', 'ZH_l_invM', 'l_b1_invM', 'l_b2_invM', 'l_b1_dr', 'l_b2_dr', 'spher', 'aplan', 'n_b_inZH', 'n_q_inZH', 'n_b_outZH', 'n_q_outZH', 'ZH_bbvLscore'], flatten=True, store_size=True, fill_none=True, fill_value=-999.0, pos_start=None, pos_end=None)],
           'btag_mask': [ColOut(collection='events', columns=['process', 'matchedGen_ZHbb_bb', 'tt_type', 'outZH_b1_pt', 'outZH_b2_pt', 'outZH_b1_score', 'outZH_b2_score', 'outZH_q1_pt', 'outZH_q2_pt', 'outZH_q1_score', 'outZH_q2_score', 'outZH_b1_q_mindr', 'outZH_b2_q_mindr', 'outZH_q_q_dr_nearb1', 'outZH_q_q_dr_nearb2', 'outZH_qq_M_nearb1', 'outZH_qq_M_nearb2', 'outZH_b1_qq_dr', 'outZH_b2_qq_dr', 'outZH_b1qq_M', 'outZH_b2qq_M', 'ZH_b1qq_dr', 'ZH_b2qq_dr', 'ZH_lbb1qq_dr', 'ZH_lbb2qq_dr', 'l_b2_mtb', 'ZH_closeb_invM', 'n_ak8jets', 'n_ak4jets', 'n_ak8_ZHbb', 'outZH_max_ak8pnetMass', 'outZH_b12_m', 'outZH_b12_dr', 'ht_b', 'ht_outZH', 'ak4_bestb_inZH', 'ak4_worstb_inZH', 'nonZHbb_q1_dr', 'nonZHbb_b1_dr', 'inZHb_outZHb_dr', 'ZH_l_dr', 'ZH_l_invM', 'l_b1_invM', 'l_b2_invM', 'l_b1_dr', 'l_b2_dr', 'spher', 'aplan', 'n_b_inZH', 'n_q_inZH', 'n_b_outZH', 'n_q_outZH', 'ZH_bbvLscore'], flatten=True, store_size=True, fill_none=True, fill_value=-999.0, pos_start=None, pos_end=None)]},
'TTbb_2L2Nu': {'baseline': [ColOut(collection='events', columns=['process', 'matchedGen_ZHbb_bb', 'tt_type', 'outZH_b1_pt', 'outZH_b2_pt', 'outZH_b1_score', 'outZH_b2_score', 'outZH_q1_pt', 'outZH_q2_pt', 'outZH_q1_score', 'outZH_q2_score', 'outZH_b1_q_mindr', 'outZH_b2_q_mindr', 'outZH_q_q_dr_nearb1', 'outZH_q_q_dr_nearb2', 'outZH_qq_M_nearb1', 'outZH_qq_M_nearb2', 'outZH_b1_qq_dr', 'outZH_b2_qq_dr', 'outZH_b1qq_M', 'outZH_b2qq_M', 'ZH_b1qq_dr', 'ZH_b2qq_dr', 'ZH_lbb1qq_dr', 'ZH_lbb2qq_dr', 'l_b2_mtb', 'ZH_closeb_invM', 'n_ak8jets', 'n_ak4jets', 'n_ak8_ZHbb', 'outZH_max_ak8pnetMass', 'outZH_b12_m', 'outZH_b12_dr', 'ht_b', 'ht_outZH', 'ak4_bestb_inZH', 'ak4_worstb_inZH', 'nonZHbb_q1_dr', 'nonZHbb_b1_dr', 'inZHb_outZHb_dr', 'ZH_l_dr', 'ZH_l_invM', 'l_b1_invM', 'l_b2_invM', 'l_b1_dr', 'l_b2_dr', 'spher', 'aplan', 'n_b_inZH', 'n_q_inZH', 'n_b_outZH', 'n_q_outZH', 'ZH_bbvLscore'], flatten=True, store_size=True, fill_none=True, fill_value=-999.0, pos_start=None, pos_end=None)],
              'btag_mask': [ColOut(collection='events', columns=['process', 'matchedGen_ZHbb_bb', 'tt_type', 'outZH_b1_pt', 'outZH_b2_pt', 'outZH_b1_score', 'outZH_b2_score', 'outZH_q1_pt', 'outZH_q2_pt', 'outZH_q1_score', 'outZH_q2_score', 'outZH_b1_q_mindr', 'outZH_b2_q_mindr', 'outZH_q_q_dr_nearb1', 'outZH_q_q_dr_nearb2', 'outZH_qq_M_nearb1', 'outZH_qq_M_nearb2', 'outZH_b1_qq_dr', 'outZH_b2_qq_dr', 'outZH_b1qq_M', 'outZH_b2qq_M', 'ZH_b1qq_dr', 'ZH_b2qq_dr', 'ZH_lbb1qq_dr', 'ZH_lbb2qq_dr', 'l_b2_mtb', 'ZH_closeb_invM', 'n_ak8jets', 'n_ak4jets', 'n_ak8_ZHbb', 'outZH_max_ak8pnetMass', 'outZH_b12_m', 'outZH_b12_dr', 'ht_b', 'ht_outZH', 'ak4_bestb_inZH', 'ak4_worstb_inZH', 'nonZHbb_q1_dr', 'nonZHbb_b1_dr', 'inZHb_outZHb_dr', 'ZH_l_dr', 'ZH_l_invM', 'l_b1_invM', 'l_b2_invM', 'l_b1_dr', 'l_b2_dr', 'spher', 'aplan', 'n_b_inZH', 'n_q_inZH', 'n_b_outZH', 'n_q_outZH', 'ZH_bbvLscore'], flatten=True, store_size=True, fill_none=True, fill_value=-999.0, pos_start=None, pos_end=None)]},
'TTbb_Hadronic': {'baseline': [ColOut(collection='events', columns=['process', 'matchedGen_ZHbb_bb', 'tt_type', 'outZH_b1_pt', 'outZH_b2_pt', 'outZH_b1_score', 'outZH_b2_score', 'outZH_q1_pt', 'outZH_q2_pt', 'outZH_q1_score', 'outZH_q2_score', 'outZH_b1_q_mindr', 'outZH_b2_q_mindr', 'outZH_q_q_dr_nearb1', 'outZH_q_q_dr_nearb2', 'outZH_qq_M_nearb1', 'outZH_qq_M_nearb2', 'outZH_b1_qq_dr', 'outZH_b2_qq_dr', 'outZH_b1qq_M', 'outZH_b2qq_M', 'ZH_b1qq_dr', 'ZH_b2qq_dr', 'ZH_lbb1qq_dr', 'ZH_lbb2qq_dr', 'l_b2_mtb', 'ZH_closeb_invM', 'n_ak8jets', 'n_ak4jets', 'n_ak8_ZHbb', 'outZH_max_ak8pnetMass', 'outZH_b12_m', 'outZH_b12_dr', 'ht_b', 'ht_outZH', 'ak4_bestb_inZH', 'ak4_worstb_inZH', 'nonZHbb_q1_dr', 'nonZHbb_b1_dr', 'inZHb_outZHb_dr', 'ZH_l_dr', 'ZH_l_invM', 'l_b1_invM', 'l_b2_invM', 'l_b1_dr', 'l_b2_dr', 'spher', 'aplan', 'n_b_inZH', 'n_q_inZH', 'n_b_outZH', 'n_q_outZH', 'ZH_bbvLscore'], flatten=True, store_size=True, fill_none=True, fill_value=-999.0, pos_start=None, pos_end=None)],
                 'btag_mask': [ColOut(collection='events', columns=['process', 'matchedGen_ZHbb_bb', 'tt_type', 'outZH_b1_pt', 'outZH_b2_pt', 'outZH_b1_score', 'outZH_b2_score', 'outZH_q1_pt', 'outZH_q2_pt', 'outZH_q1_score', 'outZH_q2_score', 'outZH_b1_q_mindr', 'outZH_b2_q_mindr', 'outZH_q_q_dr_nearb1', 'outZH_q_q_dr_nearb2', 'outZH_qq_M_nearb1', 'outZH_qq_M_nearb2', 'outZH_b1_qq_dr', 'outZH_b2_qq_dr', 'outZH_b1qq_M', 'outZH_b2qq_M', 'ZH_b1qq_dr', 'ZH_b2qq_dr', 'ZH_lbb1qq_dr', 'ZH_lbb2qq_dr', 'l_b2_mtb', 'ZH_closeb_invM', 'n_ak8jets', 'n_ak4jets', 'n_ak8_ZHbb', 'outZH_max_ak8pnetMass', 'outZH_b12_m', 'outZH_b12_dr', 'ht_b', 'ht_outZH', 'ak4_bestb_inZH', 'ak4_worstb_inZH', 'nonZHbb_q1_dr', 'nonZHbb_b1_dr', 'inZHb_outZHb_dr', 'ZH_l_dr', 'ZH_l_invM', 'l_b1_invM', 'l_b2_invM', 'l_b1_dr', 'l_b2_dr', 'spher', 'aplan', 'n_b_inZH', 'n_q_inZH', 'n_b_outZH', 'n_q_outZH', 'ZH_bbvLscore'], flatten=True, store_size=True, fill_none=True, fill_value=-999.0, pos_start=None, pos_end=None)]},
'TTbb_SemiLeptonic': {'baseline': [ColOut(collection='events', columns=['process', 'matchedGen_ZHbb_bb', 'tt_type', 'outZH_b1_pt', 'outZH_b2_pt', 'outZH_b1_score', 'outZH_b2_score', 'outZH_q1_pt', 'outZH_q2_pt', 'outZH_q1_score', 'outZH_q2_score', 'outZH_b1_q_mindr', 'outZH_b2_q_mindr', 'outZH_q_q_dr_nearb1', 'outZH_q_q_dr_nearb2', 'outZH_qq_M_nearb1', 'outZH_qq_M_nearb2', 'outZH_b1_qq_dr', 'outZH_b2_qq_dr', 'outZH_b1qq_M', 'outZH_b2qq_M', 'ZH_b1qq_dr', 'ZH_b2qq_dr', 'ZH_lbb1qq_dr', 'ZH_lbb2qq_dr', 'l_b2_mtb', 'ZH_closeb_invM', 'n_ak8jets', 'n_ak4jets', 'n_ak8_ZHbb', 'outZH_max_ak8pnetMass', 'outZH_b12_m', 'outZH_b12_dr', 'ht_b', 'ht_outZH', 'ak4_bestb_inZH', 'ak4_worstb_inZH', 'nonZHbb_q1_dr', 'nonZHbb_b1_dr', 'inZHb_outZHb_dr', 'ZH_l_dr', 'ZH_l_invM', 'l_b1_invM', 'l_b2_invM', 'l_b1_dr', 'l_b2_dr', 'spher', 'aplan', 'n_b_inZH', 'n_q_inZH', 'n_b_outZH', 'n_q_outZH', 'ZH_bbvLscore'], flatten=True, store_size=True, fill_none=True, fill_value=-999.0, pos_start=None, pos_end=None)],
                     'btag_mask': [ColOut(collection='events', columns=['process', 'matchedGen_ZHbb_bb', 'tt_type', 'outZH_b1_pt', 'outZH_b2_pt', 'outZH_b1_score', 'outZH_b2_score', 'outZH_q1_pt', 'outZH_q2_pt', 'outZH_q1_score', 'outZH_q2_score', 'outZH_b1_q_mindr', 'outZH_b2_q_mindr', 'outZH_q_q_dr_nearb1', 'outZH_q_q_dr_nearb2', 'outZH_qq_M_nearb1', 'outZH_qq_M_nearb2', 'outZH_b1_qq_dr', 'outZH_b2_qq_dr', 'outZH_b1qq_M', 'outZH_b2qq_M', 'ZH_b1qq_dr', 'ZH_b2qq_dr', 'ZH_lbb1qq_dr', 'ZH_lbb2qq_dr', 'l_b2_mtb', 'ZH_closeb_invM', 'n_ak8jets', 'n_ak4jets', 'n_ak8_ZHbb', 'outZH_max_ak8pnetMass', 'outZH_b12_m', 'outZH_b12_dr', 'ht_b', 'ht_outZH', 'ak4_bestb_inZH', 'ak4_worstb_inZH', 'nonZHbb_q1_dr', 'nonZHbb_b1_dr', 'inZHb_outZHb_dr', 'ZH_l_dr', 'ZH_l_invM', 'l_b1_invM', 'l_b2_invM', 'l_b1_dr', 'l_b2_dr', 'spher', 'aplan', 'n_b_inZH', 'n_q_inZH', 'n_b_outZH', 'n_q_outZH', 'ZH_bbvLscore'], flatten=True, store_size=True, fill_none=True, fill_value=-999.0, pos_start=None, pos_end=None)]},
'ttHToNonbb': {'baseline': [ColOut(collection='events', columns=['process', 'matchedGen_ZHbb_bb', 'tt_type', 'outZH_b1_pt', 'outZH_b2_pt', 'outZH_b1_score', 'outZH_b2_score', 'outZH_q1_pt', 'outZH_q2_pt', 'outZH_q1_score', 'outZH_q2_score', 'outZH_b1_q_mindr', 'outZH_b2_q_mindr', 'outZH_q_q_dr_nearb1', 'outZH_q_q_dr_nearb2', 'outZH_qq_M_nearb1', 'outZH_qq_M_nearb2', 'outZH_b1_qq_dr', 'outZH_b2_qq_dr', 'outZH_b1qq_M', 'outZH_b2qq_M', 'ZH_b1qq_dr', 'ZH_b2qq_dr', 'ZH_lbb1qq_dr', 'ZH_lbb2qq_dr', 'l_b2_mtb', 'ZH_closeb_invM', 'n_ak8jets', 'n_ak4jets', 'n_ak8_ZHbb', 'outZH_max_ak8pnetMass', 'outZH_b12_m', 'outZH_b12_dr', 'ht_b', 'ht_outZH', 'ak4_bestb_inZH', 'ak4_worstb_inZH', 'nonZHbb_q1_dr', 'nonZHbb_b1_dr', 'inZHb_outZHb_dr', 'ZH_l_dr', 'ZH_l_invM', 'l_b1_invM', 'l_b2_invM', 'l_b1_dr', 'l_b2_dr', 'spher', 'aplan', 'n_b_inZH', 'n_q_inZH', 'n_b_outZH', 'n_q_outZH', 'ZH_bbvLscore'], flatten=True, store_size=True, fill_none=True, fill_value=-999.0, pos_start=None, pos_end=None)],
              'btag_mask': [ColOut(collection='events', columns=['process', 'matchedGen_ZHbb_bb', 'tt_type', 'outZH_b1_pt', 'outZH_b2_pt', 'outZH_b1_score', 'outZH_b2_score', 'outZH_q1_pt', 'outZH_q2_pt', 'outZH_q1_score', 'outZH_q2_score', 'outZH_b1_q_mindr', 'outZH_b2_q_mindr', 'outZH_q_q_dr_nearb1', 'outZH_q_q_dr_nearb2', 'outZH_qq_M_nearb1', 'outZH_qq_M_nearb2', 'outZH_b1_qq_dr', 'outZH_b2_qq_dr', 'outZH_b1qq_M', 'outZH_b2qq_M', 'ZH_b1qq_dr', 'ZH_b2qq_dr', 'ZH_lbb1qq_dr', 'ZH_lbb2qq_dr', 'l_b2_mtb', 'ZH_closeb_invM', 'n_ak8jets', 'n_ak4jets', 'n_ak8_ZHbb', 'outZH_max_ak8pnetMass', 'outZH_b12_m', 'outZH_b12_dr', 'ht_b', 'ht_outZH', 'ak4_bestb_inZH', 'ak4_worstb_inZH', 'nonZHbb_q1_dr', 'nonZHbb_b1_dr', 'inZHb_outZHb_dr', 'ZH_l_dr', 'ZH_l_invM', 'l_b1_invM', 'l_b2_invM', 'l_b1_dr', 'l_b2_dr', 'spher', 'aplan', 'n_b_inZH', 'n_q_inZH', 'n_b_outZH', 'n_q_outZH', 'ZH_bbvLscore'], flatten=True, store_size=True, fill_none=True, fill_value=-999.0, pos_start=None, pos_end=None)]},
'ttHTobb': {'baseline': [ColOut(collection='events', columns=['process', 'matchedGen_ZHbb_bb', 'tt_type', 'outZH_b1_pt', 'outZH_b2_pt', 'outZH_b1_score', 'outZH_b2_score', 'outZH_q1_pt', 'outZH_q2_pt', 'outZH_q1_score', 'outZH_q2_score', 'outZH_b1_q_mindr', 'outZH_b2_q_mindr', 'outZH_q_q_dr_nearb1', 'outZH_q_q_dr_nearb2', 'outZH_qq_M_nearb1', 'outZH_qq_M_nearb2', 'outZH_b1_qq_dr', 'outZH_b2_qq_dr', 'outZH_b1qq_M', 'outZH_b2qq_M', 'ZH_b1qq_dr', 'ZH_b2qq_dr', 'ZH_lbb1qq_dr', 'ZH_lbb2qq_dr', 'l_b2_mtb', 'ZH_closeb_invM', 'n_ak8jets', 'n_ak4jets', 'n_ak8_ZHbb', 'outZH_max_ak8pnetMass', 'outZH_b12_m', 'outZH_b12_dr', 'ht_b', 'ht_outZH', 'ak4_bestb_inZH', 'ak4_worstb_inZH', 'nonZHbb_q1_dr', 'nonZHbb_b1_dr', 'inZHb_outZHb_dr', 'ZH_l_dr', 'ZH_l_invM', 'l_b1_invM', 'l_b2_invM', 'l_b1_dr', 'l_b2_dr', 'spher', 'aplan', 'n_b_inZH', 'n_q_inZH', 'n_b_outZH', 'n_q_outZH', 'ZH_bbvLscore'], flatten=True, store_size=True, fill_none=True, fill_value=-999.0, pos_start=None, pos_end=None)],
           'btag_mask': [ColOut(collection='events', columns=['process', 'matchedGen_ZHbb_bb', 'tt_type', 'outZH_b1_pt', 'outZH_b2_pt', 'outZH_b1_score', 'outZH_b2_score', 'outZH_q1_pt', 'outZH_q2_pt', 'outZH_q1_score', 'outZH_q2_score', 'outZH_b1_q_mindr', 'outZH_b2_q_mindr', 'outZH_q_q_dr_nearb1', 'outZH_q_q_dr_nearb2', 'outZH_qq_M_nearb1', 'outZH_qq_M_nearb2', 'outZH_b1_qq_dr', 'outZH_b2_qq_dr', 'outZH_b1qq_M', 'outZH_b2qq_M', 'ZH_b1qq_dr', 'ZH_b2qq_dr', 'ZH_lbb1qq_dr', 'ZH_lbb2qq_dr', 'l_b2_mtb', 'ZH_closeb_invM', 'n_ak8jets', 'n_ak4jets', 'n_ak8_ZHbb', 'outZH_max_ak8pnetMass', 'outZH_b12_m', 'outZH_b12_dr', 'ht_b', 'ht_outZH', 'ak4_bestb_inZH', 'ak4_worstb_inZH', 'nonZHbb_q1_dr', 'nonZHbb_b1_dr', 'inZHb_outZHb_dr', 'ZH_l_dr', 'ZH_l_invM', 'l_b1_invM', 'l_b2_invM', 'l_b1_dr', 'l_b2_dr', 'spher', 'aplan', 'n_b_inZH', 'n_q_inZH', 'n_b_outZH', 'n_q_outZH', 'ZH_bbvLscore'], flatten=True, store_size=True, fill_none=True, fill_value=-999.0, pos_start=None, pos_end=None)]}}
  - available weights variations: {'TTTo2L2Nu': ['nominal', 'pileup'],
'TTToHadronic': ['nominal', 'pileup'],
'TTToSemiLeptonic': ['nominal', 'pileup'],
'TTZToBB': ['nominal', 'pileup'],
'TTZToLLNuNu': ['nominal', 'pileup'],
'TTZToQQ': ['nominal', 'pileup'],
'TTbb_2L2Nu': ['nominal', 'pileup'],
'TTbb_Hadronic': ['nominal', 'pileup'],
'TTbb_SemiLeptonic': ['nominal', 'pileup'],
'ttHToNonbb': ['nominal', 'pileup'],
'ttHTobb': ['nominal', 'pileup']} 
  - available shape variations: {'TTTo2L2Nu': [],
'TTToHadronic': [],
'TTToSemiLeptonic': [],
'TTZToBB': [],
'TTZToLLNuNu': [],
'TTZToQQ': [],
'TTbb_2L2Nu': [],
'TTbb_Hadronic': [],
'TTbb_SemiLeptonic': [],
'ttHToNonbb': [],
'ttHTobb': []}
[INFO    ] Configurator instance:
  - Workflow: <class 'zhbbworkflow.ZHbbBaseProcessor'>
  - Workflow options: {}
  - N. datasets: 5 
   -- Dataset: ttHTobb_M125_M125_2017,  Sample: ttHTobb, N. files: 46, N. events: 7825000
   -- Dataset: ttHToNonbb_M125_M125_2017,  Sample: ttHToNonbb, N. files: 35, N. events: 5070989
   -- Dataset: TTZToBB__2017,  Sample: TTZToBB, N. files: 26, N. events: 7074000
   -- Dataset: TTZToQQ__2017,  Sample: TTZToQQ, N. files: 35, N. events: 13822000
   -- Dataset: TTZToLLNuNu__2017,  Sample: TTZToLLNuNu, N. files: 19, N. events: 14036000
  - Subsamples:
   -- Sample ttHTobb: StandardSelection ['ttHTobb'], (1 categories)
   -- Sample ttHToNonbb: StandardSelection ['ttHToNonbb'], (1 categories)
   -- Sample TTZToBB: StandardSelection ['TTZToBB'], (1 categories)
   -- Sample TTZToQQ: StandardSelection ['TTZToQQ'], (1 categories)
   -- Sample TTZToLLNuNu: StandardSelection ['TTZToLLNuNu'], (1 categories)
  - Skim: ['preSkimCut']
  - Preselection: ['eventSelection']
  - Categories: StandardSelection ['baseline', 'btag_mask'], (2 categories)
  - Variables:  ['mAK8', 'zhbbtag', 'zhbbtag_sorted', 'outZH_b1_pt']
  - Columns: {'TTZToBB': {'baseline': [ColOut(collection='events', columns=['process', 'matchedGen_ZHbb_bb', 'tt_type', 'outZH_b1_pt', 'outZH_b2_pt', 'outZH_b1_score', 'outZH_b2_score', 'outZH_q1_pt', 'outZH_q2_pt', 'outZH_q1_score', 'outZH_q2_score', 'outZH_b1_q_mindr', 'outZH_b2_q_mindr', 'outZH_q_q_dr_nearb1', 'outZH_q_q_dr_nearb2', 'outZH_qq_M_nearb1', 'outZH_qq_M_nearb2', 'outZH_b1_qq_dr', 'outZH_b2_qq_dr', 'outZH_b1qq_M', 'outZH_b2qq_M', 'ZH_b1qq_dr', 'ZH_b2qq_dr', 'ZH_lbb1qq_dr', 'ZH_lbb2qq_dr', 'l_b2_mtb', 'ZH_closeb_invM', 'n_ak8jets', 'n_ak4jets', 'n_ak8_ZHbb', 'outZH_max_ak8pnetMass', 'outZH_b12_m', 'outZH_b12_dr', 'ht_b', 'ht_outZH', 'ak4_bestb_inZH', 'ak4_worstb_inZH', 'nonZHbb_q1_dr', 'nonZHbb_b1_dr', 'inZHb_outZHb_dr', 'ZH_l_dr', 'ZH_l_invM', 'l_b1_invM', 'l_b2_invM', 'l_b1_dr', 'l_b2_dr', 'spher', 'aplan', 'n_b_inZH', 'n_q_inZH', 'n_b_outZH', 'n_q_outZH', 'ZH_bbvLscore'], flatten=True, store_size=True, fill_none=True, fill_value=-999.0, pos_start=None, pos_end=None)],
           'btag_mask': [ColOut(collection='events', columns=['process', 'matchedGen_ZHbb_bb', 'tt_type', 'outZH_b1_pt', 'outZH_b2_pt', 'outZH_b1_score', 'outZH_b2_score', 'outZH_q1_pt', 'outZH_q2_pt', 'outZH_q1_score', 'outZH_q2_score', 'outZH_b1_q_mindr', 'outZH_b2_q_mindr', 'outZH_q_q_dr_nearb1', 'outZH_q_q_dr_nearb2', 'outZH_qq_M_nearb1', 'outZH_qq_M_nearb2', 'outZH_b1_qq_dr', 'outZH_b2_qq_dr', 'outZH_b1qq_M', 'outZH_b2qq_M', 'ZH_b1qq_dr', 'ZH_b2qq_dr', 'ZH_lbb1qq_dr', 'ZH_lbb2qq_dr', 'l_b2_mtb', 'ZH_closeb_invM', 'n_ak8jets', 'n_ak4jets', 'n_ak8_ZHbb', 'outZH_max_ak8pnetMass', 'outZH_b12_m', 'outZH_b12_dr', 'ht_b', 'ht_outZH', 'ak4_bestb_inZH', 'ak4_worstb_inZH', 'nonZHbb_q1_dr', 'nonZHbb_b1_dr', 'inZHb_outZHb_dr', 'ZH_l_dr', 'ZH_l_invM', 'l_b1_invM', 'l_b2_invM', 'l_b1_dr', 'l_b2_dr', 'spher', 'aplan', 'n_b_inZH', 'n_q_inZH', 'n_b_outZH', 'n_q_outZH', 'ZH_bbvLscore'], flatten=True, store_size=True, fill_none=True, fill_value=-999.0, pos_start=None, pos_end=None)]},
'TTZToLLNuNu': {'baseline': [ColOut(collection='events', columns=['process', 'matchedGen_ZHbb_bb', 'tt_type', 'outZH_b1_pt', 'outZH_b2_pt', 'outZH_b1_score', 'outZH_b2_score', 'outZH_q1_pt', 'outZH_q2_pt', 'outZH_q1_score', 'outZH_q2_score', 'outZH_b1_q_mindr', 'outZH_b2_q_mindr', 'outZH_q_q_dr_nearb1', 'outZH_q_q_dr_nearb2', 'outZH_qq_M_nearb1', 'outZH_qq_M_nearb2', 'outZH_b1_qq_dr', 'outZH_b2_qq_dr', 'outZH_b1qq_M', 'outZH_b2qq_M', 'ZH_b1qq_dr', 'ZH_b2qq_dr', 'ZH_lbb1qq_dr', 'ZH_lbb2qq_dr', 'l_b2_mtb', 'ZH_closeb_invM', 'n_ak8jets', 'n_ak4jets', 'n_ak8_ZHbb', 'outZH_max_ak8pnetMass', 'outZH_b12_m', 'outZH_b12_dr', 'ht_b', 'ht_outZH', 'ak4_bestb_inZH', 'ak4_worstb_inZH', 'nonZHbb_q1_dr', 'nonZHbb_b1_dr', 'inZHb_outZHb_dr', 'ZH_l_dr', 'ZH_l_invM', 'l_b1_invM', 'l_b2_invM', 'l_b1_dr', 'l_b2_dr', 'spher', 'aplan', 'n_b_inZH', 'n_q_inZH', 'n_b_outZH', 'n_q_outZH', 'ZH_bbvLscore'], flatten=True, store_size=True, fill_none=True, fill_value=-999.0, pos_start=None, pos_end=None)],
               'btag_mask': [ColOut(collection='events', columns=['process', 'matchedGen_ZHbb_bb', 'tt_type', 'outZH_b1_pt', 'outZH_b2_pt', 'outZH_b1_score', 'outZH_b2_score', 'outZH_q1_pt', 'outZH_q2_pt', 'outZH_q1_score', 'outZH_q2_score', 'outZH_b1_q_mindr', 'outZH_b2_q_mindr', 'outZH_q_q_dr_nearb1', 'outZH_q_q_dr_nearb2', 'outZH_qq_M_nearb1', 'outZH_qq_M_nearb2', 'outZH_b1_qq_dr', 'outZH_b2_qq_dr', 'outZH_b1qq_M', 'outZH_b2qq_M', 'ZH_b1qq_dr', 'ZH_b2qq_dr', 'ZH_lbb1qq_dr', 'ZH_lbb2qq_dr', 'l_b2_mtb', 'ZH_closeb_invM', 'n_ak8jets', 'n_ak4jets', 'n_ak8_ZHbb', 'outZH_max_ak8pnetMass', 'outZH_b12_m', 'outZH_b12_dr', 'ht_b', 'ht_outZH', 'ak4_bestb_inZH', 'ak4_worstb_inZH', 'nonZHbb_q1_dr', 'nonZHbb_b1_dr', 'inZHb_outZHb_dr', 'ZH_l_dr', 'ZH_l_invM', 'l_b1_invM', 'l_b2_invM', 'l_b1_dr', 'l_b2_dr', 'spher', 'aplan', 'n_b_inZH', 'n_q_inZH', 'n_b_outZH', 'n_q_outZH', 'ZH_bbvLscore'], flatten=True, store_size=True, fill_none=True, fill_value=-999.0, pos_start=None, pos_end=None)]},
'TTZToQQ': {'baseline': [ColOut(collection='events', columns=['process', 'matchedGen_ZHbb_bb', 'tt_type', 'outZH_b1_pt', 'outZH_b2_pt', 'outZH_b1_score', 'outZH_b2_score', 'outZH_q1_pt', 'outZH_q2_pt', 'outZH_q1_score', 'outZH_q2_score', 'outZH_b1_q_mindr', 'outZH_b2_q_mindr', 'outZH_q_q_dr_nearb1', 'outZH_q_q_dr_nearb2', 'outZH_qq_M_nearb1', 'outZH_qq_M_nearb2', 'outZH_b1_qq_dr', 'outZH_b2_qq_dr', 'outZH_b1qq_M', 'outZH_b2qq_M', 'ZH_b1qq_dr', 'ZH_b2qq_dr', 'ZH_lbb1qq_dr', 'ZH_lbb2qq_dr', 'l_b2_mtb', 'ZH_closeb_invM', 'n_ak8jets', 'n_ak4jets', 'n_ak8_ZHbb', 'outZH_max_ak8pnetMass', 'outZH_b12_m', 'outZH_b12_dr', 'ht_b', 'ht_outZH', 'ak4_bestb_inZH', 'ak4_worstb_inZH', 'nonZHbb_q1_dr', 'nonZHbb_b1_dr', 'inZHb_outZHb_dr', 'ZH_l_dr', 'ZH_l_invM', 'l_b1_invM', 'l_b2_invM', 'l_b1_dr', 'l_b2_dr', 'spher', 'aplan', 'n_b_inZH', 'n_q_inZH', 'n_b_outZH', 'n_q_outZH', 'ZH_bbvLscore'], flatten=True, store_size=True, fill_none=True, fill_value=-999.0, pos_start=None, pos_end=None)],
           'btag_mask': [ColOut(collection='events', columns=['process', 'matchedGen_ZHbb_bb', 'tt_type', 'outZH_b1_pt', 'outZH_b2_pt', 'outZH_b1_score', 'outZH_b2_score', 'outZH_q1_pt', 'outZH_q2_pt', 'outZH_q1_score', 'outZH_q2_score', 'outZH_b1_q_mindr', 'outZH_b2_q_mindr', 'outZH_q_q_dr_nearb1', 'outZH_q_q_dr_nearb2', 'outZH_qq_M_nearb1', 'outZH_qq_M_nearb2', 'outZH_b1_qq_dr', 'outZH_b2_qq_dr', 'outZH_b1qq_M', 'outZH_b2qq_M', 'ZH_b1qq_dr', 'ZH_b2qq_dr', 'ZH_lbb1qq_dr', 'ZH_lbb2qq_dr', 'l_b2_mtb', 'ZH_closeb_invM', 'n_ak8jets', 'n_ak4jets', 'n_ak8_ZHbb', 'outZH_max_ak8pnetMass', 'outZH_b12_m', 'outZH_b12_dr', 'ht_b', 'ht_outZH', 'ak4_bestb_inZH', 'ak4_worstb_inZH', 'nonZHbb_q1_dr', 'nonZHbb_b1_dr', 'inZHb_outZHb_dr', 'ZH_l_dr', 'ZH_l_invM', 'l_b1_invM', 'l_b2_invM', 'l_b1_dr', 'l_b2_dr', 'spher', 'aplan', 'n_b_inZH', 'n_q_inZH', 'n_b_outZH', 'n_q_outZH', 'ZH_bbvLscore'], flatten=True, store_size=True, fill_none=True, fill_value=-999.0, pos_start=None, pos_end=None)]},
'ttHToNonbb': {'baseline': [ColOut(collection='events', columns=['process', 'matchedGen_ZHbb_bb', 'tt_type', 'outZH_b1_pt', 'outZH_b2_pt', 'outZH_b1_score', 'outZH_b2_score', 'outZH_q1_pt', 'outZH_q2_pt', 'outZH_q1_score', 'outZH_q2_score', 'outZH_b1_q_mindr', 'outZH_b2_q_mindr', 'outZH_q_q_dr_nearb1', 'outZH_q_q_dr_nearb2', 'outZH_qq_M_nearb1', 'outZH_qq_M_nearb2', 'outZH_b1_qq_dr', 'outZH_b2_qq_dr', 'outZH_b1qq_M', 'outZH_b2qq_M', 'ZH_b1qq_dr', 'ZH_b2qq_dr', 'ZH_lbb1qq_dr', 'ZH_lbb2qq_dr', 'l_b2_mtb', 'ZH_closeb_invM', 'n_ak8jets', 'n_ak4jets', 'n_ak8_ZHbb', 'outZH_max_ak8pnetMass', 'outZH_b12_m', 'outZH_b12_dr', 'ht_b', 'ht_outZH', 'ak4_bestb_inZH', 'ak4_worstb_inZH', 'nonZHbb_q1_dr', 'nonZHbb_b1_dr', 'inZHb_outZHb_dr', 'ZH_l_dr', 'ZH_l_invM', 'l_b1_invM', 'l_b2_invM', 'l_b1_dr', 'l_b2_dr', 'spher', 'aplan', 'n_b_inZH', 'n_q_inZH', 'n_b_outZH', 'n_q_outZH', 'ZH_bbvLscore'], flatten=True, store_size=True, fill_none=True, fill_value=-999.0, pos_start=None, pos_end=None)],
              'btag_mask': [ColOut(collection='events', columns=['process', 'matchedGen_ZHbb_bb', 'tt_type', 'outZH_b1_pt', 'outZH_b2_pt', 'outZH_b1_score', 'outZH_b2_score', 'outZH_q1_pt', 'outZH_q2_pt', 'outZH_q1_score', 'outZH_q2_score', 'outZH_b1_q_mindr', 'outZH_b2_q_mindr', 'outZH_q_q_dr_nearb1', 'outZH_q_q_dr_nearb2', 'outZH_qq_M_nearb1', 'outZH_qq_M_nearb2', 'outZH_b1_qq_dr', 'outZH_b2_qq_dr', 'outZH_b1qq_M', 'outZH_b2qq_M', 'ZH_b1qq_dr', 'ZH_b2qq_dr', 'ZH_lbb1qq_dr', 'ZH_lbb2qq_dr', 'l_b2_mtb', 'ZH_closeb_invM', 'n_ak8jets', 'n_ak4jets', 'n_ak8_ZHbb', 'outZH_max_ak8pnetMass', 'outZH_b12_m', 'outZH_b12_dr', 'ht_b', 'ht_outZH', 'ak4_bestb_inZH', 'ak4_worstb_inZH', 'nonZHbb_q1_dr', 'nonZHbb_b1_dr', 'inZHb_outZHb_dr', 'ZH_l_dr', 'ZH_l_invM', 'l_b1_invM', 'l_b2_invM', 'l_b1_dr', 'l_b2_dr', 'spher', 'aplan', 'n_b_inZH', 'n_q_inZH', 'n_b_outZH', 'n_q_outZH', 'ZH_bbvLscore'], flatten=True, store_size=True, fill_none=True, fill_value=-999.0, pos_start=None, pos_end=None)]},
'ttHTobb': {'baseline': [ColOut(collection='events', columns=['process', 'matchedGen_ZHbb_bb', 'tt_type', 'outZH_b1_pt', 'outZH_b2_pt', 'outZH_b1_score', 'outZH_b2_score', 'outZH_q1_pt', 'outZH_q2_pt', 'outZH_q1_score', 'outZH_q2_score', 'outZH_b1_q_mindr', 'outZH_b2_q_mindr', 'outZH_q_q_dr_nearb1', 'outZH_q_q_dr_nearb2', 'outZH_qq_M_nearb1', 'outZH_qq_M_nearb2', 'outZH_b1_qq_dr', 'outZH_b2_qq_dr', 'outZH_b1qq_M', 'outZH_b2qq_M', 'ZH_b1qq_dr', 'ZH_b2qq_dr', 'ZH_lbb1qq_dr', 'ZH_lbb2qq_dr', 'l_b2_mtb', 'ZH_closeb_invM', 'n_ak8jets', 'n_ak4jets', 'n_ak8_ZHbb', 'outZH_max_ak8pnetMass', 'outZH_b12_m', 'outZH_b12_dr', 'ht_b', 'ht_outZH', 'ak4_bestb_inZH', 'ak4_worstb_inZH', 'nonZHbb_q1_dr', 'nonZHbb_b1_dr', 'inZHb_outZHb_dr', 'ZH_l_dr', 'ZH_l_invM', 'l_b1_invM', 'l_b2_invM', 'l_b1_dr', 'l_b2_dr', 'spher', 'aplan', 'n_b_inZH', 'n_q_inZH', 'n_b_outZH', 'n_q_outZH', 'ZH_bbvLscore'], flatten=True, store_size=True, fill_none=True, fill_value=-999.0, pos_start=None, pos_end=None)],
           'btag_mask': [ColOut(collection='events', columns=['process', 'matchedGen_ZHbb_bb', 'tt_type', 'outZH_b1_pt', 'outZH_b2_pt', 'outZH_b1_score', 'outZH_b2_score', 'outZH_q1_pt', 'outZH_q2_pt', 'outZH_q1_score', 'outZH_q2_score', 'outZH_b1_q_mindr', 'outZH_b2_q_mindr', 'outZH_q_q_dr_nearb1', 'outZH_q_q_dr_nearb2', 'outZH_qq_M_nearb1', 'outZH_qq_M_nearb2', 'outZH_b1_qq_dr', 'outZH_b2_qq_dr', 'outZH_b1qq_M', 'outZH_b2qq_M', 'ZH_b1qq_dr', 'ZH_b2qq_dr', 'ZH_lbb1qq_dr', 'ZH_lbb2qq_dr', 'l_b2_mtb', 'ZH_closeb_invM', 'n_ak8jets', 'n_ak4jets', 'n_ak8_ZHbb', 'outZH_max_ak8pnetMass', 'outZH_b12_m', 'outZH_b12_dr', 'ht_b', 'ht_outZH', 'ak4_bestb_inZH', 'ak4_worstb_inZH', 'nonZHbb_q1_dr', 'nonZHbb_b1_dr', 'inZHb_outZHb_dr', 'ZH_l_dr', 'ZH_l_invM', 'l_b1_invM', 'l_b2_invM', 'l_b1_dr', 'l_b2_dr', 'spher', 'aplan', 'n_b_inZH', 'n_q_inZH', 'n_b_outZH', 'n_q_outZH', 'ZH_bbvLscore'], flatten=True, store_size=True, fill_none=True, fill_value=-999.0, pos_start=None, pos_end=None)]}}
  - available weights variations: {'TTZToBB': ['pileup', 'nominal'],
'TTZToLLNuNu': ['pileup', 'nominal'],
'TTZToQQ': ['pileup', 'nominal'],
'ttHToNonbb': ['pileup', 'nominal'],
'ttHTobb': ['pileup', 'nominal']} 
  - available shape variations: {'TTZToBB': [],
'TTZToLLNuNu': [],
'TTZToQQ': [],
'ttHToNonbb': [],
'ttHTobb': []}
[INFO    ] Configurator instance:
  - Workflow: <class 'zhbbworkflow.ZHbbBaseProcessor'>
  - Workflow options: {}
  - N. datasets: 5 
   -- Dataset: ttHTobb_M125_M125_2017,  Sample: ttHTobb, N. files: 46, N. events: 7825000
   -- Dataset: ttHToNonbb_M125_M125_2017,  Sample: ttHToNonbb, N. files: 35, N. events: 5070989
   -- Dataset: TTZToBB__2017,  Sample: TTZToBB, N. files: 26, N. events: 7074000
   -- Dataset: TTZToQQ__2017,  Sample: TTZToQQ, N. files: 35, N. events: 13822000
   -- Dataset: TTZToLLNuNu__2017,  Sample: TTZToLLNuNu, N. files: 19, N. events: 14036000
  - Subsamples:
   -- Sample ttHTobb: StandardSelection ['ttHTobb'], (1 categories)
   -- Sample ttHToNonbb: StandardSelection ['ttHToNonbb'], (1 categories)
   -- Sample TTZToBB: StandardSelection ['TTZToBB'], (1 categories)
   -- Sample TTZToQQ: StandardSelection ['TTZToQQ'], (1 categories)
   -- Sample TTZToLLNuNu: StandardSelection ['TTZToLLNuNu'], (1 categories)
  - Skim: ['preSkimCut']
  - Preselection: ['eventSelection']
  - Categories: StandardSelection ['baseline', 'btag_mask'], (2 categories)
  - Variables:  ['mAK8', 'zhbbtag', 'zhbbtag_sorted', 'outZH_b1_pt']
  - Columns: {'TTZToBB': {'baseline': [ColOut(collection='events', columns=['process', 'matchedGen_ZHbb_bb', 'tt_type', 'outZH_b1_pt', 'outZH_b2_pt', 'outZH_b1_score', 'outZH_b2_score', 'outZH_q1_pt', 'outZH_q2_pt', 'outZH_q1_score', 'outZH_q2_score', 'outZH_b1_q_mindr', 'outZH_b2_q_mindr', 'outZH_q_q_dr_nearb1', 'outZH_q_q_dr_nearb2', 'outZH_qq_M_nearb1', 'outZH_qq_M_nearb2', 'outZH_b1_qq_dr', 'outZH_b2_qq_dr', 'outZH_b1qq_M', 'outZH_b2qq_M', 'ZH_b1qq_dr', 'ZH_b2qq_dr', 'ZH_lbb1qq_dr', 'ZH_lbb2qq_dr', 'l_b2_mtb', 'ZH_closeb_invM', 'n_ak8jets', 'n_ak4jets', 'n_ak8_ZHbb', 'outZH_max_ak8pnetMass', 'outZH_b12_m', 'outZH_b12_dr', 'ht_b', 'ht_outZH', 'ak4_bestb_inZH', 'ak4_worstb_inZH', 'nonZHbb_q1_dr', 'nonZHbb_b1_dr', 'inZHb_outZHb_dr', 'ZH_l_dr', 'ZH_l_invM', 'l_b1_invM', 'l_b2_invM', 'l_b1_dr', 'l_b2_dr', 'spher', 'aplan', 'n_b_inZH', 'n_q_inZH', 'n_b_outZH', 'n_q_outZH', 'ZH_bbvLscore'], flatten=True, store_size=True, fill_none=True, fill_value=-999.0, pos_start=None, pos_end=None)],
           'btag_mask': [ColOut(collection='events', columns=['process', 'matchedGen_ZHbb_bb', 'tt_type', 'outZH_b1_pt', 'outZH_b2_pt', 'outZH_b1_score', 'outZH_b2_score', 'outZH_q1_pt', 'outZH_q2_pt', 'outZH_q1_score', 'outZH_q2_score', 'outZH_b1_q_mindr', 'outZH_b2_q_mindr', 'outZH_q_q_dr_nearb1', 'outZH_q_q_dr_nearb2', 'outZH_qq_M_nearb1', 'outZH_qq_M_nearb2', 'outZH_b1_qq_dr', 'outZH_b2_qq_dr', 'outZH_b1qq_M', 'outZH_b2qq_M', 'ZH_b1qq_dr', 'ZH_b2qq_dr', 'ZH_lbb1qq_dr', 'ZH_lbb2qq_dr', 'l_b2_mtb', 'ZH_closeb_invM', 'n_ak8jets', 'n_ak4jets', 'n_ak8_ZHbb', 'outZH_max_ak8pnetMass', 'outZH_b12_m', 'outZH_b12_dr', 'ht_b', 'ht_outZH', 'ak4_bestb_inZH', 'ak4_worstb_inZH', 'nonZHbb_q1_dr', 'nonZHbb_b1_dr', 'inZHb_outZHb_dr', 'ZH_l_dr', 'ZH_l_invM', 'l_b1_invM', 'l_b2_invM', 'l_b1_dr', 'l_b2_dr', 'spher', 'aplan', 'n_b_inZH', 'n_q_inZH', 'n_b_outZH', 'n_q_outZH', 'ZH_bbvLscore'], flatten=True, store_size=True, fill_none=True, fill_value=-999.0, pos_start=None, pos_end=None)]},
'TTZToLLNuNu': {'baseline': [ColOut(collection='events', columns=['process', 'matchedGen_ZHbb_bb', 'tt_type', 'outZH_b1_pt', 'outZH_b2_pt', 'outZH_b1_score', 'outZH_b2_score', 'outZH_q1_pt', 'outZH_q2_pt', 'outZH_q1_score', 'outZH_q2_score', 'outZH_b1_q_mindr', 'outZH_b2_q_mindr', 'outZH_q_q_dr_nearb1', 'outZH_q_q_dr_nearb2', 'outZH_qq_M_nearb1', 'outZH_qq_M_nearb2', 'outZH_b1_qq_dr', 'outZH_b2_qq_dr', 'outZH_b1qq_M', 'outZH_b2qq_M', 'ZH_b1qq_dr', 'ZH_b2qq_dr', 'ZH_lbb1qq_dr', 'ZH_lbb2qq_dr', 'l_b2_mtb', 'ZH_closeb_invM', 'n_ak8jets', 'n_ak4jets', 'n_ak8_ZHbb', 'outZH_max_ak8pnetMass', 'outZH_b12_m', 'outZH_b12_dr', 'ht_b', 'ht_outZH', 'ak4_bestb_inZH', 'ak4_worstb_inZH', 'nonZHbb_q1_dr', 'nonZHbb_b1_dr', 'inZHb_outZHb_dr', 'ZH_l_dr', 'ZH_l_invM', 'l_b1_invM', 'l_b2_invM', 'l_b1_dr', 'l_b2_dr', 'spher', 'aplan', 'n_b_inZH', 'n_q_inZH', 'n_b_outZH', 'n_q_outZH', 'ZH_bbvLscore'], flatten=True, store_size=True, fill_none=True, fill_value=-999.0, pos_start=None, pos_end=None)],
               'btag_mask': [ColOut(collection='events', columns=['process', 'matchedGen_ZHbb_bb', 'tt_type', 'outZH_b1_pt', 'outZH_b2_pt', 'outZH_b1_score', 'outZH_b2_score', 'outZH_q1_pt', 'outZH_q2_pt', 'outZH_q1_score', 'outZH_q2_score', 'outZH_b1_q_mindr', 'outZH_b2_q_mindr', 'outZH_q_q_dr_nearb1', 'outZH_q_q_dr_nearb2', 'outZH_qq_M_nearb1', 'outZH_qq_M_nearb2', 'outZH_b1_qq_dr', 'outZH_b2_qq_dr', 'outZH_b1qq_M', 'outZH_b2qq_M', 'ZH_b1qq_dr', 'ZH_b2qq_dr', 'ZH_lbb1qq_dr', 'ZH_lbb2qq_dr', 'l_b2_mtb', 'ZH_closeb_invM', 'n_ak8jets', 'n_ak4jets', 'n_ak8_ZHbb', 'outZH_max_ak8pnetMass', 'outZH_b12_m', 'outZH_b12_dr', 'ht_b', 'ht_outZH', 'ak4_bestb_inZH', 'ak4_worstb_inZH', 'nonZHbb_q1_dr', 'nonZHbb_b1_dr', 'inZHb_outZHb_dr', 'ZH_l_dr', 'ZH_l_invM', 'l_b1_invM', 'l_b2_invM', 'l_b1_dr', 'l_b2_dr', 'spher', 'aplan', 'n_b_inZH', 'n_q_inZH', 'n_b_outZH', 'n_q_outZH', 'ZH_bbvLscore'], flatten=True, store_size=True, fill_none=True, fill_value=-999.0, pos_start=None, pos_end=None)]},
'TTZToQQ': {'baseline': [ColOut(collection='events', columns=['process', 'matchedGen_ZHbb_bb', 'tt_type', 'outZH_b1_pt', 'outZH_b2_pt', 'outZH_b1_score', 'outZH_b2_score', 'outZH_q1_pt', 'outZH_q2_pt', 'outZH_q1_score', 'outZH_q2_score', 'outZH_b1_q_mindr', 'outZH_b2_q_mindr', 'outZH_q_q_dr_nearb1', 'outZH_q_q_dr_nearb2', 'outZH_qq_M_nearb1', 'outZH_qq_M_nearb2', 'outZH_b1_qq_dr', 'outZH_b2_qq_dr', 'outZH_b1qq_M', 'outZH_b2qq_M', 'ZH_b1qq_dr', 'ZH_b2qq_dr', 'ZH_lbb1qq_dr', 'ZH_lbb2qq_dr', 'l_b2_mtb', 'ZH_closeb_invM', 'n_ak8jets', 'n_ak4jets', 'n_ak8_ZHbb', 'outZH_max_ak8pnetMass', 'outZH_b12_m', 'outZH_b12_dr', 'ht_b', 'ht_outZH', 'ak4_bestb_inZH', 'ak4_worstb_inZH', 'nonZHbb_q1_dr', 'nonZHbb_b1_dr', 'inZHb_outZHb_dr', 'ZH_l_dr', 'ZH_l_invM', 'l_b1_invM', 'l_b2_invM', 'l_b1_dr', 'l_b2_dr', 'spher', 'aplan', 'n_b_inZH', 'n_q_inZH', 'n_b_outZH', 'n_q_outZH', 'ZH_bbvLscore'], flatten=True, store_size=True, fill_none=True, fill_value=-999.0, pos_start=None, pos_end=None)],
           'btag_mask': [ColOut(collection='events', columns=['process', 'matchedGen_ZHbb_bb', 'tt_type', 'outZH_b1_pt', 'outZH_b2_pt', 'outZH_b1_score', 'outZH_b2_score', 'outZH_q1_pt', 'outZH_q2_pt', 'outZH_q1_score', 'outZH_q2_score', 'outZH_b1_q_mindr', 'outZH_b2_q_mindr', 'outZH_q_q_dr_nearb1', 'outZH_q_q_dr_nearb2', 'outZH_qq_M_nearb1', 'outZH_qq_M_nearb2', 'outZH_b1_qq_dr', 'outZH_b2_qq_dr', 'outZH_b1qq_M', 'outZH_b2qq_M', 'ZH_b1qq_dr', 'ZH_b2qq_dr', 'ZH_lbb1qq_dr', 'ZH_lbb2qq_dr', 'l_b2_mtb', 'ZH_closeb_invM', 'n_ak8jets', 'n_ak4jets', 'n_ak8_ZHbb', 'outZH_max_ak8pnetMass', 'outZH_b12_m', 'outZH_b12_dr', 'ht_b', 'ht_outZH', 'ak4_bestb_inZH', 'ak4_worstb_inZH', 'nonZHbb_q1_dr', 'nonZHbb_b1_dr', 'inZHb_outZHb_dr', 'ZH_l_dr', 'ZH_l_invM', 'l_b1_invM', 'l_b2_invM', 'l_b1_dr', 'l_b2_dr', 'spher', 'aplan', 'n_b_inZH', 'n_q_inZH', 'n_b_outZH', 'n_q_outZH', 'ZH_bbvLscore'], flatten=True, store_size=True, fill_none=True, fill_value=-999.0, pos_start=None, pos_end=None)]},
'ttHToNonbb': {'baseline': [ColOut(collection='events', columns=['process', 'matchedGen_ZHbb_bb', 'tt_type', 'outZH_b1_pt', 'outZH_b2_pt', 'outZH_b1_score', 'outZH_b2_score', 'outZH_q1_pt', 'outZH_q2_pt', 'outZH_q1_score', 'outZH_q2_score', 'outZH_b1_q_mindr', 'outZH_b2_q_mindr', 'outZH_q_q_dr_nearb1', 'outZH_q_q_dr_nearb2', 'outZH_qq_M_nearb1', 'outZH_qq_M_nearb2', 'outZH_b1_qq_dr', 'outZH_b2_qq_dr', 'outZH_b1qq_M', 'outZH_b2qq_M', 'ZH_b1qq_dr', 'ZH_b2qq_dr', 'ZH_lbb1qq_dr', 'ZH_lbb2qq_dr', 'l_b2_mtb', 'ZH_closeb_invM', 'n_ak8jets', 'n_ak4jets', 'n_ak8_ZHbb', 'outZH_max_ak8pnetMass', 'outZH_b12_m', 'outZH_b12_dr', 'ht_b', 'ht_outZH', 'ak4_bestb_inZH', 'ak4_worstb_inZH', 'nonZHbb_q1_dr', 'nonZHbb_b1_dr', 'inZHb_outZHb_dr', 'ZH_l_dr', 'ZH_l_invM', 'l_b1_invM', 'l_b2_invM', 'l_b1_dr', 'l_b2_dr', 'spher', 'aplan', 'n_b_inZH', 'n_q_inZH', 'n_b_outZH', 'n_q_outZH', 'ZH_bbvLscore'], flatten=True, store_size=True, fill_none=True, fill_value=-999.0, pos_start=None, pos_end=None)],
              'btag_mask': [ColOut(collection='events', columns=['process', 'matchedGen_ZHbb_bb', 'tt_type', 'outZH_b1_pt', 'outZH_b2_pt', 'outZH_b1_score', 'outZH_b2_score', 'outZH_q1_pt', 'outZH_q2_pt', 'outZH_q1_score', 'outZH_q2_score', 'outZH_b1_q_mindr', 'outZH_b2_q_mindr', 'outZH_q_q_dr_nearb1', 'outZH_q_q_dr_nearb2', 'outZH_qq_M_nearb1', 'outZH_qq_M_nearb2', 'outZH_b1_qq_dr', 'outZH_b2_qq_dr', 'outZH_b1qq_M', 'outZH_b2qq_M', 'ZH_b1qq_dr', 'ZH_b2qq_dr', 'ZH_lbb1qq_dr', 'ZH_lbb2qq_dr', 'l_b2_mtb', 'ZH_closeb_invM', 'n_ak8jets', 'n_ak4jets', 'n_ak8_ZHbb', 'outZH_max_ak8pnetMass', 'outZH_b12_m', 'outZH_b12_dr', 'ht_b', 'ht_outZH', 'ak4_bestb_inZH', 'ak4_worstb_inZH', 'nonZHbb_q1_dr', 'nonZHbb_b1_dr', 'inZHb_outZHb_dr', 'ZH_l_dr', 'ZH_l_invM', 'l_b1_invM', 'l_b2_invM', 'l_b1_dr', 'l_b2_dr', 'spher', 'aplan', 'n_b_inZH', 'n_q_inZH', 'n_b_outZH', 'n_q_outZH', 'ZH_bbvLscore'], flatten=True, store_size=True, fill_none=True, fill_value=-999.0, pos_start=None, pos_end=None)]},
'ttHTobb': {'baseline': [ColOut(collection='events', columns=['process', 'matchedGen_ZHbb_bb', 'tt_type', 'outZH_b1_pt', 'outZH_b2_pt', 'outZH_b1_score', 'outZH_b2_score', 'outZH_q1_pt', 'outZH_q2_pt', 'outZH_q1_score', 'outZH_q2_score', 'outZH_b1_q_mindr', 'outZH_b2_q_mindr', 'outZH_q_q_dr_nearb1', 'outZH_q_q_dr_nearb2', 'outZH_qq_M_nearb1', 'outZH_qq_M_nearb2', 'outZH_b1_qq_dr', 'outZH_b2_qq_dr', 'outZH_b1qq_M', 'outZH_b2qq_M', 'ZH_b1qq_dr', 'ZH_b2qq_dr', 'ZH_lbb1qq_dr', 'ZH_lbb2qq_dr', 'l_b2_mtb', 'ZH_closeb_invM', 'n_ak8jets', 'n_ak4jets', 'n_ak8_ZHbb', 'outZH_max_ak8pnetMass', 'outZH_b12_m', 'outZH_b12_dr', 'ht_b', 'ht_outZH', 'ak4_bestb_inZH', 'ak4_worstb_inZH', 'nonZHbb_q1_dr', 'nonZHbb_b1_dr', 'inZHb_outZHb_dr', 'ZH_l_dr', 'ZH_l_invM', 'l_b1_invM', 'l_b2_invM', 'l_b1_dr', 'l_b2_dr', 'spher', 'aplan', 'n_b_inZH', 'n_q_inZH', 'n_b_outZH', 'n_q_outZH', 'ZH_bbvLscore'], flatten=True, store_size=True, fill_none=True, fill_value=-999.0, pos_start=None, pos_end=None)],
           'btag_mask': [ColOut(collection='events', columns=['process', 'matchedGen_ZHbb_bb', 'tt_type', 'outZH_b1_pt', 'outZH_b2_pt', 'outZH_b1_score', 'outZH_b2_score', 'outZH_q1_pt', 'outZH_q2_pt', 'outZH_q1_score', 'outZH_q2_score', 'outZH_b1_q_mindr', 'outZH_b2_q_mindr', 'outZH_q_q_dr_nearb1', 'outZH_q_q_dr_nearb2', 'outZH_qq_M_nearb1', 'outZH_qq_M_nearb2', 'outZH_b1_qq_dr', 'outZH_b2_qq_dr', 'outZH_b1qq_M', 'outZH_b2qq_M', 'ZH_b1qq_dr', 'ZH_b2qq_dr', 'ZH_lbb1qq_dr', 'ZH_lbb2qq_dr', 'l_b2_mtb', 'ZH_closeb_invM', 'n_ak8jets', 'n_ak4jets', 'n_ak8_ZHbb', 'outZH_max_ak8pnetMass', 'outZH_b12_m', 'outZH_b12_dr', 'ht_b', 'ht_outZH', 'ak4_bestb_inZH', 'ak4_worstb_inZH', 'nonZHbb_q1_dr', 'nonZHbb_b1_dr', 'inZHb_outZHb_dr', 'ZH_l_dr', 'ZH_l_invM', 'l_b1_invM', 'l_b2_invM', 'l_b1_dr', 'l_b2_dr', 'spher', 'aplan', 'n_b_inZH', 'n_q_inZH', 'n_b_outZH', 'n_q_outZH', 'ZH_bbvLscore'], flatten=True, store_size=True, fill_none=True, fill_value=-999.0, pos_start=None, pos_end=None)]}}
  - available weights variations: {'TTZToBB': ['nominal', 'pileup'],
'TTZToLLNuNu': ['nominal', 'pileup'],
'TTZToQQ': ['nominal', 'pileup'],
'ttHToNonbb': ['nominal', 'pileup'],
'ttHTobb': ['nominal', 'pileup']} 
  - available shape variations: {'TTZToBB': [],
'TTZToLLNuNu': [],
'TTZToQQ': [],
'ttHToNonbb': [],
'ttHTobb': []}
[INFO    ] Configurator instance:
  - Workflow: <class 'zhbbworkflow.ZHbbBaseProcessor'>
  - Workflow options: {}
  - N. datasets: 11 
   -- Dataset: ttHTobb_M125_M125_2017,  Sample: ttHTobb, N. files: 46, N. events: 7825000
   -- Dataset: ttHToNonbb_M125_M125_2017,  Sample: ttHToNonbb, N. files: 35, N. events: 5070989
   -- Dataset: TTZToBB__2017,  Sample: TTZToBB, N. files: 26, N. events: 7074000
   -- Dataset: TTZToQQ__2017,  Sample: TTZToQQ, N. files: 35, N. events: 13822000
   -- Dataset: TTZToLLNuNu__2017,  Sample: TTZToLLNuNu, N. files: 19, N. events: 14036000
   -- Dataset: TTbb_Hadronic__2017,  Sample: TTbb_Hadronic, N. files: 9, N. events: 5694656
   -- Dataset: TTbb_2L2Nu__2017,  Sample: TTbb_2L2Nu, N. files: 7, N. events: 3472503
   -- Dataset: TTbb_SemiLeptonic__2017,  Sample: TTbb_SemiLeptonic, N. files: 12, N. events: 7318891
   -- Dataset: TTToHadronic__2017,  Sample: TTToHadronic, N. files: 199, N. events: 232999999
   -- Dataset: TTTo2L2Nu__2017,  Sample: TTTo2L2Nu, N. files: 99, N. events: 106724000
   -- Dataset: TTToSemiLeptonic__2017,  Sample: TTToSemiLeptonic, N. files: 297, N. events: 346052000
  - Subsamples:
   -- Sample ttHTobb: StandardSelection ['ttHTobb'], (1 categories)
   -- Sample ttHToNonbb: StandardSelection ['ttHToNonbb'], (1 categories)
   -- Sample TTZToBB: StandardSelection ['TTZToBB'], (1 categories)
   -- Sample TTZToQQ: StandardSelection ['TTZToQQ'], (1 categories)
   -- Sample TTZToLLNuNu: StandardSelection ['TTZToLLNuNu'], (1 categories)
   -- Sample TTbb_Hadronic: StandardSelection ['TTbb_Hadronic'], (1 categories)
   -- Sample TTbb_2L2Nu: StandardSelection ['TTbb_2L2Nu'], (1 categories)
   -- Sample TTbb_SemiLeptonic: StandardSelection ['TTbb_SemiLeptonic'], (1 categories)
   -- Sample TTToHadronic: StandardSelection ['TTToHadronic'], (1 categories)
   -- Sample TTTo2L2Nu: StandardSelection ['TTTo2L2Nu'], (1 categories)
   -- Sample TTToSemiLeptonic: StandardSelection ['TTToSemiLeptonic'], (1 categories)
  - Skim: ['preSkimCut']
  - Preselection: ['eventSelection']
  - Categories: StandardSelection ['baseline', 'btag_mask'], (2 categories)
  - Variables:  ['mAK8', 'zhbbtag', 'zhbbtag_sorted', 'outZH_b1_pt']
  - Columns: {'TTTo2L2Nu': {'baseline': [ColOut(collection='events', columns=['process', 'matchedGen_ZHbb_bb', 'tt_type', 'outZH_b1_pt', 'outZH_b2_pt', 'outZH_b1_score', 'outZH_b2_score', 'outZH_q1_pt', 'outZH_q2_pt', 'outZH_q1_score', 'outZH_q2_score', 'outZH_b1_q_mindr', 'outZH_b2_q_mindr', 'outZH_q_q_dr_nearb1', 'outZH_q_q_dr_nearb2', 'outZH_qq_M_nearb1', 'outZH_qq_M_nearb2', 'outZH_b1_qq_dr', 'outZH_b2_qq_dr', 'outZH_b1qq_M', 'outZH_b2qq_M', 'ZH_b1qq_dr', 'ZH_b2qq_dr', 'ZH_lbb1qq_dr', 'ZH_lbb2qq_dr', 'l_b2_mtb', 'ZH_closeb_invM', 'n_ak8jets', 'n_ak4jets', 'n_ak8_ZHbb', 'outZH_max_ak8pnetMass', 'outZH_b12_m', 'outZH_b12_dr', 'ht_b', 'ht_outZH', 'ak4_bestb_inZH', 'ak4_worstb_inZH', 'nonZHbb_q1_dr', 'nonZHbb_b1_dr', 'inZHb_outZHb_dr', 'ZH_l_dr', 'ZH_l_invM', 'l_b1_invM', 'l_b2_invM', 'l_b1_dr', 'l_b2_dr', 'spher', 'aplan', 'n_b_inZH', 'n_q_inZH', 'n_b_outZH', 'n_q_outZH', 'ZH_bbvLscore'], flatten=True, store_size=True, fill_none=True, fill_value=-999.0, pos_start=None, pos_end=None)],
             'btag_mask': [ColOut(collection='events', columns=['process', 'matchedGen_ZHbb_bb', 'tt_type', 'outZH_b1_pt', 'outZH_b2_pt', 'outZH_b1_score', 'outZH_b2_score', 'outZH_q1_pt', 'outZH_q2_pt', 'outZH_q1_score', 'outZH_q2_score', 'outZH_b1_q_mindr', 'outZH_b2_q_mindr', 'outZH_q_q_dr_nearb1', 'outZH_q_q_dr_nearb2', 'outZH_qq_M_nearb1', 'outZH_qq_M_nearb2', 'outZH_b1_qq_dr', 'outZH_b2_qq_dr', 'outZH_b1qq_M', 'outZH_b2qq_M', 'ZH_b1qq_dr', 'ZH_b2qq_dr', 'ZH_lbb1qq_dr', 'ZH_lbb2qq_dr', 'l_b2_mtb', 'ZH_closeb_invM', 'n_ak8jets', 'n_ak4jets', 'n_ak8_ZHbb', 'outZH_max_ak8pnetMass', 'outZH_b12_m', 'outZH_b12_dr', 'ht_b', 'ht_outZH', 'ak4_bestb_inZH', 'ak4_worstb_inZH', 'nonZHbb_q1_dr', 'nonZHbb_b1_dr', 'inZHb_outZHb_dr', 'ZH_l_dr', 'ZH_l_invM', 'l_b1_invM', 'l_b2_invM', 'l_b1_dr', 'l_b2_dr', 'spher', 'aplan', 'n_b_inZH', 'n_q_inZH', 'n_b_outZH', 'n_q_outZH', 'ZH_bbvLscore'], flatten=True, store_size=True, fill_none=True, fill_value=-999.0, pos_start=None, pos_end=None)]},
'TTToHadronic': {'baseline': [ColOut(collection='events', columns=['process', 'matchedGen_ZHbb_bb', 'tt_type', 'outZH_b1_pt', 'outZH_b2_pt', 'outZH_b1_score', 'outZH_b2_score', 'outZH_q1_pt', 'outZH_q2_pt', 'outZH_q1_score', 'outZH_q2_score', 'outZH_b1_q_mindr', 'outZH_b2_q_mindr', 'outZH_q_q_dr_nearb1', 'outZH_q_q_dr_nearb2', 'outZH_qq_M_nearb1', 'outZH_qq_M_nearb2', 'outZH_b1_qq_dr', 'outZH_b2_qq_dr', 'outZH_b1qq_M', 'outZH_b2qq_M', 'ZH_b1qq_dr', 'ZH_b2qq_dr', 'ZH_lbb1qq_dr', 'ZH_lbb2qq_dr', 'l_b2_mtb', 'ZH_closeb_invM', 'n_ak8jets', 'n_ak4jets', 'n_ak8_ZHbb', 'outZH_max_ak8pnetMass', 'outZH_b12_m', 'outZH_b12_dr', 'ht_b', 'ht_outZH', 'ak4_bestb_inZH', 'ak4_worstb_inZH', 'nonZHbb_q1_dr', 'nonZHbb_b1_dr', 'inZHb_outZHb_dr', 'ZH_l_dr', 'ZH_l_invM', 'l_b1_invM', 'l_b2_invM', 'l_b1_dr', 'l_b2_dr', 'spher', 'aplan', 'n_b_inZH', 'n_q_inZH', 'n_b_outZH', 'n_q_outZH', 'ZH_bbvLscore'], flatten=True, store_size=True, fill_none=True, fill_value=-999.0, pos_start=None, pos_end=None)],
                'btag_mask': [ColOut(collection='events', columns=['process', 'matchedGen_ZHbb_bb', 'tt_type', 'outZH_b1_pt', 'outZH_b2_pt', 'outZH_b1_score', 'outZH_b2_score', 'outZH_q1_pt', 'outZH_q2_pt', 'outZH_q1_score', 'outZH_q2_score', 'outZH_b1_q_mindr', 'outZH_b2_q_mindr', 'outZH_q_q_dr_nearb1', 'outZH_q_q_dr_nearb2', 'outZH_qq_M_nearb1', 'outZH_qq_M_nearb2', 'outZH_b1_qq_dr', 'outZH_b2_qq_dr', 'outZH_b1qq_M', 'outZH_b2qq_M', 'ZH_b1qq_dr', 'ZH_b2qq_dr', 'ZH_lbb1qq_dr', 'ZH_lbb2qq_dr', 'l_b2_mtb', 'ZH_closeb_invM', 'n_ak8jets', 'n_ak4jets', 'n_ak8_ZHbb', 'outZH_max_ak8pnetMass', 'outZH_b12_m', 'outZH_b12_dr', 'ht_b', 'ht_outZH', 'ak4_bestb_inZH', 'ak4_worstb_inZH', 'nonZHbb_q1_dr', 'nonZHbb_b1_dr', 'inZHb_outZHb_dr', 'ZH_l_dr', 'ZH_l_invM', 'l_b1_invM', 'l_b2_invM', 'l_b1_dr', 'l_b2_dr', 'spher', 'aplan', 'n_b_inZH', 'n_q_inZH', 'n_b_outZH', 'n_q_outZH', 'ZH_bbvLscore'], flatten=True, store_size=True, fill_none=True, fill_value=-999.0, pos_start=None, pos_end=None)]},
'TTToSemiLeptonic': {'baseline': [ColOut(collection='events', columns=['process', 'matchedGen_ZHbb_bb', 'tt_type', 'outZH_b1_pt', 'outZH_b2_pt', 'outZH_b1_score', 'outZH_b2_score', 'outZH_q1_pt', 'outZH_q2_pt', 'outZH_q1_score', 'outZH_q2_score', 'outZH_b1_q_mindr', 'outZH_b2_q_mindr', 'outZH_q_q_dr_nearb1', 'outZH_q_q_dr_nearb2', 'outZH_qq_M_nearb1', 'outZH_qq_M_nearb2', 'outZH_b1_qq_dr', 'outZH_b2_qq_dr', 'outZH_b1qq_M', 'outZH_b2qq_M', 'ZH_b1qq_dr', 'ZH_b2qq_dr', 'ZH_lbb1qq_dr', 'ZH_lbb2qq_dr', 'l_b2_mtb', 'ZH_closeb_invM', 'n_ak8jets', 'n_ak4jets', 'n_ak8_ZHbb', 'outZH_max_ak8pnetMass', 'outZH_b12_m', 'outZH_b12_dr', 'ht_b', 'ht_outZH', 'ak4_bestb_inZH', 'ak4_worstb_inZH', 'nonZHbb_q1_dr', 'nonZHbb_b1_dr', 'inZHb_outZHb_dr', 'ZH_l_dr', 'ZH_l_invM', 'l_b1_invM', 'l_b2_invM', 'l_b1_dr', 'l_b2_dr', 'spher', 'aplan', 'n_b_inZH', 'n_q_inZH', 'n_b_outZH', 'n_q_outZH', 'ZH_bbvLscore'], flatten=True, store_size=True, fill_none=True, fill_value=-999.0, pos_start=None, pos_end=None)],
                    'btag_mask': [ColOut(collection='events', columns=['process', 'matchedGen_ZHbb_bb', 'tt_type', 'outZH_b1_pt', 'outZH_b2_pt', 'outZH_b1_score', 'outZH_b2_score', 'outZH_q1_pt', 'outZH_q2_pt', 'outZH_q1_score', 'outZH_q2_score', 'outZH_b1_q_mindr', 'outZH_b2_q_mindr', 'outZH_q_q_dr_nearb1', 'outZH_q_q_dr_nearb2', 'outZH_qq_M_nearb1', 'outZH_qq_M_nearb2', 'outZH_b1_qq_dr', 'outZH_b2_qq_dr', 'outZH_b1qq_M', 'outZH_b2qq_M', 'ZH_b1qq_dr', 'ZH_b2qq_dr', 'ZH_lbb1qq_dr', 'ZH_lbb2qq_dr', 'l_b2_mtb', 'ZH_closeb_invM', 'n_ak8jets', 'n_ak4jets', 'n_ak8_ZHbb', 'outZH_max_ak8pnetMass', 'outZH_b12_m', 'outZH_b12_dr', 'ht_b', 'ht_outZH', 'ak4_bestb_inZH', 'ak4_worstb_inZH', 'nonZHbb_q1_dr', 'nonZHbb_b1_dr', 'inZHb_outZHb_dr', 'ZH_l_dr', 'ZH_l_invM', 'l_b1_invM', 'l_b2_invM', 'l_b1_dr', 'l_b2_dr', 'spher', 'aplan', 'n_b_inZH', 'n_q_inZH', 'n_b_outZH', 'n_q_outZH', 'ZH_bbvLscore'], flatten=True, store_size=True, fill_none=True, fill_value=-999.0, pos_start=None, pos_end=None)]},
'TTZToBB': {'baseline': [ColOut(collection='events', columns=['process', 'matchedGen_ZHbb_bb', 'tt_type', 'outZH_b1_pt', 'outZH_b2_pt', 'outZH_b1_score', 'outZH_b2_score', 'outZH_q1_pt', 'outZH_q2_pt', 'outZH_q1_score', 'outZH_q2_score', 'outZH_b1_q_mindr', 'outZH_b2_q_mindr', 'outZH_q_q_dr_nearb1', 'outZH_q_q_dr_nearb2', 'outZH_qq_M_nearb1', 'outZH_qq_M_nearb2', 'outZH_b1_qq_dr', 'outZH_b2_qq_dr', 'outZH_b1qq_M', 'outZH_b2qq_M', 'ZH_b1qq_dr', 'ZH_b2qq_dr', 'ZH_lbb1qq_dr', 'ZH_lbb2qq_dr', 'l_b2_mtb', 'ZH_closeb_invM', 'n_ak8jets', 'n_ak4jets', 'n_ak8_ZHbb', 'outZH_max_ak8pnetMass', 'outZH_b12_m', 'outZH_b12_dr', 'ht_b', 'ht_outZH', 'ak4_bestb_inZH', 'ak4_worstb_inZH', 'nonZHbb_q1_dr', 'nonZHbb_b1_dr', 'inZHb_outZHb_dr', 'ZH_l_dr', 'ZH_l_invM', 'l_b1_invM', 'l_b2_invM', 'l_b1_dr', 'l_b2_dr', 'spher', 'aplan', 'n_b_inZH', 'n_q_inZH', 'n_b_outZH', 'n_q_outZH', 'ZH_bbvLscore'], flatten=True, store_size=True, fill_none=True, fill_value=-999.0, pos_start=None, pos_end=None)],
           'btag_mask': [ColOut(collection='events', columns=['process', 'matchedGen_ZHbb_bb', 'tt_type', 'outZH_b1_pt', 'outZH_b2_pt', 'outZH_b1_score', 'outZH_b2_score', 'outZH_q1_pt', 'outZH_q2_pt', 'outZH_q1_score', 'outZH_q2_score', 'outZH_b1_q_mindr', 'outZH_b2_q_mindr', 'outZH_q_q_dr_nearb1', 'outZH_q_q_dr_nearb2', 'outZH_qq_M_nearb1', 'outZH_qq_M_nearb2', 'outZH_b1_qq_dr', 'outZH_b2_qq_dr', 'outZH_b1qq_M', 'outZH_b2qq_M', 'ZH_b1qq_dr', 'ZH_b2qq_dr', 'ZH_lbb1qq_dr', 'ZH_lbb2qq_dr', 'l_b2_mtb', 'ZH_closeb_invM', 'n_ak8jets', 'n_ak4jets', 'n_ak8_ZHbb', 'outZH_max_ak8pnetMass', 'outZH_b12_m', 'outZH_b12_dr', 'ht_b', 'ht_outZH', 'ak4_bestb_inZH', 'ak4_worstb_inZH', 'nonZHbb_q1_dr', 'nonZHbb_b1_dr', 'inZHb_outZHb_dr', 'ZH_l_dr', 'ZH_l_invM', 'l_b1_invM', 'l_b2_invM', 'l_b1_dr', 'l_b2_dr', 'spher', 'aplan', 'n_b_inZH', 'n_q_inZH', 'n_b_outZH', 'n_q_outZH', 'ZH_bbvLscore'], flatten=True, store_size=True, fill_none=True, fill_value=-999.0, pos_start=None, pos_end=None)]},
'TTZToLLNuNu': {'baseline': [ColOut(collection='events', columns=['process', 'matchedGen_ZHbb_bb', 'tt_type', 'outZH_b1_pt', 'outZH_b2_pt', 'outZH_b1_score', 'outZH_b2_score', 'outZH_q1_pt', 'outZH_q2_pt', 'outZH_q1_score', 'outZH_q2_score', 'outZH_b1_q_mindr', 'outZH_b2_q_mindr', 'outZH_q_q_dr_nearb1', 'outZH_q_q_dr_nearb2', 'outZH_qq_M_nearb1', 'outZH_qq_M_nearb2', 'outZH_b1_qq_dr', 'outZH_b2_qq_dr', 'outZH_b1qq_M', 'outZH_b2qq_M', 'ZH_b1qq_dr', 'ZH_b2qq_dr', 'ZH_lbb1qq_dr', 'ZH_lbb2qq_dr', 'l_b2_mtb', 'ZH_closeb_invM', 'n_ak8jets', 'n_ak4jets', 'n_ak8_ZHbb', 'outZH_max_ak8pnetMass', 'outZH_b12_m', 'outZH_b12_dr', 'ht_b', 'ht_outZH', 'ak4_bestb_inZH', 'ak4_worstb_inZH', 'nonZHbb_q1_dr', 'nonZHbb_b1_dr', 'inZHb_outZHb_dr', 'ZH_l_dr', 'ZH_l_invM', 'l_b1_invM', 'l_b2_invM', 'l_b1_dr', 'l_b2_dr', 'spher', 'aplan', 'n_b_inZH', 'n_q_inZH', 'n_b_outZH', 'n_q_outZH', 'ZH_bbvLscore'], flatten=True, store_size=True, fill_none=True, fill_value=-999.0, pos_start=None, pos_end=None)],
               'btag_mask': [ColOut(collection='events', columns=['process', 'matchedGen_ZHbb_bb', 'tt_type', 'outZH_b1_pt', 'outZH_b2_pt', 'outZH_b1_score', 'outZH_b2_score', 'outZH_q1_pt', 'outZH_q2_pt', 'outZH_q1_score', 'outZH_q2_score', 'outZH_b1_q_mindr', 'outZH_b2_q_mindr', 'outZH_q_q_dr_nearb1', 'outZH_q_q_dr_nearb2', 'outZH_qq_M_nearb1', 'outZH_qq_M_nearb2', 'outZH_b1_qq_dr', 'outZH_b2_qq_dr', 'outZH_b1qq_M', 'outZH_b2qq_M', 'ZH_b1qq_dr', 'ZH_b2qq_dr', 'ZH_lbb1qq_dr', 'ZH_lbb2qq_dr', 'l_b2_mtb', 'ZH_closeb_invM', 'n_ak8jets', 'n_ak4jets', 'n_ak8_ZHbb', 'outZH_max_ak8pnetMass', 'outZH_b12_m', 'outZH_b12_dr', 'ht_b', 'ht_outZH', 'ak4_bestb_inZH', 'ak4_worstb_inZH', 'nonZHbb_q1_dr', 'nonZHbb_b1_dr', 'inZHb_outZHb_dr', 'ZH_l_dr', 'ZH_l_invM', 'l_b1_invM', 'l_b2_invM', 'l_b1_dr', 'l_b2_dr', 'spher', 'aplan', 'n_b_inZH', 'n_q_inZH', 'n_b_outZH', 'n_q_outZH', 'ZH_bbvLscore'], flatten=True, store_size=True, fill_none=True, fill_value=-999.0, pos_start=None, pos_end=None)]},
'TTZToQQ': {'baseline': [ColOut(collection='events', columns=['process', 'matchedGen_ZHbb_bb', 'tt_type', 'outZH_b1_pt', 'outZH_b2_pt', 'outZH_b1_score', 'outZH_b2_score', 'outZH_q1_pt', 'outZH_q2_pt', 'outZH_q1_score', 'outZH_q2_score', 'outZH_b1_q_mindr', 'outZH_b2_q_mindr', 'outZH_q_q_dr_nearb1', 'outZH_q_q_dr_nearb2', 'outZH_qq_M_nearb1', 'outZH_qq_M_nearb2', 'outZH_b1_qq_dr', 'outZH_b2_qq_dr', 'outZH_b1qq_M', 'outZH_b2qq_M', 'ZH_b1qq_dr', 'ZH_b2qq_dr', 'ZH_lbb1qq_dr', 'ZH_lbb2qq_dr', 'l_b2_mtb', 'ZH_closeb_invM', 'n_ak8jets', 'n_ak4jets', 'n_ak8_ZHbb', 'outZH_max_ak8pnetMass', 'outZH_b12_m', 'outZH_b12_dr', 'ht_b', 'ht_outZH', 'ak4_bestb_inZH', 'ak4_worstb_inZH', 'nonZHbb_q1_dr', 'nonZHbb_b1_dr', 'inZHb_outZHb_dr', 'ZH_l_dr', 'ZH_l_invM', 'l_b1_invM', 'l_b2_invM', 'l_b1_dr', 'l_b2_dr', 'spher', 'aplan', 'n_b_inZH', 'n_q_inZH', 'n_b_outZH', 'n_q_outZH', 'ZH_bbvLscore'], flatten=True, store_size=True, fill_none=True, fill_value=-999.0, pos_start=None, pos_end=None)],
           'btag_mask': [ColOut(collection='events', columns=['process', 'matchedGen_ZHbb_bb', 'tt_type', 'outZH_b1_pt', 'outZH_b2_pt', 'outZH_b1_score', 'outZH_b2_score', 'outZH_q1_pt', 'outZH_q2_pt', 'outZH_q1_score', 'outZH_q2_score', 'outZH_b1_q_mindr', 'outZH_b2_q_mindr', 'outZH_q_q_dr_nearb1', 'outZH_q_q_dr_nearb2', 'outZH_qq_M_nearb1', 'outZH_qq_M_nearb2', 'outZH_b1_qq_dr', 'outZH_b2_qq_dr', 'outZH_b1qq_M', 'outZH_b2qq_M', 'ZH_b1qq_dr', 'ZH_b2qq_dr', 'ZH_lbb1qq_dr', 'ZH_lbb2qq_dr', 'l_b2_mtb', 'ZH_closeb_invM', 'n_ak8jets', 'n_ak4jets', 'n_ak8_ZHbb', 'outZH_max_ak8pnetMass', 'outZH_b12_m', 'outZH_b12_dr', 'ht_b', 'ht_outZH', 'ak4_bestb_inZH', 'ak4_worstb_inZH', 'nonZHbb_q1_dr', 'nonZHbb_b1_dr', 'inZHb_outZHb_dr', 'ZH_l_dr', 'ZH_l_invM', 'l_b1_invM', 'l_b2_invM', 'l_b1_dr', 'l_b2_dr', 'spher', 'aplan', 'n_b_inZH', 'n_q_inZH', 'n_b_outZH', 'n_q_outZH', 'ZH_bbvLscore'], flatten=True, store_size=True, fill_none=True, fill_value=-999.0, pos_start=None, pos_end=None)]},
'TTbb_2L2Nu': {'baseline': [ColOut(collection='events', columns=['process', 'matchedGen_ZHbb_bb', 'tt_type', 'outZH_b1_pt', 'outZH_b2_pt', 'outZH_b1_score', 'outZH_b2_score', 'outZH_q1_pt', 'outZH_q2_pt', 'outZH_q1_score', 'outZH_q2_score', 'outZH_b1_q_mindr', 'outZH_b2_q_mindr', 'outZH_q_q_dr_nearb1', 'outZH_q_q_dr_nearb2', 'outZH_qq_M_nearb1', 'outZH_qq_M_nearb2', 'outZH_b1_qq_dr', 'outZH_b2_qq_dr', 'outZH_b1qq_M', 'outZH_b2qq_M', 'ZH_b1qq_dr', 'ZH_b2qq_dr', 'ZH_lbb1qq_dr', 'ZH_lbb2qq_dr', 'l_b2_mtb', 'ZH_closeb_invM', 'n_ak8jets', 'n_ak4jets', 'n_ak8_ZHbb', 'outZH_max_ak8pnetMass', 'outZH_b12_m', 'outZH_b12_dr', 'ht_b', 'ht_outZH', 'ak4_bestb_inZH', 'ak4_worstb_inZH', 'nonZHbb_q1_dr', 'nonZHbb_b1_dr', 'inZHb_outZHb_dr', 'ZH_l_dr', 'ZH_l_invM', 'l_b1_invM', 'l_b2_invM', 'l_b1_dr', 'l_b2_dr', 'spher', 'aplan', 'n_b_inZH', 'n_q_inZH', 'n_b_outZH', 'n_q_outZH', 'ZH_bbvLscore'], flatten=True, store_size=True, fill_none=True, fill_value=-999.0, pos_start=None, pos_end=None)],
              'btag_mask': [ColOut(collection='events', columns=['process', 'matchedGen_ZHbb_bb', 'tt_type', 'outZH_b1_pt', 'outZH_b2_pt', 'outZH_b1_score', 'outZH_b2_score', 'outZH_q1_pt', 'outZH_q2_pt', 'outZH_q1_score', 'outZH_q2_score', 'outZH_b1_q_mindr', 'outZH_b2_q_mindr', 'outZH_q_q_dr_nearb1', 'outZH_q_q_dr_nearb2', 'outZH_qq_M_nearb1', 'outZH_qq_M_nearb2', 'outZH_b1_qq_dr', 'outZH_b2_qq_dr', 'outZH_b1qq_M', 'outZH_b2qq_M', 'ZH_b1qq_dr', 'ZH_b2qq_dr', 'ZH_lbb1qq_dr', 'ZH_lbb2qq_dr', 'l_b2_mtb', 'ZH_closeb_invM', 'n_ak8jets', 'n_ak4jets', 'n_ak8_ZHbb', 'outZH_max_ak8pnetMass', 'outZH_b12_m', 'outZH_b12_dr', 'ht_b', 'ht_outZH', 'ak4_bestb_inZH', 'ak4_worstb_inZH', 'nonZHbb_q1_dr', 'nonZHbb_b1_dr', 'inZHb_outZHb_dr', 'ZH_l_dr', 'ZH_l_invM', 'l_b1_invM', 'l_b2_invM', 'l_b1_dr', 'l_b2_dr', 'spher', 'aplan', 'n_b_inZH', 'n_q_inZH', 'n_b_outZH', 'n_q_outZH', 'ZH_bbvLscore'], flatten=True, store_size=True, fill_none=True, fill_value=-999.0, pos_start=None, pos_end=None)]},
'TTbb_Hadronic': {'baseline': [ColOut(collection='events', columns=['process', 'matchedGen_ZHbb_bb', 'tt_type', 'outZH_b1_pt', 'outZH_b2_pt', 'outZH_b1_score', 'outZH_b2_score', 'outZH_q1_pt', 'outZH_q2_pt', 'outZH_q1_score', 'outZH_q2_score', 'outZH_b1_q_mindr', 'outZH_b2_q_mindr', 'outZH_q_q_dr_nearb1', 'outZH_q_q_dr_nearb2', 'outZH_qq_M_nearb1', 'outZH_qq_M_nearb2', 'outZH_b1_qq_dr', 'outZH_b2_qq_dr', 'outZH_b1qq_M', 'outZH_b2qq_M', 'ZH_b1qq_dr', 'ZH_b2qq_dr', 'ZH_lbb1qq_dr', 'ZH_lbb2qq_dr', 'l_b2_mtb', 'ZH_closeb_invM', 'n_ak8jets', 'n_ak4jets', 'n_ak8_ZHbb', 'outZH_max_ak8pnetMass', 'outZH_b12_m', 'outZH_b12_dr', 'ht_b', 'ht_outZH', 'ak4_bestb_inZH', 'ak4_worstb_inZH', 'nonZHbb_q1_dr', 'nonZHbb_b1_dr', 'inZHb_outZHb_dr', 'ZH_l_dr', 'ZH_l_invM', 'l_b1_invM', 'l_b2_invM', 'l_b1_dr', 'l_b2_dr', 'spher', 'aplan', 'n_b_inZH', 'n_q_inZH', 'n_b_outZH', 'n_q_outZH', 'ZH_bbvLscore'], flatten=True, store_size=True, fill_none=True, fill_value=-999.0, pos_start=None, pos_end=None)],
                 'btag_mask': [ColOut(collection='events', columns=['process', 'matchedGen_ZHbb_bb', 'tt_type', 'outZH_b1_pt', 'outZH_b2_pt', 'outZH_b1_score', 'outZH_b2_score', 'outZH_q1_pt', 'outZH_q2_pt', 'outZH_q1_score', 'outZH_q2_score', 'outZH_b1_q_mindr', 'outZH_b2_q_mindr', 'outZH_q_q_dr_nearb1', 'outZH_q_q_dr_nearb2', 'outZH_qq_M_nearb1', 'outZH_qq_M_nearb2', 'outZH_b1_qq_dr', 'outZH_b2_qq_dr', 'outZH_b1qq_M', 'outZH_b2qq_M', 'ZH_b1qq_dr', 'ZH_b2qq_dr', 'ZH_lbb1qq_dr', 'ZH_lbb2qq_dr', 'l_b2_mtb', 'ZH_closeb_invM', 'n_ak8jets', 'n_ak4jets', 'n_ak8_ZHbb', 'outZH_max_ak8pnetMass', 'outZH_b12_m', 'outZH_b12_dr', 'ht_b', 'ht_outZH', 'ak4_bestb_inZH', 'ak4_worstb_inZH', 'nonZHbb_q1_dr', 'nonZHbb_b1_dr', 'inZHb_outZHb_dr', 'ZH_l_dr', 'ZH_l_invM', 'l_b1_invM', 'l_b2_invM', 'l_b1_dr', 'l_b2_dr', 'spher', 'aplan', 'n_b_inZH', 'n_q_inZH', 'n_b_outZH', 'n_q_outZH', 'ZH_bbvLscore'], flatten=True, store_size=True, fill_none=True, fill_value=-999.0, pos_start=None, pos_end=None)]},
'TTbb_SemiLeptonic': {'baseline': [ColOut(collection='events', columns=['process', 'matchedGen_ZHbb_bb', 'tt_type', 'outZH_b1_pt', 'outZH_b2_pt', 'outZH_b1_score', 'outZH_b2_score', 'outZH_q1_pt', 'outZH_q2_pt', 'outZH_q1_score', 'outZH_q2_score', 'outZH_b1_q_mindr', 'outZH_b2_q_mindr', 'outZH_q_q_dr_nearb1', 'outZH_q_q_dr_nearb2', 'outZH_qq_M_nearb1', 'outZH_qq_M_nearb2', 'outZH_b1_qq_dr', 'outZH_b2_qq_dr', 'outZH_b1qq_M', 'outZH_b2qq_M', 'ZH_b1qq_dr', 'ZH_b2qq_dr', 'ZH_lbb1qq_dr', 'ZH_lbb2qq_dr', 'l_b2_mtb', 'ZH_closeb_invM', 'n_ak8jets', 'n_ak4jets', 'n_ak8_ZHbb', 'outZH_max_ak8pnetMass', 'outZH_b12_m', 'outZH_b12_dr', 'ht_b', 'ht_outZH', 'ak4_bestb_inZH', 'ak4_worstb_inZH', 'nonZHbb_q1_dr', 'nonZHbb_b1_dr', 'inZHb_outZHb_dr', 'ZH_l_dr', 'ZH_l_invM', 'l_b1_invM', 'l_b2_invM', 'l_b1_dr', 'l_b2_dr', 'spher', 'aplan', 'n_b_inZH', 'n_q_inZH', 'n_b_outZH', 'n_q_outZH', 'ZH_bbvLscore'], flatten=True, store_size=True, fill_none=True, fill_value=-999.0, pos_start=None, pos_end=None)],
                     'btag_mask': [ColOut(collection='events', columns=['process', 'matchedGen_ZHbb_bb', 'tt_type', 'outZH_b1_pt', 'outZH_b2_pt', 'outZH_b1_score', 'outZH_b2_score', 'outZH_q1_pt', 'outZH_q2_pt', 'outZH_q1_score', 'outZH_q2_score', 'outZH_b1_q_mindr', 'outZH_b2_q_mindr', 'outZH_q_q_dr_nearb1', 'outZH_q_q_dr_nearb2', 'outZH_qq_M_nearb1', 'outZH_qq_M_nearb2', 'outZH_b1_qq_dr', 'outZH_b2_qq_dr', 'outZH_b1qq_M', 'outZH_b2qq_M', 'ZH_b1qq_dr', 'ZH_b2qq_dr', 'ZH_lbb1qq_dr', 'ZH_lbb2qq_dr', 'l_b2_mtb', 'ZH_closeb_invM', 'n_ak8jets', 'n_ak4jets', 'n_ak8_ZHbb', 'outZH_max_ak8pnetMass', 'outZH_b12_m', 'outZH_b12_dr', 'ht_b', 'ht_outZH', 'ak4_bestb_inZH', 'ak4_worstb_inZH', 'nonZHbb_q1_dr', 'nonZHbb_b1_dr', 'inZHb_outZHb_dr', 'ZH_l_dr', 'ZH_l_invM', 'l_b1_invM', 'l_b2_invM', 'l_b1_dr', 'l_b2_dr', 'spher', 'aplan', 'n_b_inZH', 'n_q_inZH', 'n_b_outZH', 'n_q_outZH', 'ZH_bbvLscore'], flatten=True, store_size=True, fill_none=True, fill_value=-999.0, pos_start=None, pos_end=None)]},
'ttHToNonbb': {'baseline': [ColOut(collection='events', columns=['process', 'matchedGen_ZHbb_bb', 'tt_type', 'outZH_b1_pt', 'outZH_b2_pt', 'outZH_b1_score', 'outZH_b2_score', 'outZH_q1_pt', 'outZH_q2_pt', 'outZH_q1_score', 'outZH_q2_score', 'outZH_b1_q_mindr', 'outZH_b2_q_mindr', 'outZH_q_q_dr_nearb1', 'outZH_q_q_dr_nearb2', 'outZH_qq_M_nearb1', 'outZH_qq_M_nearb2', 'outZH_b1_qq_dr', 'outZH_b2_qq_dr', 'outZH_b1qq_M', 'outZH_b2qq_M', 'ZH_b1qq_dr', 'ZH_b2qq_dr', 'ZH_lbb1qq_dr', 'ZH_lbb2qq_dr', 'l_b2_mtb', 'ZH_closeb_invM', 'n_ak8jets', 'n_ak4jets', 'n_ak8_ZHbb', 'outZH_max_ak8pnetMass', 'outZH_b12_m', 'outZH_b12_dr', 'ht_b', 'ht_outZH', 'ak4_bestb_inZH', 'ak4_worstb_inZH', 'nonZHbb_q1_dr', 'nonZHbb_b1_dr', 'inZHb_outZHb_dr', 'ZH_l_dr', 'ZH_l_invM', 'l_b1_invM', 'l_b2_invM', 'l_b1_dr', 'l_b2_dr', 'spher', 'aplan', 'n_b_inZH', 'n_q_inZH', 'n_b_outZH', 'n_q_outZH', 'ZH_bbvLscore'], flatten=True, store_size=True, fill_none=True, fill_value=-999.0, pos_start=None, pos_end=None)],
              'btag_mask': [ColOut(collection='events', columns=['process', 'matchedGen_ZHbb_bb', 'tt_type', 'outZH_b1_pt', 'outZH_b2_pt', 'outZH_b1_score', 'outZH_b2_score', 'outZH_q1_pt', 'outZH_q2_pt', 'outZH_q1_score', 'outZH_q2_score', 'outZH_b1_q_mindr', 'outZH_b2_q_mindr', 'outZH_q_q_dr_nearb1', 'outZH_q_q_dr_nearb2', 'outZH_qq_M_nearb1', 'outZH_qq_M_nearb2', 'outZH_b1_qq_dr', 'outZH_b2_qq_dr', 'outZH_b1qq_M', 'outZH_b2qq_M', 'ZH_b1qq_dr', 'ZH_b2qq_dr', 'ZH_lbb1qq_dr', 'ZH_lbb2qq_dr', 'l_b2_mtb', 'ZH_closeb_invM', 'n_ak8jets', 'n_ak4jets', 'n_ak8_ZHbb', 'outZH_max_ak8pnetMass', 'outZH_b12_m', 'outZH_b12_dr', 'ht_b', 'ht_outZH', 'ak4_bestb_inZH', 'ak4_worstb_inZH', 'nonZHbb_q1_dr', 'nonZHbb_b1_dr', 'inZHb_outZHb_dr', 'ZH_l_dr', 'ZH_l_invM', 'l_b1_invM', 'l_b2_invM', 'l_b1_dr', 'l_b2_dr', 'spher', 'aplan', 'n_b_inZH', 'n_q_inZH', 'n_b_outZH', 'n_q_outZH', 'ZH_bbvLscore'], flatten=True, store_size=True, fill_none=True, fill_value=-999.0, pos_start=None, pos_end=None)]},
'ttHTobb': {'baseline': [ColOut(collection='events', columns=['process', 'matchedGen_ZHbb_bb', 'tt_type', 'outZH_b1_pt', 'outZH_b2_pt', 'outZH_b1_score', 'outZH_b2_score', 'outZH_q1_pt', 'outZH_q2_pt', 'outZH_q1_score', 'outZH_q2_score', 'outZH_b1_q_mindr', 'outZH_b2_q_mindr', 'outZH_q_q_dr_nearb1', 'outZH_q_q_dr_nearb2', 'outZH_qq_M_nearb1', 'outZH_qq_M_nearb2', 'outZH_b1_qq_dr', 'outZH_b2_qq_dr', 'outZH_b1qq_M', 'outZH_b2qq_M', 'ZH_b1qq_dr', 'ZH_b2qq_dr', 'ZH_lbb1qq_dr', 'ZH_lbb2qq_dr', 'l_b2_mtb', 'ZH_closeb_invM', 'n_ak8jets', 'n_ak4jets', 'n_ak8_ZHbb', 'outZH_max_ak8pnetMass', 'outZH_b12_m', 'outZH_b12_dr', 'ht_b', 'ht_outZH', 'ak4_bestb_inZH', 'ak4_worstb_inZH', 'nonZHbb_q1_dr', 'nonZHbb_b1_dr', 'inZHb_outZHb_dr', 'ZH_l_dr', 'ZH_l_invM', 'l_b1_invM', 'l_b2_invM', 'l_b1_dr', 'l_b2_dr', 'spher', 'aplan', 'n_b_inZH', 'n_q_inZH', 'n_b_outZH', 'n_q_outZH', 'ZH_bbvLscore'], flatten=True, store_size=True, fill_none=True, fill_value=-999.0, pos_start=None, pos_end=None)],
           'btag_mask': [ColOut(collection='events', columns=['process', 'matchedGen_ZHbb_bb', 'tt_type', 'outZH_b1_pt', 'outZH_b2_pt', 'outZH_b1_score', 'outZH_b2_score', 'outZH_q1_pt', 'outZH_q2_pt', 'outZH_q1_score', 'outZH_q2_score', 'outZH_b1_q_mindr', 'outZH_b2_q_mindr', 'outZH_q_q_dr_nearb1', 'outZH_q_q_dr_nearb2', 'outZH_qq_M_nearb1', 'outZH_qq_M_nearb2', 'outZH_b1_qq_dr', 'outZH_b2_qq_dr', 'outZH_b1qq_M', 'outZH_b2qq_M', 'ZH_b1qq_dr', 'ZH_b2qq_dr', 'ZH_lbb1qq_dr', 'ZH_lbb2qq_dr', 'l_b2_mtb', 'ZH_closeb_invM', 'n_ak8jets', 'n_ak4jets', 'n_ak8_ZHbb', 'outZH_max_ak8pnetMass', 'outZH_b12_m', 'outZH_b12_dr', 'ht_b', 'ht_outZH', 'ak4_bestb_inZH', 'ak4_worstb_inZH', 'nonZHbb_q1_dr', 'nonZHbb_b1_dr', 'inZHb_outZHb_dr', 'ZH_l_dr', 'ZH_l_invM', 'l_b1_invM', 'l_b2_invM', 'l_b1_dr', 'l_b2_dr', 'spher', 'aplan', 'n_b_inZH', 'n_q_inZH', 'n_b_outZH', 'n_q_outZH', 'ZH_bbvLscore'], flatten=True, store_size=True, fill_none=True, fill_value=-999.0, pos_start=None, pos_end=None)]}}
  - available weights variations: {'TTTo2L2Nu': ['pileup', 'nominal'],
'TTToHadronic': ['pileup', 'nominal'],
'TTToSemiLeptonic': ['pileup', 'nominal'],
'TTZToBB': ['pileup', 'nominal'],
'TTZToLLNuNu': ['pileup', 'nominal'],
'TTZToQQ': ['pileup', 'nominal'],
'TTbb_2L2Nu': ['pileup', 'nominal'],
'TTbb_Hadronic': ['pileup', 'nominal'],
'TTbb_SemiLeptonic': ['pileup', 'nominal'],
'ttHToNonbb': ['pileup', 'nominal'],
'ttHTobb': ['pileup', 'nominal']} 
  - available shape variations: {'TTTo2L2Nu': [],
'TTToHadronic': [],
'TTToSemiLeptonic': [],
'TTZToBB': [],
'TTZToLLNuNu': [],
'TTZToQQ': [],
'TTbb_2L2Nu': [],
'TTbb_Hadronic': [],
'TTbb_SemiLeptonic': [],
'ttHToNonbb': [],
'ttHTobb': []}
[INFO    ] Configurator instance:
  - Workflow: <class 'zhbbworkflow.ZHbbBaseProcessor'>
  - Workflow options: {}
  - N. datasets: 11 
   -- Dataset: ttHTobb_M125_M125_2017,  Sample: ttHTobb, N. files: 46, N. events: 7825000
   -- Dataset: ttHToNonbb_M125_M125_2017,  Sample: ttHToNonbb, N. files: 35, N. events: 5070989
   -- Dataset: TTZToBB__2017,  Sample: TTZToBB, N. files: 26, N. events: 7074000
   -- Dataset: TTZToQQ__2017,  Sample: TTZToQQ, N. files: 35, N. events: 13822000
   -- Dataset: TTZToLLNuNu__2017,  Sample: TTZToLLNuNu, N. files: 19, N. events: 14036000
   -- Dataset: TTbb_Hadronic__2017,  Sample: TTbb_Hadronic, N. files: 9, N. events: 5694656
   -- Dataset: TTbb_2L2Nu__2017,  Sample: TTbb_2L2Nu, N. files: 7, N. events: 3472503
   -- Dataset: TTbb_SemiLeptonic__2017,  Sample: TTbb_SemiLeptonic, N. files: 12, N. events: 7318891
   -- Dataset: TTToHadronic__2017,  Sample: TTToHadronic, N. files: 199, N. events: 232999999
   -- Dataset: TTTo2L2Nu__2017,  Sample: TTTo2L2Nu, N. files: 99, N. events: 106724000
   -- Dataset: TTToSemiLeptonic__2017,  Sample: TTToSemiLeptonic, N. files: 297, N. events: 346052000
  - Subsamples:
   -- Sample ttHTobb: StandardSelection ['ttHTobb'], (1 categories)
   -- Sample ttHToNonbb: StandardSelection ['ttHToNonbb'], (1 categories)
   -- Sample TTZToBB: StandardSelection ['TTZToBB'], (1 categories)
   -- Sample TTZToQQ: StandardSelection ['TTZToQQ'], (1 categories)
   -- Sample TTZToLLNuNu: StandardSelection ['TTZToLLNuNu'], (1 categories)
   -- Sample TTbb_Hadronic: StandardSelection ['TTbb_Hadronic'], (1 categories)
   -- Sample TTbb_2L2Nu: StandardSelection ['TTbb_2L2Nu'], (1 categories)
   -- Sample TTbb_SemiLeptonic: StandardSelection ['TTbb_SemiLeptonic'], (1 categories)
   -- Sample TTToHadronic: StandardSelection ['TTToHadronic'], (1 categories)
   -- Sample TTTo2L2Nu: StandardSelection ['TTTo2L2Nu'], (1 categories)
   -- Sample TTToSemiLeptonic: StandardSelection ['TTToSemiLeptonic'], (1 categories)
  - Skim: ['preSkimCut']
  - Preselection: ['eventSelection']
  - Categories: StandardSelection ['baseline', 'btag_mask'], (2 categories)
  - Variables:  ['mAK8', 'zhbbtag', 'zhbbtag_sorted', 'outZH_b1_pt']
  - Columns: {'TTTo2L2Nu': {'baseline': [ColOut(collection='events', columns=['process', 'matchedGen_ZHbb_bb', 'tt_type', 'outZH_b1_pt', 'outZH_b2_pt', 'outZH_b1_score', 'outZH_b2_score', 'outZH_q1_pt', 'outZH_q2_pt', 'outZH_q1_score', 'outZH_q2_score', 'outZH_b1_q_mindr', 'outZH_b2_q_mindr', 'outZH_q_q_dr_nearb1', 'outZH_q_q_dr_nearb2', 'outZH_qq_M_nearb1', 'outZH_qq_M_nearb2', 'outZH_b1_qq_dr', 'outZH_b2_qq_dr', 'outZH_b1qq_M', 'outZH_b2qq_M', 'ZH_b1qq_dr', 'ZH_b2qq_dr', 'ZH_lbb1qq_dr', 'ZH_lbb2qq_dr', 'l_b2_mtb', 'ZH_closeb_invM', 'n_ak8jets', 'n_ak4jets', 'n_ak8_ZHbb', 'outZH_max_ak8pnetMass', 'outZH_b12_m', 'outZH_b12_dr', 'ht_b', 'ht_outZH', 'ak4_bestb_inZH', 'ak4_worstb_inZH', 'nonZHbb_q1_dr', 'nonZHbb_b1_dr', 'inZHb_outZHb_dr', 'ZH_l_dr', 'ZH_l_invM', 'l_b1_invM', 'l_b2_invM', 'l_b1_dr', 'l_b2_dr', 'spher', 'aplan', 'n_b_inZH', 'n_q_inZH', 'n_b_outZH', 'n_q_outZH', 'ZH_bbvLscore'], flatten=True, store_size=True, fill_none=True, fill_value=-999.0, pos_start=None, pos_end=None)],
             'btag_mask': [ColOut(collection='events', columns=['process', 'matchedGen_ZHbb_bb', 'tt_type', 'outZH_b1_pt', 'outZH_b2_pt', 'outZH_b1_score', 'outZH_b2_score', 'outZH_q1_pt', 'outZH_q2_pt', 'outZH_q1_score', 'outZH_q2_score', 'outZH_b1_q_mindr', 'outZH_b2_q_mindr', 'outZH_q_q_dr_nearb1', 'outZH_q_q_dr_nearb2', 'outZH_qq_M_nearb1', 'outZH_qq_M_nearb2', 'outZH_b1_qq_dr', 'outZH_b2_qq_dr', 'outZH_b1qq_M', 'outZH_b2qq_M', 'ZH_b1qq_dr', 'ZH_b2qq_dr', 'ZH_lbb1qq_dr', 'ZH_lbb2qq_dr', 'l_b2_mtb', 'ZH_closeb_invM', 'n_ak8jets', 'n_ak4jets', 'n_ak8_ZHbb', 'outZH_max_ak8pnetMass', 'outZH_b12_m', 'outZH_b12_dr', 'ht_b', 'ht_outZH', 'ak4_bestb_inZH', 'ak4_worstb_inZH', 'nonZHbb_q1_dr', 'nonZHbb_b1_dr', 'inZHb_outZHb_dr', 'ZH_l_dr', 'ZH_l_invM', 'l_b1_invM', 'l_b2_invM', 'l_b1_dr', 'l_b2_dr', 'spher', 'aplan', 'n_b_inZH', 'n_q_inZH', 'n_b_outZH', 'n_q_outZH', 'ZH_bbvLscore'], flatten=True, store_size=True, fill_none=True, fill_value=-999.0, pos_start=None, pos_end=None)]},
'TTToHadronic': {'baseline': [ColOut(collection='events', columns=['process', 'matchedGen_ZHbb_bb', 'tt_type', 'outZH_b1_pt', 'outZH_b2_pt', 'outZH_b1_score', 'outZH_b2_score', 'outZH_q1_pt', 'outZH_q2_pt', 'outZH_q1_score', 'outZH_q2_score', 'outZH_b1_q_mindr', 'outZH_b2_q_mindr', 'outZH_q_q_dr_nearb1', 'outZH_q_q_dr_nearb2', 'outZH_qq_M_nearb1', 'outZH_qq_M_nearb2', 'outZH_b1_qq_dr', 'outZH_b2_qq_dr', 'outZH_b1qq_M', 'outZH_b2qq_M', 'ZH_b1qq_dr', 'ZH_b2qq_dr', 'ZH_lbb1qq_dr', 'ZH_lbb2qq_dr', 'l_b2_mtb', 'ZH_closeb_invM', 'n_ak8jets', 'n_ak4jets', 'n_ak8_ZHbb', 'outZH_max_ak8pnetMass', 'outZH_b12_m', 'outZH_b12_dr', 'ht_b', 'ht_outZH', 'ak4_bestb_inZH', 'ak4_worstb_inZH', 'nonZHbb_q1_dr', 'nonZHbb_b1_dr', 'inZHb_outZHb_dr', 'ZH_l_dr', 'ZH_l_invM', 'l_b1_invM', 'l_b2_invM', 'l_b1_dr', 'l_b2_dr', 'spher', 'aplan', 'n_b_inZH', 'n_q_inZH', 'n_b_outZH', 'n_q_outZH', 'ZH_bbvLscore'], flatten=True, store_size=True, fill_none=True, fill_value=-999.0, pos_start=None, pos_end=None)],
                'btag_mask': [ColOut(collection='events', columns=['process', 'matchedGen_ZHbb_bb', 'tt_type', 'outZH_b1_pt', 'outZH_b2_pt', 'outZH_b1_score', 'outZH_b2_score', 'outZH_q1_pt', 'outZH_q2_pt', 'outZH_q1_score', 'outZH_q2_score', 'outZH_b1_q_mindr', 'outZH_b2_q_mindr', 'outZH_q_q_dr_nearb1', 'outZH_q_q_dr_nearb2', 'outZH_qq_M_nearb1', 'outZH_qq_M_nearb2', 'outZH_b1_qq_dr', 'outZH_b2_qq_dr', 'outZH_b1qq_M', 'outZH_b2qq_M', 'ZH_b1qq_dr', 'ZH_b2qq_dr', 'ZH_lbb1qq_dr', 'ZH_lbb2qq_dr', 'l_b2_mtb', 'ZH_closeb_invM', 'n_ak8jets', 'n_ak4jets', 'n_ak8_ZHbb', 'outZH_max_ak8pnetMass', 'outZH_b12_m', 'outZH_b12_dr', 'ht_b', 'ht_outZH', 'ak4_bestb_inZH', 'ak4_worstb_inZH', 'nonZHbb_q1_dr', 'nonZHbb_b1_dr', 'inZHb_outZHb_dr', 'ZH_l_dr', 'ZH_l_invM', 'l_b1_invM', 'l_b2_invM', 'l_b1_dr', 'l_b2_dr', 'spher', 'aplan', 'n_b_inZH', 'n_q_inZH', 'n_b_outZH', 'n_q_outZH', 'ZH_bbvLscore'], flatten=True, store_size=True, fill_none=True, fill_value=-999.0, pos_start=None, pos_end=None)]},
'TTToSemiLeptonic': {'baseline': [ColOut(collection='events', columns=['process', 'matchedGen_ZHbb_bb', 'tt_type', 'outZH_b1_pt', 'outZH_b2_pt', 'outZH_b1_score', 'outZH_b2_score', 'outZH_q1_pt', 'outZH_q2_pt', 'outZH_q1_score', 'outZH_q2_score', 'outZH_b1_q_mindr', 'outZH_b2_q_mindr', 'outZH_q_q_dr_nearb1', 'outZH_q_q_dr_nearb2', 'outZH_qq_M_nearb1', 'outZH_qq_M_nearb2', 'outZH_b1_qq_dr', 'outZH_b2_qq_dr', 'outZH_b1qq_M', 'outZH_b2qq_M', 'ZH_b1qq_dr', 'ZH_b2qq_dr', 'ZH_lbb1qq_dr', 'ZH_lbb2qq_dr', 'l_b2_mtb', 'ZH_closeb_invM', 'n_ak8jets', 'n_ak4jets', 'n_ak8_ZHbb', 'outZH_max_ak8pnetMass', 'outZH_b12_m', 'outZH_b12_dr', 'ht_b', 'ht_outZH', 'ak4_bestb_inZH', 'ak4_worstb_inZH', 'nonZHbb_q1_dr', 'nonZHbb_b1_dr', 'inZHb_outZHb_dr', 'ZH_l_dr', 'ZH_l_invM', 'l_b1_invM', 'l_b2_invM', 'l_b1_dr', 'l_b2_dr', 'spher', 'aplan', 'n_b_inZH', 'n_q_inZH', 'n_b_outZH', 'n_q_outZH', 'ZH_bbvLscore'], flatten=True, store_size=True, fill_none=True, fill_value=-999.0, pos_start=None, pos_end=None)],
                    'btag_mask': [ColOut(collection='events', columns=['process', 'matchedGen_ZHbb_bb', 'tt_type', 'outZH_b1_pt', 'outZH_b2_pt', 'outZH_b1_score', 'outZH_b2_score', 'outZH_q1_pt', 'outZH_q2_pt', 'outZH_q1_score', 'outZH_q2_score', 'outZH_b1_q_mindr', 'outZH_b2_q_mindr', 'outZH_q_q_dr_nearb1', 'outZH_q_q_dr_nearb2', 'outZH_qq_M_nearb1', 'outZH_qq_M_nearb2', 'outZH_b1_qq_dr', 'outZH_b2_qq_dr', 'outZH_b1qq_M', 'outZH_b2qq_M', 'ZH_b1qq_dr', 'ZH_b2qq_dr', 'ZH_lbb1qq_dr', 'ZH_lbb2qq_dr', 'l_b2_mtb', 'ZH_closeb_invM', 'n_ak8jets', 'n_ak4jets', 'n_ak8_ZHbb', 'outZH_max_ak8pnetMass', 'outZH_b12_m', 'outZH_b12_dr', 'ht_b', 'ht_outZH', 'ak4_bestb_inZH', 'ak4_worstb_inZH', 'nonZHbb_q1_dr', 'nonZHbb_b1_dr', 'inZHb_outZHb_dr', 'ZH_l_dr', 'ZH_l_invM', 'l_b1_invM', 'l_b2_invM', 'l_b1_dr', 'l_b2_dr', 'spher', 'aplan', 'n_b_inZH', 'n_q_inZH', 'n_b_outZH', 'n_q_outZH', 'ZH_bbvLscore'], flatten=True, store_size=True, fill_none=True, fill_value=-999.0, pos_start=None, pos_end=None)]},
'TTZToBB': {'baseline': [ColOut(collection='events', columns=['process', 'matchedGen_ZHbb_bb', 'tt_type', 'outZH_b1_pt', 'outZH_b2_pt', 'outZH_b1_score', 'outZH_b2_score', 'outZH_q1_pt', 'outZH_q2_pt', 'outZH_q1_score', 'outZH_q2_score', 'outZH_b1_q_mindr', 'outZH_b2_q_mindr', 'outZH_q_q_dr_nearb1', 'outZH_q_q_dr_nearb2', 'outZH_qq_M_nearb1', 'outZH_qq_M_nearb2', 'outZH_b1_qq_dr', 'outZH_b2_qq_dr', 'outZH_b1qq_M', 'outZH_b2qq_M', 'ZH_b1qq_dr', 'ZH_b2qq_dr', 'ZH_lbb1qq_dr', 'ZH_lbb2qq_dr', 'l_b2_mtb', 'ZH_closeb_invM', 'n_ak8jets', 'n_ak4jets', 'n_ak8_ZHbb', 'outZH_max_ak8pnetMass', 'outZH_b12_m', 'outZH_b12_dr', 'ht_b', 'ht_outZH', 'ak4_bestb_inZH', 'ak4_worstb_inZH', 'nonZHbb_q1_dr', 'nonZHbb_b1_dr', 'inZHb_outZHb_dr', 'ZH_l_dr', 'ZH_l_invM', 'l_b1_invM', 'l_b2_invM', 'l_b1_dr', 'l_b2_dr', 'spher', 'aplan', 'n_b_inZH', 'n_q_inZH', 'n_b_outZH', 'n_q_outZH', 'ZH_bbvLscore'], flatten=True, store_size=True, fill_none=True, fill_value=-999.0, pos_start=None, pos_end=None)],
           'btag_mask': [ColOut(collection='events', columns=['process', 'matchedGen_ZHbb_bb', 'tt_type', 'outZH_b1_pt', 'outZH_b2_pt', 'outZH_b1_score', 'outZH_b2_score', 'outZH_q1_pt', 'outZH_q2_pt', 'outZH_q1_score', 'outZH_q2_score', 'outZH_b1_q_mindr', 'outZH_b2_q_mindr', 'outZH_q_q_dr_nearb1', 'outZH_q_q_dr_nearb2', 'outZH_qq_M_nearb1', 'outZH_qq_M_nearb2', 'outZH_b1_qq_dr', 'outZH_b2_qq_dr', 'outZH_b1qq_M', 'outZH_b2qq_M', 'ZH_b1qq_dr', 'ZH_b2qq_dr', 'ZH_lbb1qq_dr', 'ZH_lbb2qq_dr', 'l_b2_mtb', 'ZH_closeb_invM', 'n_ak8jets', 'n_ak4jets', 'n_ak8_ZHbb', 'outZH_max_ak8pnetMass', 'outZH_b12_m', 'outZH_b12_dr', 'ht_b', 'ht_outZH', 'ak4_bestb_inZH', 'ak4_worstb_inZH', 'nonZHbb_q1_dr', 'nonZHbb_b1_dr', 'inZHb_outZHb_dr', 'ZH_l_dr', 'ZH_l_invM', 'l_b1_invM', 'l_b2_invM', 'l_b1_dr', 'l_b2_dr', 'spher', 'aplan', 'n_b_inZH', 'n_q_inZH', 'n_b_outZH', 'n_q_outZH', 'ZH_bbvLscore'], flatten=True, store_size=True, fill_none=True, fill_value=-999.0, pos_start=None, pos_end=None)]},
'TTZToLLNuNu': {'baseline': [ColOut(collection='events', columns=['process', 'matchedGen_ZHbb_bb', 'tt_type', 'outZH_b1_pt', 'outZH_b2_pt', 'outZH_b1_score', 'outZH_b2_score', 'outZH_q1_pt', 'outZH_q2_pt', 'outZH_q1_score', 'outZH_q2_score', 'outZH_b1_q_mindr', 'outZH_b2_q_mindr', 'outZH_q_q_dr_nearb1', 'outZH_q_q_dr_nearb2', 'outZH_qq_M_nearb1', 'outZH_qq_M_nearb2', 'outZH_b1_qq_dr', 'outZH_b2_qq_dr', 'outZH_b1qq_M', 'outZH_b2qq_M', 'ZH_b1qq_dr', 'ZH_b2qq_dr', 'ZH_lbb1qq_dr', 'ZH_lbb2qq_dr', 'l_b2_mtb', 'ZH_closeb_invM', 'n_ak8jets', 'n_ak4jets', 'n_ak8_ZHbb', 'outZH_max_ak8pnetMass', 'outZH_b12_m', 'outZH_b12_dr', 'ht_b', 'ht_outZH', 'ak4_bestb_inZH', 'ak4_worstb_inZH', 'nonZHbb_q1_dr', 'nonZHbb_b1_dr', 'inZHb_outZHb_dr', 'ZH_l_dr', 'ZH_l_invM', 'l_b1_invM', 'l_b2_invM', 'l_b1_dr', 'l_b2_dr', 'spher', 'aplan', 'n_b_inZH', 'n_q_inZH', 'n_b_outZH', 'n_q_outZH', 'ZH_bbvLscore'], flatten=True, store_size=True, fill_none=True, fill_value=-999.0, pos_start=None, pos_end=None)],
               'btag_mask': [ColOut(collection='events', columns=['process', 'matchedGen_ZHbb_bb', 'tt_type', 'outZH_b1_pt', 'outZH_b2_pt', 'outZH_b1_score', 'outZH_b2_score', 'outZH_q1_pt', 'outZH_q2_pt', 'outZH_q1_score', 'outZH_q2_score', 'outZH_b1_q_mindr', 'outZH_b2_q_mindr', 'outZH_q_q_dr_nearb1', 'outZH_q_q_dr_nearb2', 'outZH_qq_M_nearb1', 'outZH_qq_M_nearb2', 'outZH_b1_qq_dr', 'outZH_b2_qq_dr', 'outZH_b1qq_M', 'outZH_b2qq_M', 'ZH_b1qq_dr', 'ZH_b2qq_dr', 'ZH_lbb1qq_dr', 'ZH_lbb2qq_dr', 'l_b2_mtb', 'ZH_closeb_invM', 'n_ak8jets', 'n_ak4jets', 'n_ak8_ZHbb', 'outZH_max_ak8pnetMass', 'outZH_b12_m', 'outZH_b12_dr', 'ht_b', 'ht_outZH', 'ak4_bestb_inZH', 'ak4_worstb_inZH', 'nonZHbb_q1_dr', 'nonZHbb_b1_dr', 'inZHb_outZHb_dr', 'ZH_l_dr', 'ZH_l_invM', 'l_b1_invM', 'l_b2_invM', 'l_b1_dr', 'l_b2_dr', 'spher', 'aplan', 'n_b_inZH', 'n_q_inZH', 'n_b_outZH', 'n_q_outZH', 'ZH_bbvLscore'], flatten=True, store_size=True, fill_none=True, fill_value=-999.0, pos_start=None, pos_end=None)]},
'TTZToQQ': {'baseline': [ColOut(collection='events', columns=['process', 'matchedGen_ZHbb_bb', 'tt_type', 'outZH_b1_pt', 'outZH_b2_pt', 'outZH_b1_score', 'outZH_b2_score', 'outZH_q1_pt', 'outZH_q2_pt', 'outZH_q1_score', 'outZH_q2_score', 'outZH_b1_q_mindr', 'outZH_b2_q_mindr', 'outZH_q_q_dr_nearb1', 'outZH_q_q_dr_nearb2', 'outZH_qq_M_nearb1', 'outZH_qq_M_nearb2', 'outZH_b1_qq_dr', 'outZH_b2_qq_dr', 'outZH_b1qq_M', 'outZH_b2qq_M', 'ZH_b1qq_dr', 'ZH_b2qq_dr', 'ZH_lbb1qq_dr', 'ZH_lbb2qq_dr', 'l_b2_mtb', 'ZH_closeb_invM', 'n_ak8jets', 'n_ak4jets', 'n_ak8_ZHbb', 'outZH_max_ak8pnetMass', 'outZH_b12_m', 'outZH_b12_dr', 'ht_b', 'ht_outZH', 'ak4_bestb_inZH', 'ak4_worstb_inZH', 'nonZHbb_q1_dr', 'nonZHbb_b1_dr', 'inZHb_outZHb_dr', 'ZH_l_dr', 'ZH_l_invM', 'l_b1_invM', 'l_b2_invM', 'l_b1_dr', 'l_b2_dr', 'spher', 'aplan', 'n_b_inZH', 'n_q_inZH', 'n_b_outZH', 'n_q_outZH', 'ZH_bbvLscore'], flatten=True, store_size=True, fill_none=True, fill_value=-999.0, pos_start=None, pos_end=None)],
           'btag_mask': [ColOut(collection='events', columns=['process', 'matchedGen_ZHbb_bb', 'tt_type', 'outZH_b1_pt', 'outZH_b2_pt', 'outZH_b1_score', 'outZH_b2_score', 'outZH_q1_pt', 'outZH_q2_pt', 'outZH_q1_score', 'outZH_q2_score', 'outZH_b1_q_mindr', 'outZH_b2_q_mindr', 'outZH_q_q_dr_nearb1', 'outZH_q_q_dr_nearb2', 'outZH_qq_M_nearb1', 'outZH_qq_M_nearb2', 'outZH_b1_qq_dr', 'outZH_b2_qq_dr', 'outZH_b1qq_M', 'outZH_b2qq_M', 'ZH_b1qq_dr', 'ZH_b2qq_dr', 'ZH_lbb1qq_dr', 'ZH_lbb2qq_dr', 'l_b2_mtb', 'ZH_closeb_invM', 'n_ak8jets', 'n_ak4jets', 'n_ak8_ZHbb', 'outZH_max_ak8pnetMass', 'outZH_b12_m', 'outZH_b12_dr', 'ht_b', 'ht_outZH', 'ak4_bestb_inZH', 'ak4_worstb_inZH', 'nonZHbb_q1_dr', 'nonZHbb_b1_dr', 'inZHb_outZHb_dr', 'ZH_l_dr', 'ZH_l_invM', 'l_b1_invM', 'l_b2_invM', 'l_b1_dr', 'l_b2_dr', 'spher', 'aplan', 'n_b_inZH', 'n_q_inZH', 'n_b_outZH', 'n_q_outZH', 'ZH_bbvLscore'], flatten=True, store_size=True, fill_none=True, fill_value=-999.0, pos_start=None, pos_end=None)]},
'TTbb_2L2Nu': {'baseline': [ColOut(collection='events', columns=['process', 'matchedGen_ZHbb_bb', 'tt_type', 'outZH_b1_pt', 'outZH_b2_pt', 'outZH_b1_score', 'outZH_b2_score', 'outZH_q1_pt', 'outZH_q2_pt', 'outZH_q1_score', 'outZH_q2_score', 'outZH_b1_q_mindr', 'outZH_b2_q_mindr', 'outZH_q_q_dr_nearb1', 'outZH_q_q_dr_nearb2', 'outZH_qq_M_nearb1', 'outZH_qq_M_nearb2', 'outZH_b1_qq_dr', 'outZH_b2_qq_dr', 'outZH_b1qq_M', 'outZH_b2qq_M', 'ZH_b1qq_dr', 'ZH_b2qq_dr', 'ZH_lbb1qq_dr', 'ZH_lbb2qq_dr', 'l_b2_mtb', 'ZH_closeb_invM', 'n_ak8jets', 'n_ak4jets', 'n_ak8_ZHbb', 'outZH_max_ak8pnetMass', 'outZH_b12_m', 'outZH_b12_dr', 'ht_b', 'ht_outZH', 'ak4_bestb_inZH', 'ak4_worstb_inZH', 'nonZHbb_q1_dr', 'nonZHbb_b1_dr', 'inZHb_outZHb_dr', 'ZH_l_dr', 'ZH_l_invM', 'l_b1_invM', 'l_b2_invM', 'l_b1_dr', 'l_b2_dr', 'spher', 'aplan', 'n_b_inZH', 'n_q_inZH', 'n_b_outZH', 'n_q_outZH', 'ZH_bbvLscore'], flatten=True, store_size=True, fill_none=True, fill_value=-999.0, pos_start=None, pos_end=None)],
              'btag_mask': [ColOut(collection='events', columns=['process', 'matchedGen_ZHbb_bb', 'tt_type', 'outZH_b1_pt', 'outZH_b2_pt', 'outZH_b1_score', 'outZH_b2_score', 'outZH_q1_pt', 'outZH_q2_pt', 'outZH_q1_score', 'outZH_q2_score', 'outZH_b1_q_mindr', 'outZH_b2_q_mindr', 'outZH_q_q_dr_nearb1', 'outZH_q_q_dr_nearb2', 'outZH_qq_M_nearb1', 'outZH_qq_M_nearb2', 'outZH_b1_qq_dr', 'outZH_b2_qq_dr', 'outZH_b1qq_M', 'outZH_b2qq_M', 'ZH_b1qq_dr', 'ZH_b2qq_dr', 'ZH_lbb1qq_dr', 'ZH_lbb2qq_dr', 'l_b2_mtb', 'ZH_closeb_invM', 'n_ak8jets', 'n_ak4jets', 'n_ak8_ZHbb', 'outZH_max_ak8pnetMass', 'outZH_b12_m', 'outZH_b12_dr', 'ht_b', 'ht_outZH', 'ak4_bestb_inZH', 'ak4_worstb_inZH', 'nonZHbb_q1_dr', 'nonZHbb_b1_dr', 'inZHb_outZHb_dr', 'ZH_l_dr', 'ZH_l_invM', 'l_b1_invM', 'l_b2_invM', 'l_b1_dr', 'l_b2_dr', 'spher', 'aplan', 'n_b_inZH', 'n_q_inZH', 'n_b_outZH', 'n_q_outZH', 'ZH_bbvLscore'], flatten=True, store_size=True, fill_none=True, fill_value=-999.0, pos_start=None, pos_end=None)]},
'TTbb_Hadronic': {'baseline': [ColOut(collection='events', columns=['process', 'matchedGen_ZHbb_bb', 'tt_type', 'outZH_b1_pt', 'outZH_b2_pt', 'outZH_b1_score', 'outZH_b2_score', 'outZH_q1_pt', 'outZH_q2_pt', 'outZH_q1_score', 'outZH_q2_score', 'outZH_b1_q_mindr', 'outZH_b2_q_mindr', 'outZH_q_q_dr_nearb1', 'outZH_q_q_dr_nearb2', 'outZH_qq_M_nearb1', 'outZH_qq_M_nearb2', 'outZH_b1_qq_dr', 'outZH_b2_qq_dr', 'outZH_b1qq_M', 'outZH_b2qq_M', 'ZH_b1qq_dr', 'ZH_b2qq_dr', 'ZH_lbb1qq_dr', 'ZH_lbb2qq_dr', 'l_b2_mtb', 'ZH_closeb_invM', 'n_ak8jets', 'n_ak4jets', 'n_ak8_ZHbb', 'outZH_max_ak8pnetMass', 'outZH_b12_m', 'outZH_b12_dr', 'ht_b', 'ht_outZH', 'ak4_bestb_inZH', 'ak4_worstb_inZH', 'nonZHbb_q1_dr', 'nonZHbb_b1_dr', 'inZHb_outZHb_dr', 'ZH_l_dr', 'ZH_l_invM', 'l_b1_invM', 'l_b2_invM', 'l_b1_dr', 'l_b2_dr', 'spher', 'aplan', 'n_b_inZH', 'n_q_inZH', 'n_b_outZH', 'n_q_outZH', 'ZH_bbvLscore'], flatten=True, store_size=True, fill_none=True, fill_value=-999.0, pos_start=None, pos_end=None)],
                 'btag_mask': [ColOut(collection='events', columns=['process', 'matchedGen_ZHbb_bb', 'tt_type', 'outZH_b1_pt', 'outZH_b2_pt', 'outZH_b1_score', 'outZH_b2_score', 'outZH_q1_pt', 'outZH_q2_pt', 'outZH_q1_score', 'outZH_q2_score', 'outZH_b1_q_mindr', 'outZH_b2_q_mindr', 'outZH_q_q_dr_nearb1', 'outZH_q_q_dr_nearb2', 'outZH_qq_M_nearb1', 'outZH_qq_M_nearb2', 'outZH_b1_qq_dr', 'outZH_b2_qq_dr', 'outZH_b1qq_M', 'outZH_b2qq_M', 'ZH_b1qq_dr', 'ZH_b2qq_dr', 'ZH_lbb1qq_dr', 'ZH_lbb2qq_dr', 'l_b2_mtb', 'ZH_closeb_invM', 'n_ak8jets', 'n_ak4jets', 'n_ak8_ZHbb', 'outZH_max_ak8pnetMass', 'outZH_b12_m', 'outZH_b12_dr', 'ht_b', 'ht_outZH', 'ak4_bestb_inZH', 'ak4_worstb_inZH', 'nonZHbb_q1_dr', 'nonZHbb_b1_dr', 'inZHb_outZHb_dr', 'ZH_l_dr', 'ZH_l_invM', 'l_b1_invM', 'l_b2_invM', 'l_b1_dr', 'l_b2_dr', 'spher', 'aplan', 'n_b_inZH', 'n_q_inZH', 'n_b_outZH', 'n_q_outZH', 'ZH_bbvLscore'], flatten=True, store_size=True, fill_none=True, fill_value=-999.0, pos_start=None, pos_end=None)]},
'TTbb_SemiLeptonic': {'baseline': [ColOut(collection='events', columns=['process', 'matchedGen_ZHbb_bb', 'tt_type', 'outZH_b1_pt', 'outZH_b2_pt', 'outZH_b1_score', 'outZH_b2_score', 'outZH_q1_pt', 'outZH_q2_pt', 'outZH_q1_score', 'outZH_q2_score', 'outZH_b1_q_mindr', 'outZH_b2_q_mindr', 'outZH_q_q_dr_nearb1', 'outZH_q_q_dr_nearb2', 'outZH_qq_M_nearb1', 'outZH_qq_M_nearb2', 'outZH_b1_qq_dr', 'outZH_b2_qq_dr', 'outZH_b1qq_M', 'outZH_b2qq_M', 'ZH_b1qq_dr', 'ZH_b2qq_dr', 'ZH_lbb1qq_dr', 'ZH_lbb2qq_dr', 'l_b2_mtb', 'ZH_closeb_invM', 'n_ak8jets', 'n_ak4jets', 'n_ak8_ZHbb', 'outZH_max_ak8pnetMass', 'outZH_b12_m', 'outZH_b12_dr', 'ht_b', 'ht_outZH', 'ak4_bestb_inZH', 'ak4_worstb_inZH', 'nonZHbb_q1_dr', 'nonZHbb_b1_dr', 'inZHb_outZHb_dr', 'ZH_l_dr', 'ZH_l_invM', 'l_b1_invM', 'l_b2_invM', 'l_b1_dr', 'l_b2_dr', 'spher', 'aplan', 'n_b_inZH', 'n_q_inZH', 'n_b_outZH', 'n_q_outZH', 'ZH_bbvLscore'], flatten=True, store_size=True, fill_none=True, fill_value=-999.0, pos_start=None, pos_end=None)],
                     'btag_mask': [ColOut(collection='events', columns=['process', 'matchedGen_ZHbb_bb', 'tt_type', 'outZH_b1_pt', 'outZH_b2_pt', 'outZH_b1_score', 'outZH_b2_score', 'outZH_q1_pt', 'outZH_q2_pt', 'outZH_q1_score', 'outZH_q2_score', 'outZH_b1_q_mindr', 'outZH_b2_q_mindr', 'outZH_q_q_dr_nearb1', 'outZH_q_q_dr_nearb2', 'outZH_qq_M_nearb1', 'outZH_qq_M_nearb2', 'outZH_b1_qq_dr', 'outZH_b2_qq_dr', 'outZH_b1qq_M', 'outZH_b2qq_M', 'ZH_b1qq_dr', 'ZH_b2qq_dr', 'ZH_lbb1qq_dr', 'ZH_lbb2qq_dr', 'l_b2_mtb', 'ZH_closeb_invM', 'n_ak8jets', 'n_ak4jets', 'n_ak8_ZHbb', 'outZH_max_ak8pnetMass', 'outZH_b12_m', 'outZH_b12_dr', 'ht_b', 'ht_outZH', 'ak4_bestb_inZH', 'ak4_worstb_inZH', 'nonZHbb_q1_dr', 'nonZHbb_b1_dr', 'inZHb_outZHb_dr', 'ZH_l_dr', 'ZH_l_invM', 'l_b1_invM', 'l_b2_invM', 'l_b1_dr', 'l_b2_dr', 'spher', 'aplan', 'n_b_inZH', 'n_q_inZH', 'n_b_outZH', 'n_q_outZH', 'ZH_bbvLscore'], flatten=True, store_size=True, fill_none=True, fill_value=-999.0, pos_start=None, pos_end=None)]},
'ttHToNonbb': {'baseline': [ColOut(collection='events', columns=['process', 'matchedGen_ZHbb_bb', 'tt_type', 'outZH_b1_pt', 'outZH_b2_pt', 'outZH_b1_score', 'outZH_b2_score', 'outZH_q1_pt', 'outZH_q2_pt', 'outZH_q1_score', 'outZH_q2_score', 'outZH_b1_q_mindr', 'outZH_b2_q_mindr', 'outZH_q_q_dr_nearb1', 'outZH_q_q_dr_nearb2', 'outZH_qq_M_nearb1', 'outZH_qq_M_nearb2', 'outZH_b1_qq_dr', 'outZH_b2_qq_dr', 'outZH_b1qq_M', 'outZH_b2qq_M', 'ZH_b1qq_dr', 'ZH_b2qq_dr', 'ZH_lbb1qq_dr', 'ZH_lbb2qq_dr', 'l_b2_mtb', 'ZH_closeb_invM', 'n_ak8jets', 'n_ak4jets', 'n_ak8_ZHbb', 'outZH_max_ak8pnetMass', 'outZH_b12_m', 'outZH_b12_dr', 'ht_b', 'ht_outZH', 'ak4_bestb_inZH', 'ak4_worstb_inZH', 'nonZHbb_q1_dr', 'nonZHbb_b1_dr', 'inZHb_outZHb_dr', 'ZH_l_dr', 'ZH_l_invM', 'l_b1_invM', 'l_b2_invM', 'l_b1_dr', 'l_b2_dr', 'spher', 'aplan', 'n_b_inZH', 'n_q_inZH', 'n_b_outZH', 'n_q_outZH', 'ZH_bbvLscore'], flatten=True, store_size=True, fill_none=True, fill_value=-999.0, pos_start=None, pos_end=None)],
              'btag_mask': [ColOut(collection='events', columns=['process', 'matchedGen_ZHbb_bb', 'tt_type', 'outZH_b1_pt', 'outZH_b2_pt', 'outZH_b1_score', 'outZH_b2_score', 'outZH_q1_pt', 'outZH_q2_pt', 'outZH_q1_score', 'outZH_q2_score', 'outZH_b1_q_mindr', 'outZH_b2_q_mindr', 'outZH_q_q_dr_nearb1', 'outZH_q_q_dr_nearb2', 'outZH_qq_M_nearb1', 'outZH_qq_M_nearb2', 'outZH_b1_qq_dr', 'outZH_b2_qq_dr', 'outZH_b1qq_M', 'outZH_b2qq_M', 'ZH_b1qq_dr', 'ZH_b2qq_dr', 'ZH_lbb1qq_dr', 'ZH_lbb2qq_dr', 'l_b2_mtb', 'ZH_closeb_invM', 'n_ak8jets', 'n_ak4jets', 'n_ak8_ZHbb', 'outZH_max_ak8pnetMass', 'outZH_b12_m', 'outZH_b12_dr', 'ht_b', 'ht_outZH', 'ak4_bestb_inZH', 'ak4_worstb_inZH', 'nonZHbb_q1_dr', 'nonZHbb_b1_dr', 'inZHb_outZHb_dr', 'ZH_l_dr', 'ZH_l_invM', 'l_b1_invM', 'l_b2_invM', 'l_b1_dr', 'l_b2_dr', 'spher', 'aplan', 'n_b_inZH', 'n_q_inZH', 'n_b_outZH', 'n_q_outZH', 'ZH_bbvLscore'], flatten=True, store_size=True, fill_none=True, fill_value=-999.0, pos_start=None, pos_end=None)]},
'ttHTobb': {'baseline': [ColOut(collection='events', columns=['process', 'matchedGen_ZHbb_bb', 'tt_type', 'outZH_b1_pt', 'outZH_b2_pt', 'outZH_b1_score', 'outZH_b2_score', 'outZH_q1_pt', 'outZH_q2_pt', 'outZH_q1_score', 'outZH_q2_score', 'outZH_b1_q_mindr', 'outZH_b2_q_mindr', 'outZH_q_q_dr_nearb1', 'outZH_q_q_dr_nearb2', 'outZH_qq_M_nearb1', 'outZH_qq_M_nearb2', 'outZH_b1_qq_dr', 'outZH_b2_qq_dr', 'outZH_b1qq_M', 'outZH_b2qq_M', 'ZH_b1qq_dr', 'ZH_b2qq_dr', 'ZH_lbb1qq_dr', 'ZH_lbb2qq_dr', 'l_b2_mtb', 'ZH_closeb_invM', 'n_ak8jets', 'n_ak4jets', 'n_ak8_ZHbb', 'outZH_max_ak8pnetMass', 'outZH_b12_m', 'outZH_b12_dr', 'ht_b', 'ht_outZH', 'ak4_bestb_inZH', 'ak4_worstb_inZH', 'nonZHbb_q1_dr', 'nonZHbb_b1_dr', 'inZHb_outZHb_dr', 'ZH_l_dr', 'ZH_l_invM', 'l_b1_invM', 'l_b2_invM', 'l_b1_dr', 'l_b2_dr', 'spher', 'aplan', 'n_b_inZH', 'n_q_inZH', 'n_b_outZH', 'n_q_outZH', 'ZH_bbvLscore'], flatten=True, store_size=True, fill_none=True, fill_value=-999.0, pos_start=None, pos_end=None)],
           'btag_mask': [ColOut(collection='events', columns=['process', 'matchedGen_ZHbb_bb', 'tt_type', 'outZH_b1_pt', 'outZH_b2_pt', 'outZH_b1_score', 'outZH_b2_score', 'outZH_q1_pt', 'outZH_q2_pt', 'outZH_q1_score', 'outZH_q2_score', 'outZH_b1_q_mindr', 'outZH_b2_q_mindr', 'outZH_q_q_dr_nearb1', 'outZH_q_q_dr_nearb2', 'outZH_qq_M_nearb1', 'outZH_qq_M_nearb2', 'outZH_b1_qq_dr', 'outZH_b2_qq_dr', 'outZH_b1qq_M', 'outZH_b2qq_M', 'ZH_b1qq_dr', 'ZH_b2qq_dr', 'ZH_lbb1qq_dr', 'ZH_lbb2qq_dr', 'l_b2_mtb', 'ZH_closeb_invM', 'n_ak8jets', 'n_ak4jets', 'n_ak8_ZHbb', 'outZH_max_ak8pnetMass', 'outZH_b12_m', 'outZH_b12_dr', 'ht_b', 'ht_outZH', 'ak4_bestb_inZH', 'ak4_worstb_inZH', 'nonZHbb_q1_dr', 'nonZHbb_b1_dr', 'inZHb_outZHb_dr', 'ZH_l_dr', 'ZH_l_invM', 'l_b1_invM', 'l_b2_invM', 'l_b1_dr', 'l_b2_dr', 'spher', 'aplan', 'n_b_inZH', 'n_q_inZH', 'n_b_outZH', 'n_q_outZH', 'ZH_bbvLscore'], flatten=True, store_size=True, fill_none=True, fill_value=-999.0, pos_start=None, pos_end=None)]}}
  - available weights variations: {'TTTo2L2Nu': ['pileup', 'nominal'],
'TTToHadronic': ['pileup', 'nominal'],
'TTToSemiLeptonic': ['pileup', 'nominal'],
'TTZToBB': ['pileup', 'nominal'],
'TTZToLLNuNu': ['pileup', 'nominal'],
'TTZToQQ': ['pileup', 'nominal'],
'TTbb_2L2Nu': ['pileup', 'nominal'],
'TTbb_Hadronic': ['pileup', 'nominal'],
'TTbb_SemiLeptonic': ['pileup', 'nominal'],
'ttHToNonbb': ['pileup', 'nominal'],
'ttHTobb': ['pileup', 'nominal']} 
  - available shape variations: {'TTTo2L2Nu': [],
'TTToHadronic': [],
'TTToSemiLeptonic': [],
'TTZToBB': [],
'TTZToLLNuNu': [],
'TTZToQQ': [],
'TTbb_2L2Nu': [],
'TTbb_Hadronic': [],
'TTbb_SemiLeptonic': [],
'ttHToNonbb': [],
'ttHTobb': []}
[INFO    ] Configurator instance:
  - Workflow: <class 'zhbbworkflow.ZHbbBaseProcessor'>
  - Workflow options: {}
  - N. datasets: 11 
   -- Dataset: ttHTobb_M125_M125_2017,  Sample: ttHTobb, N. files: 46, N. events: 7825000
   -- Dataset: ttHToNonbb_M125_M125_2017,  Sample: ttHToNonbb, N. files: 35, N. events: 5070989
   -- Dataset: TTZToBB__2017,  Sample: TTZToBB, N. files: 26, N. events: 7074000
   -- Dataset: TTZToQQ__2017,  Sample: TTZToQQ, N. files: 35, N. events: 13822000
   -- Dataset: TTZToLLNuNu__2017,  Sample: TTZToLLNuNu, N. files: 19, N. events: 14036000
   -- Dataset: TTbb_Hadronic__2017,  Sample: TTbb_Hadronic, N. files: 9, N. events: 5694656
   -- Dataset: TTbb_2L2Nu__2017,  Sample: TTbb_2L2Nu, N. files: 7, N. events: 3472503
   -- Dataset: TTbb_SemiLeptonic__2017,  Sample: TTbb_SemiLeptonic, N. files: 12, N. events: 7318891
   -- Dataset: TTToHadronic__2017,  Sample: TTToHadronic, N. files: 199, N. events: 232999999
   -- Dataset: TTTo2L2Nu__2017,  Sample: TTTo2L2Nu, N. files: 99, N. events: 106724000
   -- Dataset: TTToSemiLeptonic__2017,  Sample: TTToSemiLeptonic, N. files: 297, N. events: 346052000
  - Subsamples:
   -- Sample ttHTobb: StandardSelection ['ttHTobb'], (1 categories)
   -- Sample ttHToNonbb: StandardSelection ['ttHToNonbb'], (1 categories)
   -- Sample TTZToBB: StandardSelection ['TTZToBB'], (1 categories)
   -- Sample TTZToQQ: StandardSelection ['TTZToQQ'], (1 categories)
   -- Sample TTZToLLNuNu: StandardSelection ['TTZToLLNuNu'], (1 categories)
   -- Sample TTbb_Hadronic: StandardSelection ['TTbb_Hadronic'], (1 categories)
   -- Sample TTbb_2L2Nu: StandardSelection ['TTbb_2L2Nu'], (1 categories)
   -- Sample TTbb_SemiLeptonic: StandardSelection ['TTbb_SemiLeptonic'], (1 categories)
   -- Sample TTToHadronic: StandardSelection ['TTToHadronic'], (1 categories)
   -- Sample TTTo2L2Nu: StandardSelection ['TTTo2L2Nu'], (1 categories)
   -- Sample TTToSemiLeptonic: StandardSelection ['TTToSemiLeptonic'], (1 categories)
  - Skim: ['preSkimCut']
  - Preselection: ['eventSelection']
  - Categories: StandardSelection ['baseline', 'btag_mask'], (2 categories)
  - Variables:  ['mAK8', 'zhbbtag', 'zhbbtag_sorted', 'outZH_b1_pt']
  - Columns: {'TTTo2L2Nu': {'baseline': [ColOut(collection='events', columns=['process', 'matchedGen_ZHbb_bb', 'tt_type', 'outZH_b1_pt', 'outZH_b2_pt', 'outZH_b1_score', 'outZH_b2_score', 'outZH_q1_pt', 'outZH_q2_pt', 'outZH_q1_score', 'outZH_q2_score', 'outZH_b1_q_mindr', 'outZH_b2_q_mindr', 'outZH_q_q_dr_nearb1', 'outZH_q_q_dr_nearb2', 'outZH_qq_M_nearb1', 'outZH_qq_M_nearb2', 'outZH_b1_qq_dr', 'outZH_b2_qq_dr', 'outZH_b1qq_M', 'outZH_b2qq_M', 'ZH_b1qq_dr', 'ZH_b2qq_dr', 'ZH_lbb1qq_dr', 'ZH_lbb2qq_dr', 'l_b2_mtb', 'ZH_closeb_invM', 'n_ak8jets', 'n_ak4jets', 'n_ak8_ZHbb', 'outZH_max_ak8pnetMass', 'outZH_b12_m', 'outZH_b12_dr', 'ht_b', 'ht_outZH', 'ak4_bestb_inZH', 'ak4_worstb_inZH', 'nonZHbb_q1_dr', 'nonZHbb_b1_dr', 'inZHb_outZHb_dr', 'ZH_l_dr', 'ZH_l_invM', 'l_b1_invM', 'l_b2_invM', 'l_b1_dr', 'l_b2_dr', 'spher', 'aplan', 'n_b_inZH', 'n_q_inZH', 'n_b_outZH', 'n_q_outZH', 'ZH_bbvLscore'], flatten=True, store_size=True, fill_none=True, fill_value=-999.0, pos_start=None, pos_end=None)],
             'btag_mask': [ColOut(collection='events', columns=['process', 'matchedGen_ZHbb_bb', 'tt_type', 'outZH_b1_pt', 'outZH_b2_pt', 'outZH_b1_score', 'outZH_b2_score', 'outZH_q1_pt', 'outZH_q2_pt', 'outZH_q1_score', 'outZH_q2_score', 'outZH_b1_q_mindr', 'outZH_b2_q_mindr', 'outZH_q_q_dr_nearb1', 'outZH_q_q_dr_nearb2', 'outZH_qq_M_nearb1', 'outZH_qq_M_nearb2', 'outZH_b1_qq_dr', 'outZH_b2_qq_dr', 'outZH_b1qq_M', 'outZH_b2qq_M', 'ZH_b1qq_dr', 'ZH_b2qq_dr', 'ZH_lbb1qq_dr', 'ZH_lbb2qq_dr', 'l_b2_mtb', 'ZH_closeb_invM', 'n_ak8jets', 'n_ak4jets', 'n_ak8_ZHbb', 'outZH_max_ak8pnetMass', 'outZH_b12_m', 'outZH_b12_dr', 'ht_b', 'ht_outZH', 'ak4_bestb_inZH', 'ak4_worstb_inZH', 'nonZHbb_q1_dr', 'nonZHbb_b1_dr', 'inZHb_outZHb_dr', 'ZH_l_dr', 'ZH_l_invM', 'l_b1_invM', 'l_b2_invM', 'l_b1_dr', 'l_b2_dr', 'spher', 'aplan', 'n_b_inZH', 'n_q_inZH', 'n_b_outZH', 'n_q_outZH', 'ZH_bbvLscore'], flatten=True, store_size=True, fill_none=True, fill_value=-999.0, pos_start=None, pos_end=None)]},
'TTToHadronic': {'baseline': [ColOut(collection='events', columns=['process', 'matchedGen_ZHbb_bb', 'tt_type', 'outZH_b1_pt', 'outZH_b2_pt', 'outZH_b1_score', 'outZH_b2_score', 'outZH_q1_pt', 'outZH_q2_pt', 'outZH_q1_score', 'outZH_q2_score', 'outZH_b1_q_mindr', 'outZH_b2_q_mindr', 'outZH_q_q_dr_nearb1', 'outZH_q_q_dr_nearb2', 'outZH_qq_M_nearb1', 'outZH_qq_M_nearb2', 'outZH_b1_qq_dr', 'outZH_b2_qq_dr', 'outZH_b1qq_M', 'outZH_b2qq_M', 'ZH_b1qq_dr', 'ZH_b2qq_dr', 'ZH_lbb1qq_dr', 'ZH_lbb2qq_dr', 'l_b2_mtb', 'ZH_closeb_invM', 'n_ak8jets', 'n_ak4jets', 'n_ak8_ZHbb', 'outZH_max_ak8pnetMass', 'outZH_b12_m', 'outZH_b12_dr', 'ht_b', 'ht_outZH', 'ak4_bestb_inZH', 'ak4_worstb_inZH', 'nonZHbb_q1_dr', 'nonZHbb_b1_dr', 'inZHb_outZHb_dr', 'ZH_l_dr', 'ZH_l_invM', 'l_b1_invM', 'l_b2_invM', 'l_b1_dr', 'l_b2_dr', 'spher', 'aplan', 'n_b_inZH', 'n_q_inZH', 'n_b_outZH', 'n_q_outZH', 'ZH_bbvLscore'], flatten=True, store_size=True, fill_none=True, fill_value=-999.0, pos_start=None, pos_end=None)],
                'btag_mask': [ColOut(collection='events', columns=['process', 'matchedGen_ZHbb_bb', 'tt_type', 'outZH_b1_pt', 'outZH_b2_pt', 'outZH_b1_score', 'outZH_b2_score', 'outZH_q1_pt', 'outZH_q2_pt', 'outZH_q1_score', 'outZH_q2_score', 'outZH_b1_q_mindr', 'outZH_b2_q_mindr', 'outZH_q_q_dr_nearb1', 'outZH_q_q_dr_nearb2', 'outZH_qq_M_nearb1', 'outZH_qq_M_nearb2', 'outZH_b1_qq_dr', 'outZH_b2_qq_dr', 'outZH_b1qq_M', 'outZH_b2qq_M', 'ZH_b1qq_dr', 'ZH_b2qq_dr', 'ZH_lbb1qq_dr', 'ZH_lbb2qq_dr', 'l_b2_mtb', 'ZH_closeb_invM', 'n_ak8jets', 'n_ak4jets', 'n_ak8_ZHbb', 'outZH_max_ak8pnetMass', 'outZH_b12_m', 'outZH_b12_dr', 'ht_b', 'ht_outZH', 'ak4_bestb_inZH', 'ak4_worstb_inZH', 'nonZHbb_q1_dr', 'nonZHbb_b1_dr', 'inZHb_outZHb_dr', 'ZH_l_dr', 'ZH_l_invM', 'l_b1_invM', 'l_b2_invM', 'l_b1_dr', 'l_b2_dr', 'spher', 'aplan', 'n_b_inZH', 'n_q_inZH', 'n_b_outZH', 'n_q_outZH', 'ZH_bbvLscore'], flatten=True, store_size=True, fill_none=True, fill_value=-999.0, pos_start=None, pos_end=None)]},
'TTToSemiLeptonic': {'baseline': [ColOut(collection='events', columns=['process', 'matchedGen_ZHbb_bb', 'tt_type', 'outZH_b1_pt', 'outZH_b2_pt', 'outZH_b1_score', 'outZH_b2_score', 'outZH_q1_pt', 'outZH_q2_pt', 'outZH_q1_score', 'outZH_q2_score', 'outZH_b1_q_mindr', 'outZH_b2_q_mindr', 'outZH_q_q_dr_nearb1', 'outZH_q_q_dr_nearb2', 'outZH_qq_M_nearb1', 'outZH_qq_M_nearb2', 'outZH_b1_qq_dr', 'outZH_b2_qq_dr', 'outZH_b1qq_M', 'outZH_b2qq_M', 'ZH_b1qq_dr', 'ZH_b2qq_dr', 'ZH_lbb1qq_dr', 'ZH_lbb2qq_dr', 'l_b2_mtb', 'ZH_closeb_invM', 'n_ak8jets', 'n_ak4jets', 'n_ak8_ZHbb', 'outZH_max_ak8pnetMass', 'outZH_b12_m', 'outZH_b12_dr', 'ht_b', 'ht_outZH', 'ak4_bestb_inZH', 'ak4_worstb_inZH', 'nonZHbb_q1_dr', 'nonZHbb_b1_dr', 'inZHb_outZHb_dr', 'ZH_l_dr', 'ZH_l_invM', 'l_b1_invM', 'l_b2_invM', 'l_b1_dr', 'l_b2_dr', 'spher', 'aplan', 'n_b_inZH', 'n_q_inZH', 'n_b_outZH', 'n_q_outZH', 'ZH_bbvLscore'], flatten=True, store_size=True, fill_none=True, fill_value=-999.0, pos_start=None, pos_end=None)],
                    'btag_mask': [ColOut(collection='events', columns=['process', 'matchedGen_ZHbb_bb', 'tt_type', 'outZH_b1_pt', 'outZH_b2_pt', 'outZH_b1_score', 'outZH_b2_score', 'outZH_q1_pt', 'outZH_q2_pt', 'outZH_q1_score', 'outZH_q2_score', 'outZH_b1_q_mindr', 'outZH_b2_q_mindr', 'outZH_q_q_dr_nearb1', 'outZH_q_q_dr_nearb2', 'outZH_qq_M_nearb1', 'outZH_qq_M_nearb2', 'outZH_b1_qq_dr', 'outZH_b2_qq_dr', 'outZH_b1qq_M', 'outZH_b2qq_M', 'ZH_b1qq_dr', 'ZH_b2qq_dr', 'ZH_lbb1qq_dr', 'ZH_lbb2qq_dr', 'l_b2_mtb', 'ZH_closeb_invM', 'n_ak8jets', 'n_ak4jets', 'n_ak8_ZHbb', 'outZH_max_ak8pnetMass', 'outZH_b12_m', 'outZH_b12_dr', 'ht_b', 'ht_outZH', 'ak4_bestb_inZH', 'ak4_worstb_inZH', 'nonZHbb_q1_dr', 'nonZHbb_b1_dr', 'inZHb_outZHb_dr', 'ZH_l_dr', 'ZH_l_invM', 'l_b1_invM', 'l_b2_invM', 'l_b1_dr', 'l_b2_dr', 'spher', 'aplan', 'n_b_inZH', 'n_q_inZH', 'n_b_outZH', 'n_q_outZH', 'ZH_bbvLscore'], flatten=True, store_size=True, fill_none=True, fill_value=-999.0, pos_start=None, pos_end=None)]},
'TTZToBB': {'baseline': [ColOut(collection='events', columns=['process', 'matchedGen_ZHbb_bb', 'tt_type', 'outZH_b1_pt', 'outZH_b2_pt', 'outZH_b1_score', 'outZH_b2_score', 'outZH_q1_pt', 'outZH_q2_pt', 'outZH_q1_score', 'outZH_q2_score', 'outZH_b1_q_mindr', 'outZH_b2_q_mindr', 'outZH_q_q_dr_nearb1', 'outZH_q_q_dr_nearb2', 'outZH_qq_M_nearb1', 'outZH_qq_M_nearb2', 'outZH_b1_qq_dr', 'outZH_b2_qq_dr', 'outZH_b1qq_M', 'outZH_b2qq_M', 'ZH_b1qq_dr', 'ZH_b2qq_dr', 'ZH_lbb1qq_dr', 'ZH_lbb2qq_dr', 'l_b2_mtb', 'ZH_closeb_invM', 'n_ak8jets', 'n_ak4jets', 'n_ak8_ZHbb', 'outZH_max_ak8pnetMass', 'outZH_b12_m', 'outZH_b12_dr', 'ht_b', 'ht_outZH', 'ak4_bestb_inZH', 'ak4_worstb_inZH', 'nonZHbb_q1_dr', 'nonZHbb_b1_dr', 'inZHb_outZHb_dr', 'ZH_l_dr', 'ZH_l_invM', 'l_b1_invM', 'l_b2_invM', 'l_b1_dr', 'l_b2_dr', 'spher', 'aplan', 'n_b_inZH', 'n_q_inZH', 'n_b_outZH', 'n_q_outZH', 'ZH_bbvLscore'], flatten=True, store_size=True, fill_none=True, fill_value=-999.0, pos_start=None, pos_end=None)],
           'btag_mask': [ColOut(collection='events', columns=['process', 'matchedGen_ZHbb_bb', 'tt_type', 'outZH_b1_pt', 'outZH_b2_pt', 'outZH_b1_score', 'outZH_b2_score', 'outZH_q1_pt', 'outZH_q2_pt', 'outZH_q1_score', 'outZH_q2_score', 'outZH_b1_q_mindr', 'outZH_b2_q_mindr', 'outZH_q_q_dr_nearb1', 'outZH_q_q_dr_nearb2', 'outZH_qq_M_nearb1', 'outZH_qq_M_nearb2', 'outZH_b1_qq_dr', 'outZH_b2_qq_dr', 'outZH_b1qq_M', 'outZH_b2qq_M', 'ZH_b1qq_dr', 'ZH_b2qq_dr', 'ZH_lbb1qq_dr', 'ZH_lbb2qq_dr', 'l_b2_mtb', 'ZH_closeb_invM', 'n_ak8jets', 'n_ak4jets', 'n_ak8_ZHbb', 'outZH_max_ak8pnetMass', 'outZH_b12_m', 'outZH_b12_dr', 'ht_b', 'ht_outZH', 'ak4_bestb_inZH', 'ak4_worstb_inZH', 'nonZHbb_q1_dr', 'nonZHbb_b1_dr', 'inZHb_outZHb_dr', 'ZH_l_dr', 'ZH_l_invM', 'l_b1_invM', 'l_b2_invM', 'l_b1_dr', 'l_b2_dr', 'spher', 'aplan', 'n_b_inZH', 'n_q_inZH', 'n_b_outZH', 'n_q_outZH', 'ZH_bbvLscore'], flatten=True, store_size=True, fill_none=True, fill_value=-999.0, pos_start=None, pos_end=None)]},
'TTZToLLNuNu': {'baseline': [ColOut(collection='events', columns=['process', 'matchedGen_ZHbb_bb', 'tt_type', 'outZH_b1_pt', 'outZH_b2_pt', 'outZH_b1_score', 'outZH_b2_score', 'outZH_q1_pt', 'outZH_q2_pt', 'outZH_q1_score', 'outZH_q2_score', 'outZH_b1_q_mindr', 'outZH_b2_q_mindr', 'outZH_q_q_dr_nearb1', 'outZH_q_q_dr_nearb2', 'outZH_qq_M_nearb1', 'outZH_qq_M_nearb2', 'outZH_b1_qq_dr', 'outZH_b2_qq_dr', 'outZH_b1qq_M', 'outZH_b2qq_M', 'ZH_b1qq_dr', 'ZH_b2qq_dr', 'ZH_lbb1qq_dr', 'ZH_lbb2qq_dr', 'l_b2_mtb', 'ZH_closeb_invM', 'n_ak8jets', 'n_ak4jets', 'n_ak8_ZHbb', 'outZH_max_ak8pnetMass', 'outZH_b12_m', 'outZH_b12_dr', 'ht_b', 'ht_outZH', 'ak4_bestb_inZH', 'ak4_worstb_inZH', 'nonZHbb_q1_dr', 'nonZHbb_b1_dr', 'inZHb_outZHb_dr', 'ZH_l_dr', 'ZH_l_invM', 'l_b1_invM', 'l_b2_invM', 'l_b1_dr', 'l_b2_dr', 'spher', 'aplan', 'n_b_inZH', 'n_q_inZH', 'n_b_outZH', 'n_q_outZH', 'ZH_bbvLscore'], flatten=True, store_size=True, fill_none=True, fill_value=-999.0, pos_start=None, pos_end=None)],
               'btag_mask': [ColOut(collection='events', columns=['process', 'matchedGen_ZHbb_bb', 'tt_type', 'outZH_b1_pt', 'outZH_b2_pt', 'outZH_b1_score', 'outZH_b2_score', 'outZH_q1_pt', 'outZH_q2_pt', 'outZH_q1_score', 'outZH_q2_score', 'outZH_b1_q_mindr', 'outZH_b2_q_mindr', 'outZH_q_q_dr_nearb1', 'outZH_q_q_dr_nearb2', 'outZH_qq_M_nearb1', 'outZH_qq_M_nearb2', 'outZH_b1_qq_dr', 'outZH_b2_qq_dr', 'outZH_b1qq_M', 'outZH_b2qq_M', 'ZH_b1qq_dr', 'ZH_b2qq_dr', 'ZH_lbb1qq_dr', 'ZH_lbb2qq_dr', 'l_b2_mtb', 'ZH_closeb_invM', 'n_ak8jets', 'n_ak4jets', 'n_ak8_ZHbb', 'outZH_max_ak8pnetMass', 'outZH_b12_m', 'outZH_b12_dr', 'ht_b', 'ht_outZH', 'ak4_bestb_inZH', 'ak4_worstb_inZH', 'nonZHbb_q1_dr', 'nonZHbb_b1_dr', 'inZHb_outZHb_dr', 'ZH_l_dr', 'ZH_l_invM', 'l_b1_invM', 'l_b2_invM', 'l_b1_dr', 'l_b2_dr', 'spher', 'aplan', 'n_b_inZH', 'n_q_inZH', 'n_b_outZH', 'n_q_outZH', 'ZH_bbvLscore'], flatten=True, store_size=True, fill_none=True, fill_value=-999.0, pos_start=None, pos_end=None)]},
'TTZToQQ': {'baseline': [ColOut(collection='events', columns=['process', 'matchedGen_ZHbb_bb', 'tt_type', 'outZH_b1_pt', 'outZH_b2_pt', 'outZH_b1_score', 'outZH_b2_score', 'outZH_q1_pt', 'outZH_q2_pt', 'outZH_q1_score', 'outZH_q2_score', 'outZH_b1_q_mindr', 'outZH_b2_q_mindr', 'outZH_q_q_dr_nearb1', 'outZH_q_q_dr_nearb2', 'outZH_qq_M_nearb1', 'outZH_qq_M_nearb2', 'outZH_b1_qq_dr', 'outZH_b2_qq_dr', 'outZH_b1qq_M', 'outZH_b2qq_M', 'ZH_b1qq_dr', 'ZH_b2qq_dr', 'ZH_lbb1qq_dr', 'ZH_lbb2qq_dr', 'l_b2_mtb', 'ZH_closeb_invM', 'n_ak8jets', 'n_ak4jets', 'n_ak8_ZHbb', 'outZH_max_ak8pnetMass', 'outZH_b12_m', 'outZH_b12_dr', 'ht_b', 'ht_outZH', 'ak4_bestb_inZH', 'ak4_worstb_inZH', 'nonZHbb_q1_dr', 'nonZHbb_b1_dr', 'inZHb_outZHb_dr', 'ZH_l_dr', 'ZH_l_invM', 'l_b1_invM', 'l_b2_invM', 'l_b1_dr', 'l_b2_dr', 'spher', 'aplan', 'n_b_inZH', 'n_q_inZH', 'n_b_outZH', 'n_q_outZH', 'ZH_bbvLscore'], flatten=True, store_size=True, fill_none=True, fill_value=-999.0, pos_start=None, pos_end=None)],
           'btag_mask': [ColOut(collection='events', columns=['process', 'matchedGen_ZHbb_bb', 'tt_type', 'outZH_b1_pt', 'outZH_b2_pt', 'outZH_b1_score', 'outZH_b2_score', 'outZH_q1_pt', 'outZH_q2_pt', 'outZH_q1_score', 'outZH_q2_score', 'outZH_b1_q_mindr', 'outZH_b2_q_mindr', 'outZH_q_q_dr_nearb1', 'outZH_q_q_dr_nearb2', 'outZH_qq_M_nearb1', 'outZH_qq_M_nearb2', 'outZH_b1_qq_dr', 'outZH_b2_qq_dr', 'outZH_b1qq_M', 'outZH_b2qq_M', 'ZH_b1qq_dr', 'ZH_b2qq_dr', 'ZH_lbb1qq_dr', 'ZH_lbb2qq_dr', 'l_b2_mtb', 'ZH_closeb_invM', 'n_ak8jets', 'n_ak4jets', 'n_ak8_ZHbb', 'outZH_max_ak8pnetMass', 'outZH_b12_m', 'outZH_b12_dr', 'ht_b', 'ht_outZH', 'ak4_bestb_inZH', 'ak4_worstb_inZH', 'nonZHbb_q1_dr', 'nonZHbb_b1_dr', 'inZHb_outZHb_dr', 'ZH_l_dr', 'ZH_l_invM', 'l_b1_invM', 'l_b2_invM', 'l_b1_dr', 'l_b2_dr', 'spher', 'aplan', 'n_b_inZH', 'n_q_inZH', 'n_b_outZH', 'n_q_outZH', 'ZH_bbvLscore'], flatten=True, store_size=True, fill_none=True, fill_value=-999.0, pos_start=None, pos_end=None)]},
'TTbb_2L2Nu': {'baseline': [ColOut(collection='events', columns=['process', 'matchedGen_ZHbb_bb', 'tt_type', 'outZH_b1_pt', 'outZH_b2_pt', 'outZH_b1_score', 'outZH_b2_score', 'outZH_q1_pt', 'outZH_q2_pt', 'outZH_q1_score', 'outZH_q2_score', 'outZH_b1_q_mindr', 'outZH_b2_q_mindr', 'outZH_q_q_dr_nearb1', 'outZH_q_q_dr_nearb2', 'outZH_qq_M_nearb1', 'outZH_qq_M_nearb2', 'outZH_b1_qq_dr', 'outZH_b2_qq_dr', 'outZH_b1qq_M', 'outZH_b2qq_M', 'ZH_b1qq_dr', 'ZH_b2qq_dr', 'ZH_lbb1qq_dr', 'ZH_lbb2qq_dr', 'l_b2_mtb', 'ZH_closeb_invM', 'n_ak8jets', 'n_ak4jets', 'n_ak8_ZHbb', 'outZH_max_ak8pnetMass', 'outZH_b12_m', 'outZH_b12_dr', 'ht_b', 'ht_outZH', 'ak4_bestb_inZH', 'ak4_worstb_inZH', 'nonZHbb_q1_dr', 'nonZHbb_b1_dr', 'inZHb_outZHb_dr', 'ZH_l_dr', 'ZH_l_invM', 'l_b1_invM', 'l_b2_invM', 'l_b1_dr', 'l_b2_dr', 'spher', 'aplan', 'n_b_inZH', 'n_q_inZH', 'n_b_outZH', 'n_q_outZH', 'ZH_bbvLscore'], flatten=True, store_size=True, fill_none=True, fill_value=-999.0, pos_start=None, pos_end=None)],
              'btag_mask': [ColOut(collection='events', columns=['process', 'matchedGen_ZHbb_bb', 'tt_type', 'outZH_b1_pt', 'outZH_b2_pt', 'outZH_b1_score', 'outZH_b2_score', 'outZH_q1_pt', 'outZH_q2_pt', 'outZH_q1_score', 'outZH_q2_score', 'outZH_b1_q_mindr', 'outZH_b2_q_mindr', 'outZH_q_q_dr_nearb1', 'outZH_q_q_dr_nearb2', 'outZH_qq_M_nearb1', 'outZH_qq_M_nearb2', 'outZH_b1_qq_dr', 'outZH_b2_qq_dr', 'outZH_b1qq_M', 'outZH_b2qq_M', 'ZH_b1qq_dr', 'ZH_b2qq_dr', 'ZH_lbb1qq_dr', 'ZH_lbb2qq_dr', 'l_b2_mtb', 'ZH_closeb_invM', 'n_ak8jets', 'n_ak4jets', 'n_ak8_ZHbb', 'outZH_max_ak8pnetMass', 'outZH_b12_m', 'outZH_b12_dr', 'ht_b', 'ht_outZH', 'ak4_bestb_inZH', 'ak4_worstb_inZH', 'nonZHbb_q1_dr', 'nonZHbb_b1_dr', 'inZHb_outZHb_dr', 'ZH_l_dr', 'ZH_l_invM', 'l_b1_invM', 'l_b2_invM', 'l_b1_dr', 'l_b2_dr', 'spher', 'aplan', 'n_b_inZH', 'n_q_inZH', 'n_b_outZH', 'n_q_outZH', 'ZH_bbvLscore'], flatten=True, store_size=True, fill_none=True, fill_value=-999.0, pos_start=None, pos_end=None)]},
'TTbb_Hadronic': {'baseline': [ColOut(collection='events', columns=['process', 'matchedGen_ZHbb_bb', 'tt_type', 'outZH_b1_pt', 'outZH_b2_pt', 'outZH_b1_score', 'outZH_b2_score', 'outZH_q1_pt', 'outZH_q2_pt', 'outZH_q1_score', 'outZH_q2_score', 'outZH_b1_q_mindr', 'outZH_b2_q_mindr', 'outZH_q_q_dr_nearb1', 'outZH_q_q_dr_nearb2', 'outZH_qq_M_nearb1', 'outZH_qq_M_nearb2', 'outZH_b1_qq_dr', 'outZH_b2_qq_dr', 'outZH_b1qq_M', 'outZH_b2qq_M', 'ZH_b1qq_dr', 'ZH_b2qq_dr', 'ZH_lbb1qq_dr', 'ZH_lbb2qq_dr', 'l_b2_mtb', 'ZH_closeb_invM', 'n_ak8jets', 'n_ak4jets', 'n_ak8_ZHbb', 'outZH_max_ak8pnetMass', 'outZH_b12_m', 'outZH_b12_dr', 'ht_b', 'ht_outZH', 'ak4_bestb_inZH', 'ak4_worstb_inZH', 'nonZHbb_q1_dr', 'nonZHbb_b1_dr', 'inZHb_outZHb_dr', 'ZH_l_dr', 'ZH_l_invM', 'l_b1_invM', 'l_b2_invM', 'l_b1_dr', 'l_b2_dr', 'spher', 'aplan', 'n_b_inZH', 'n_q_inZH', 'n_b_outZH', 'n_q_outZH', 'ZH_bbvLscore'], flatten=True, store_size=True, fill_none=True, fill_value=-999.0, pos_start=None, pos_end=None)],
                 'btag_mask': [ColOut(collection='events', columns=['process', 'matchedGen_ZHbb_bb', 'tt_type', 'outZH_b1_pt', 'outZH_b2_pt', 'outZH_b1_score', 'outZH_b2_score', 'outZH_q1_pt', 'outZH_q2_pt', 'outZH_q1_score', 'outZH_q2_score', 'outZH_b1_q_mindr', 'outZH_b2_q_mindr', 'outZH_q_q_dr_nearb1', 'outZH_q_q_dr_nearb2', 'outZH_qq_M_nearb1', 'outZH_qq_M_nearb2', 'outZH_b1_qq_dr', 'outZH_b2_qq_dr', 'outZH_b1qq_M', 'outZH_b2qq_M', 'ZH_b1qq_dr', 'ZH_b2qq_dr', 'ZH_lbb1qq_dr', 'ZH_lbb2qq_dr', 'l_b2_mtb', 'ZH_closeb_invM', 'n_ak8jets', 'n_ak4jets', 'n_ak8_ZHbb', 'outZH_max_ak8pnetMass', 'outZH_b12_m', 'outZH_b12_dr', 'ht_b', 'ht_outZH', 'ak4_bestb_inZH', 'ak4_worstb_inZH', 'nonZHbb_q1_dr', 'nonZHbb_b1_dr', 'inZHb_outZHb_dr', 'ZH_l_dr', 'ZH_l_invM', 'l_b1_invM', 'l_b2_invM', 'l_b1_dr', 'l_b2_dr', 'spher', 'aplan', 'n_b_inZH', 'n_q_inZH', 'n_b_outZH', 'n_q_outZH', 'ZH_bbvLscore'], flatten=True, store_size=True, fill_none=True, fill_value=-999.0, pos_start=None, pos_end=None)]},
'TTbb_SemiLeptonic': {'baseline': [ColOut(collection='events', columns=['process', 'matchedGen_ZHbb_bb', 'tt_type', 'outZH_b1_pt', 'outZH_b2_pt', 'outZH_b1_score', 'outZH_b2_score', 'outZH_q1_pt', 'outZH_q2_pt', 'outZH_q1_score', 'outZH_q2_score', 'outZH_b1_q_mindr', 'outZH_b2_q_mindr', 'outZH_q_q_dr_nearb1', 'outZH_q_q_dr_nearb2', 'outZH_qq_M_nearb1', 'outZH_qq_M_nearb2', 'outZH_b1_qq_dr', 'outZH_b2_qq_dr', 'outZH_b1qq_M', 'outZH_b2qq_M', 'ZH_b1qq_dr', 'ZH_b2qq_dr', 'ZH_lbb1qq_dr', 'ZH_lbb2qq_dr', 'l_b2_mtb', 'ZH_closeb_invM', 'n_ak8jets', 'n_ak4jets', 'n_ak8_ZHbb', 'outZH_max_ak8pnetMass', 'outZH_b12_m', 'outZH_b12_dr', 'ht_b', 'ht_outZH', 'ak4_bestb_inZH', 'ak4_worstb_inZH', 'nonZHbb_q1_dr', 'nonZHbb_b1_dr', 'inZHb_outZHb_dr', 'ZH_l_dr', 'ZH_l_invM', 'l_b1_invM', 'l_b2_invM', 'l_b1_dr', 'l_b2_dr', 'spher', 'aplan', 'n_b_inZH', 'n_q_inZH', 'n_b_outZH', 'n_q_outZH', 'ZH_bbvLscore'], flatten=True, store_size=True, fill_none=True, fill_value=-999.0, pos_start=None, pos_end=None)],
                     'btag_mask': [ColOut(collection='events', columns=['process', 'matchedGen_ZHbb_bb', 'tt_type', 'outZH_b1_pt', 'outZH_b2_pt', 'outZH_b1_score', 'outZH_b2_score', 'outZH_q1_pt', 'outZH_q2_pt', 'outZH_q1_score', 'outZH_q2_score', 'outZH_b1_q_mindr', 'outZH_b2_q_mindr', 'outZH_q_q_dr_nearb1', 'outZH_q_q_dr_nearb2', 'outZH_qq_M_nearb1', 'outZH_qq_M_nearb2', 'outZH_b1_qq_dr', 'outZH_b2_qq_dr', 'outZH_b1qq_M', 'outZH_b2qq_M', 'ZH_b1qq_dr', 'ZH_b2qq_dr', 'ZH_lbb1qq_dr', 'ZH_lbb2qq_dr', 'l_b2_mtb', 'ZH_closeb_invM', 'n_ak8jets', 'n_ak4jets', 'n_ak8_ZHbb', 'outZH_max_ak8pnetMass', 'outZH_b12_m', 'outZH_b12_dr', 'ht_b', 'ht_outZH', 'ak4_bestb_inZH', 'ak4_worstb_inZH', 'nonZHbb_q1_dr', 'nonZHbb_b1_dr', 'inZHb_outZHb_dr', 'ZH_l_dr', 'ZH_l_invM', 'l_b1_invM', 'l_b2_invM', 'l_b1_dr', 'l_b2_dr', 'spher', 'aplan', 'n_b_inZH', 'n_q_inZH', 'n_b_outZH', 'n_q_outZH', 'ZH_bbvLscore'], flatten=True, store_size=True, fill_none=True, fill_value=-999.0, pos_start=None, pos_end=None)]},
'ttHToNonbb': {'baseline': [ColOut(collection='events', columns=['process', 'matchedGen_ZHbb_bb', 'tt_type', 'outZH_b1_pt', 'outZH_b2_pt', 'outZH_b1_score', 'outZH_b2_score', 'outZH_q1_pt', 'outZH_q2_pt', 'outZH_q1_score', 'outZH_q2_score', 'outZH_b1_q_mindr', 'outZH_b2_q_mindr', 'outZH_q_q_dr_nearb1', 'outZH_q_q_dr_nearb2', 'outZH_qq_M_nearb1', 'outZH_qq_M_nearb2', 'outZH_b1_qq_dr', 'outZH_b2_qq_dr', 'outZH_b1qq_M', 'outZH_b2qq_M', 'ZH_b1qq_dr', 'ZH_b2qq_dr', 'ZH_lbb1qq_dr', 'ZH_lbb2qq_dr', 'l_b2_mtb', 'ZH_closeb_invM', 'n_ak8jets', 'n_ak4jets', 'n_ak8_ZHbb', 'outZH_max_ak8pnetMass', 'outZH_b12_m', 'outZH_b12_dr', 'ht_b', 'ht_outZH', 'ak4_bestb_inZH', 'ak4_worstb_inZH', 'nonZHbb_q1_dr', 'nonZHbb_b1_dr', 'inZHb_outZHb_dr', 'ZH_l_dr', 'ZH_l_invM', 'l_b1_invM', 'l_b2_invM', 'l_b1_dr', 'l_b2_dr', 'spher', 'aplan', 'n_b_inZH', 'n_q_inZH', 'n_b_outZH', 'n_q_outZH', 'ZH_bbvLscore'], flatten=True, store_size=True, fill_none=True, fill_value=-999.0, pos_start=None, pos_end=None)],
              'btag_mask': [ColOut(collection='events', columns=['process', 'matchedGen_ZHbb_bb', 'tt_type', 'outZH_b1_pt', 'outZH_b2_pt', 'outZH_b1_score', 'outZH_b2_score', 'outZH_q1_pt', 'outZH_q2_pt', 'outZH_q1_score', 'outZH_q2_score', 'outZH_b1_q_mindr', 'outZH_b2_q_mindr', 'outZH_q_q_dr_nearb1', 'outZH_q_q_dr_nearb2', 'outZH_qq_M_nearb1', 'outZH_qq_M_nearb2', 'outZH_b1_qq_dr', 'outZH_b2_qq_dr', 'outZH_b1qq_M', 'outZH_b2qq_M', 'ZH_b1qq_dr', 'ZH_b2qq_dr', 'ZH_lbb1qq_dr', 'ZH_lbb2qq_dr', 'l_b2_mtb', 'ZH_closeb_invM', 'n_ak8jets', 'n_ak4jets', 'n_ak8_ZHbb', 'outZH_max_ak8pnetMass', 'outZH_b12_m', 'outZH_b12_dr', 'ht_b', 'ht_outZH', 'ak4_bestb_inZH', 'ak4_worstb_inZH', 'nonZHbb_q1_dr', 'nonZHbb_b1_dr', 'inZHb_outZHb_dr', 'ZH_l_dr', 'ZH_l_invM', 'l_b1_invM', 'l_b2_invM', 'l_b1_dr', 'l_b2_dr', 'spher', 'aplan', 'n_b_inZH', 'n_q_inZH', 'n_b_outZH', 'n_q_outZH', 'ZH_bbvLscore'], flatten=True, store_size=True, fill_none=True, fill_value=-999.0, pos_start=None, pos_end=None)]},
'ttHTobb': {'baseline': [ColOut(collection='events', columns=['process', 'matchedGen_ZHbb_bb', 'tt_type', 'outZH_b1_pt', 'outZH_b2_pt', 'outZH_b1_score', 'outZH_b2_score', 'outZH_q1_pt', 'outZH_q2_pt', 'outZH_q1_score', 'outZH_q2_score', 'outZH_b1_q_mindr', 'outZH_b2_q_mindr', 'outZH_q_q_dr_nearb1', 'outZH_q_q_dr_nearb2', 'outZH_qq_M_nearb1', 'outZH_qq_M_nearb2', 'outZH_b1_qq_dr', 'outZH_b2_qq_dr', 'outZH_b1qq_M', 'outZH_b2qq_M', 'ZH_b1qq_dr', 'ZH_b2qq_dr', 'ZH_lbb1qq_dr', 'ZH_lbb2qq_dr', 'l_b2_mtb', 'ZH_closeb_invM', 'n_ak8jets', 'n_ak4jets', 'n_ak8_ZHbb', 'outZH_max_ak8pnetMass', 'outZH_b12_m', 'outZH_b12_dr', 'ht_b', 'ht_outZH', 'ak4_bestb_inZH', 'ak4_worstb_inZH', 'nonZHbb_q1_dr', 'nonZHbb_b1_dr', 'inZHb_outZHb_dr', 'ZH_l_dr', 'ZH_l_invM', 'l_b1_invM', 'l_b2_invM', 'l_b1_dr', 'l_b2_dr', 'spher', 'aplan', 'n_b_inZH', 'n_q_inZH', 'n_b_outZH', 'n_q_outZH', 'ZH_bbvLscore'], flatten=True, store_size=True, fill_none=True, fill_value=-999.0, pos_start=None, pos_end=None)],
           'btag_mask': [ColOut(collection='events', columns=['process', 'matchedGen_ZHbb_bb', 'tt_type', 'outZH_b1_pt', 'outZH_b2_pt', 'outZH_b1_score', 'outZH_b2_score', 'outZH_q1_pt', 'outZH_q2_pt', 'outZH_q1_score', 'outZH_q2_score', 'outZH_b1_q_mindr', 'outZH_b2_q_mindr', 'outZH_q_q_dr_nearb1', 'outZH_q_q_dr_nearb2', 'outZH_qq_M_nearb1', 'outZH_qq_M_nearb2', 'outZH_b1_qq_dr', 'outZH_b2_qq_dr', 'outZH_b1qq_M', 'outZH_b2qq_M', 'ZH_b1qq_dr', 'ZH_b2qq_dr', 'ZH_lbb1qq_dr', 'ZH_lbb2qq_dr', 'l_b2_mtb', 'ZH_closeb_invM', 'n_ak8jets', 'n_ak4jets', 'n_ak8_ZHbb', 'outZH_max_ak8pnetMass', 'outZH_b12_m', 'outZH_b12_dr', 'ht_b', 'ht_outZH', 'ak4_bestb_inZH', 'ak4_worstb_inZH', 'nonZHbb_q1_dr', 'nonZHbb_b1_dr', 'inZHb_outZHb_dr', 'ZH_l_dr', 'ZH_l_invM', 'l_b1_invM', 'l_b2_invM', 'l_b1_dr', 'l_b2_dr', 'spher', 'aplan', 'n_b_inZH', 'n_q_inZH', 'n_b_outZH', 'n_q_outZH', 'ZH_bbvLscore'], flatten=True, store_size=True, fill_none=True, fill_value=-999.0, pos_start=None, pos_end=None)]}}
  - available weights variations: {'TTTo2L2Nu': ['nominal', 'pileup'],
'TTToHadronic': ['nominal', 'pileup'],
'TTToSemiLeptonic': ['nominal', 'pileup'],
'TTZToBB': ['nominal', 'pileup'],
'TTZToLLNuNu': ['nominal', 'pileup'],
'TTZToQQ': ['nominal', 'pileup'],
'TTbb_2L2Nu': ['nominal', 'pileup'],
'TTbb_Hadronic': ['nominal', 'pileup'],
'TTbb_SemiLeptonic': ['nominal', 'pileup'],
'ttHToNonbb': ['nominal', 'pileup'],
'ttHTobb': ['nominal', 'pileup']} 
  - available shape variations: {'TTTo2L2Nu': [],
'TTToHadronic': [],
'TTToSemiLeptonic': [],
'TTZToBB': [],
'TTZToLLNuNu': [],
'TTZToQQ': [],
'TTbb_2L2Nu': [],
'TTbb_Hadronic': [],
'TTbb_SemiLeptonic': [],
'ttHToNonbb': [],
'ttHTobb': []}
[INFO    ] Configurator instance:
  - Workflow: <class 'zhbbworkflow.ZHbbBaseProcessor'>
  - Workflow options: {}
  - N. datasets: 11 
   -- Dataset: ttHTobb_M125_M125_2017,  Sample: ttHTobb, N. files: 46, N. events: 7825000
   -- Dataset: ttHToNonbb_M125_M125_2017,  Sample: ttHToNonbb, N. files: 35, N. events: 5070989
   -- Dataset: TTZToBB__2017,  Sample: TTZToBB, N. files: 26, N. events: 7074000
   -- Dataset: TTZToQQ__2017,  Sample: TTZToQQ, N. files: 35, N. events: 13822000
   -- Dataset: TTZToLLNuNu__2017,  Sample: TTZToLLNuNu, N. files: 19, N. events: 14036000
   -- Dataset: TTbb_Hadronic__2017,  Sample: TTbb_Hadronic, N. files: 9, N. events: 5694656
   -- Dataset: TTbb_2L2Nu__2017,  Sample: TTbb_2L2Nu, N. files: 7, N. events: 3472503
   -- Dataset: TTbb_SemiLeptonic__2017,  Sample: TTbb_SemiLeptonic, N. files: 12, N. events: 7318891
   -- Dataset: TTToHadronic__2017,  Sample: TTToHadronic, N. files: 199, N. events: 232999999
   -- Dataset: TTTo2L2Nu__2017,  Sample: TTTo2L2Nu, N. files: 99, N. events: 106724000
   -- Dataset: TTToSemiLeptonic__2017,  Sample: TTToSemiLeptonic, N. files: 297, N. events: 346052000
  - Subsamples:
   -- Sample ttHTobb: StandardSelection ['ttHTobb'], (1 categories)
   -- Sample ttHToNonbb: StandardSelection ['ttHToNonbb'], (1 categories)
   -- Sample TTZToBB: StandardSelection ['TTZToBB'], (1 categories)
   -- Sample TTZToQQ: StandardSelection ['TTZToQQ'], (1 categories)
   -- Sample TTZToLLNuNu: StandardSelection ['TTZToLLNuNu'], (1 categories)
   -- Sample TTbb_Hadronic: StandardSelection ['TTbb_Hadronic'], (1 categories)
   -- Sample TTbb_2L2Nu: StandardSelection ['TTbb_2L2Nu'], (1 categories)
   -- Sample TTbb_SemiLeptonic: StandardSelection ['TTbb_SemiLeptonic'], (1 categories)
   -- Sample TTToHadronic: StandardSelection ['TTToHadronic'], (1 categories)
   -- Sample TTTo2L2Nu: StandardSelection ['TTTo2L2Nu'], (1 categories)
   -- Sample TTToSemiLeptonic: StandardSelection ['TTToSemiLeptonic'], (1 categories)
  - Skim: ['preSkimCut']
  - Preselection: ['eventSelection']
  - Categories: StandardSelection ['baseline', 'btag_mask'], (2 categories)
  - Variables:  ['mAK8', 'zhbbtag', 'zhbbtag_sorted', 'outZH_b1_pt']
  - Columns: {'TTTo2L2Nu': {'baseline': [ColOut(collection='events', columns=['process', 'matchedGen_ZHbb_bb', 'tt_type', 'outZH_b1_pt', 'outZH_b2_pt', 'outZH_b1_score', 'outZH_b2_score', 'outZH_q1_pt', 'outZH_q2_pt', 'outZH_q1_score', 'outZH_q2_score', 'outZH_b1_q_mindr', 'outZH_b2_q_mindr', 'outZH_q_q_dr_nearb1', 'outZH_q_q_dr_nearb2', 'outZH_qq_M_nearb1', 'outZH_qq_M_nearb2', 'outZH_b1_qq_dr', 'outZH_b2_qq_dr', 'outZH_b1qq_M', 'outZH_b2qq_M', 'ZH_b1qq_dr', 'ZH_b2qq_dr', 'ZH_lbb1qq_dr', 'ZH_lbb2qq_dr', 'l_b2_mtb', 'ZH_closeb_invM', 'n_ak8jets', 'n_ak4jets', 'n_ak8_ZHbb', 'outZH_max_ak8pnetMass', 'outZH_b12_m', 'outZH_b12_dr', 'ht_b', 'ht_outZH', 'ak4_bestb_inZH', 'ak4_worstb_inZH', 'nonZHbb_q1_dr', 'nonZHbb_b1_dr', 'inZHb_outZHb_dr', 'ZH_l_dr', 'ZH_l_invM', 'l_b1_invM', 'l_b2_invM', 'l_b1_dr', 'l_b2_dr', 'spher', 'aplan', 'n_b_inZH', 'n_q_inZH', 'n_b_outZH', 'n_q_outZH', 'ZH_bbvLscore'], flatten=True, store_size=True, fill_none=True, fill_value=-999.0, pos_start=None, pos_end=None)],
             'btag_mask': [ColOut(collection='events', columns=['process', 'matchedGen_ZHbb_bb', 'tt_type', 'outZH_b1_pt', 'outZH_b2_pt', 'outZH_b1_score', 'outZH_b2_score', 'outZH_q1_pt', 'outZH_q2_pt', 'outZH_q1_score', 'outZH_q2_score', 'outZH_b1_q_mindr', 'outZH_b2_q_mindr', 'outZH_q_q_dr_nearb1', 'outZH_q_q_dr_nearb2', 'outZH_qq_M_nearb1', 'outZH_qq_M_nearb2', 'outZH_b1_qq_dr', 'outZH_b2_qq_dr', 'outZH_b1qq_M', 'outZH_b2qq_M', 'ZH_b1qq_dr', 'ZH_b2qq_dr', 'ZH_lbb1qq_dr', 'ZH_lbb2qq_dr', 'l_b2_mtb', 'ZH_closeb_invM', 'n_ak8jets', 'n_ak4jets', 'n_ak8_ZHbb', 'outZH_max_ak8pnetMass', 'outZH_b12_m', 'outZH_b12_dr', 'ht_b', 'ht_outZH', 'ak4_bestb_inZH', 'ak4_worstb_inZH', 'nonZHbb_q1_dr', 'nonZHbb_b1_dr', 'inZHb_outZHb_dr', 'ZH_l_dr', 'ZH_l_invM', 'l_b1_invM', 'l_b2_invM', 'l_b1_dr', 'l_b2_dr', 'spher', 'aplan', 'n_b_inZH', 'n_q_inZH', 'n_b_outZH', 'n_q_outZH', 'ZH_bbvLscore'], flatten=True, store_size=True, fill_none=True, fill_value=-999.0, pos_start=None, pos_end=None)]},
'TTToHadronic': {'baseline': [ColOut(collection='events', columns=['process', 'matchedGen_ZHbb_bb', 'tt_type', 'outZH_b1_pt', 'outZH_b2_pt', 'outZH_b1_score', 'outZH_b2_score', 'outZH_q1_pt', 'outZH_q2_pt', 'outZH_q1_score', 'outZH_q2_score', 'outZH_b1_q_mindr', 'outZH_b2_q_mindr', 'outZH_q_q_dr_nearb1', 'outZH_q_q_dr_nearb2', 'outZH_qq_M_nearb1', 'outZH_qq_M_nearb2', 'outZH_b1_qq_dr', 'outZH_b2_qq_dr', 'outZH_b1qq_M', 'outZH_b2qq_M', 'ZH_b1qq_dr', 'ZH_b2qq_dr', 'ZH_lbb1qq_dr', 'ZH_lbb2qq_dr', 'l_b2_mtb', 'ZH_closeb_invM', 'n_ak8jets', 'n_ak4jets', 'n_ak8_ZHbb', 'outZH_max_ak8pnetMass', 'outZH_b12_m', 'outZH_b12_dr', 'ht_b', 'ht_outZH', 'ak4_bestb_inZH', 'ak4_worstb_inZH', 'nonZHbb_q1_dr', 'nonZHbb_b1_dr', 'inZHb_outZHb_dr', 'ZH_l_dr', 'ZH_l_invM', 'l_b1_invM', 'l_b2_invM', 'l_b1_dr', 'l_b2_dr', 'spher', 'aplan', 'n_b_inZH', 'n_q_inZH', 'n_b_outZH', 'n_q_outZH', 'ZH_bbvLscore'], flatten=True, store_size=True, fill_none=True, fill_value=-999.0, pos_start=None, pos_end=None)],
                'btag_mask': [ColOut(collection='events', columns=['process', 'matchedGen_ZHbb_bb', 'tt_type', 'outZH_b1_pt', 'outZH_b2_pt', 'outZH_b1_score', 'outZH_b2_score', 'outZH_q1_pt', 'outZH_q2_pt', 'outZH_q1_score', 'outZH_q2_score', 'outZH_b1_q_mindr', 'outZH_b2_q_mindr', 'outZH_q_q_dr_nearb1', 'outZH_q_q_dr_nearb2', 'outZH_qq_M_nearb1', 'outZH_qq_M_nearb2', 'outZH_b1_qq_dr', 'outZH_b2_qq_dr', 'outZH_b1qq_M', 'outZH_b2qq_M', 'ZH_b1qq_dr', 'ZH_b2qq_dr', 'ZH_lbb1qq_dr', 'ZH_lbb2qq_dr', 'l_b2_mtb', 'ZH_closeb_invM', 'n_ak8jets', 'n_ak4jets', 'n_ak8_ZHbb', 'outZH_max_ak8pnetMass', 'outZH_b12_m', 'outZH_b12_dr', 'ht_b', 'ht_outZH', 'ak4_bestb_inZH', 'ak4_worstb_inZH', 'nonZHbb_q1_dr', 'nonZHbb_b1_dr', 'inZHb_outZHb_dr', 'ZH_l_dr', 'ZH_l_invM', 'l_b1_invM', 'l_b2_invM', 'l_b1_dr', 'l_b2_dr', 'spher', 'aplan', 'n_b_inZH', 'n_q_inZH', 'n_b_outZH', 'n_q_outZH', 'ZH_bbvLscore'], flatten=True, store_size=True, fill_none=True, fill_value=-999.0, pos_start=None, pos_end=None)]},
'TTToSemiLeptonic': {'baseline': [ColOut(collection='events', columns=['process', 'matchedGen_ZHbb_bb', 'tt_type', 'outZH_b1_pt', 'outZH_b2_pt', 'outZH_b1_score', 'outZH_b2_score', 'outZH_q1_pt', 'outZH_q2_pt', 'outZH_q1_score', 'outZH_q2_score', 'outZH_b1_q_mindr', 'outZH_b2_q_mindr', 'outZH_q_q_dr_nearb1', 'outZH_q_q_dr_nearb2', 'outZH_qq_M_nearb1', 'outZH_qq_M_nearb2', 'outZH_b1_qq_dr', 'outZH_b2_qq_dr', 'outZH_b1qq_M', 'outZH_b2qq_M', 'ZH_b1qq_dr', 'ZH_b2qq_dr', 'ZH_lbb1qq_dr', 'ZH_lbb2qq_dr', 'l_b2_mtb', 'ZH_closeb_invM', 'n_ak8jets', 'n_ak4jets', 'n_ak8_ZHbb', 'outZH_max_ak8pnetMass', 'outZH_b12_m', 'outZH_b12_dr', 'ht_b', 'ht_outZH', 'ak4_bestb_inZH', 'ak4_worstb_inZH', 'nonZHbb_q1_dr', 'nonZHbb_b1_dr', 'inZHb_outZHb_dr', 'ZH_l_dr', 'ZH_l_invM', 'l_b1_invM', 'l_b2_invM', 'l_b1_dr', 'l_b2_dr', 'spher', 'aplan', 'n_b_inZH', 'n_q_inZH', 'n_b_outZH', 'n_q_outZH', 'ZH_bbvLscore'], flatten=True, store_size=True, fill_none=True, fill_value=-999.0, pos_start=None, pos_end=None)],
                    'btag_mask': [ColOut(collection='events', columns=['process', 'matchedGen_ZHbb_bb', 'tt_type', 'outZH_b1_pt', 'outZH_b2_pt', 'outZH_b1_score', 'outZH_b2_score', 'outZH_q1_pt', 'outZH_q2_pt', 'outZH_q1_score', 'outZH_q2_score', 'outZH_b1_q_mindr', 'outZH_b2_q_mindr', 'outZH_q_q_dr_nearb1', 'outZH_q_q_dr_nearb2', 'outZH_qq_M_nearb1', 'outZH_qq_M_nearb2', 'outZH_b1_qq_dr', 'outZH_b2_qq_dr', 'outZH_b1qq_M', 'outZH_b2qq_M', 'ZH_b1qq_dr', 'ZH_b2qq_dr', 'ZH_lbb1qq_dr', 'ZH_lbb2qq_dr', 'l_b2_mtb', 'ZH_closeb_invM', 'n_ak8jets', 'n_ak4jets', 'n_ak8_ZHbb', 'outZH_max_ak8pnetMass', 'outZH_b12_m', 'outZH_b12_dr', 'ht_b', 'ht_outZH', 'ak4_bestb_inZH', 'ak4_worstb_inZH', 'nonZHbb_q1_dr', 'nonZHbb_b1_dr', 'inZHb_outZHb_dr', 'ZH_l_dr', 'ZH_l_invM', 'l_b1_invM', 'l_b2_invM', 'l_b1_dr', 'l_b2_dr', 'spher', 'aplan', 'n_b_inZH', 'n_q_inZH', 'n_b_outZH', 'n_q_outZH', 'ZH_bbvLscore'], flatten=True, store_size=True, fill_none=True, fill_value=-999.0, pos_start=None, pos_end=None)]},
'TTZToBB': {'baseline': [ColOut(collection='events', columns=['process', 'matchedGen_ZHbb_bb', 'tt_type', 'outZH_b1_pt', 'outZH_b2_pt', 'outZH_b1_score', 'outZH_b2_score', 'outZH_q1_pt', 'outZH_q2_pt', 'outZH_q1_score', 'outZH_q2_score', 'outZH_b1_q_mindr', 'outZH_b2_q_mindr', 'outZH_q_q_dr_nearb1', 'outZH_q_q_dr_nearb2', 'outZH_qq_M_nearb1', 'outZH_qq_M_nearb2', 'outZH_b1_qq_dr', 'outZH_b2_qq_dr', 'outZH_b1qq_M', 'outZH_b2qq_M', 'ZH_b1qq_dr', 'ZH_b2qq_dr', 'ZH_lbb1qq_dr', 'ZH_lbb2qq_dr', 'l_b2_mtb', 'ZH_closeb_invM', 'n_ak8jets', 'n_ak4jets', 'n_ak8_ZHbb', 'outZH_max_ak8pnetMass', 'outZH_b12_m', 'outZH_b12_dr', 'ht_b', 'ht_outZH', 'ak4_bestb_inZH', 'ak4_worstb_inZH', 'nonZHbb_q1_dr', 'nonZHbb_b1_dr', 'inZHb_outZHb_dr', 'ZH_l_dr', 'ZH_l_invM', 'l_b1_invM', 'l_b2_invM', 'l_b1_dr', 'l_b2_dr', 'spher', 'aplan', 'n_b_inZH', 'n_q_inZH', 'n_b_outZH', 'n_q_outZH', 'ZH_bbvLscore'], flatten=True, store_size=True, fill_none=True, fill_value=-999.0, pos_start=None, pos_end=None)],
           'btag_mask': [ColOut(collection='events', columns=['process', 'matchedGen_ZHbb_bb', 'tt_type', 'outZH_b1_pt', 'outZH_b2_pt', 'outZH_b1_score', 'outZH_b2_score', 'outZH_q1_pt', 'outZH_q2_pt', 'outZH_q1_score', 'outZH_q2_score', 'outZH_b1_q_mindr', 'outZH_b2_q_mindr', 'outZH_q_q_dr_nearb1', 'outZH_q_q_dr_nearb2', 'outZH_qq_M_nearb1', 'outZH_qq_M_nearb2', 'outZH_b1_qq_dr', 'outZH_b2_qq_dr', 'outZH_b1qq_M', 'outZH_b2qq_M', 'ZH_b1qq_dr', 'ZH_b2qq_dr', 'ZH_lbb1qq_dr', 'ZH_lbb2qq_dr', 'l_b2_mtb', 'ZH_closeb_invM', 'n_ak8jets', 'n_ak4jets', 'n_ak8_ZHbb', 'outZH_max_ak8pnetMass', 'outZH_b12_m', 'outZH_b12_dr', 'ht_b', 'ht_outZH', 'ak4_bestb_inZH', 'ak4_worstb_inZH', 'nonZHbb_q1_dr', 'nonZHbb_b1_dr', 'inZHb_outZHb_dr', 'ZH_l_dr', 'ZH_l_invM', 'l_b1_invM', 'l_b2_invM', 'l_b1_dr', 'l_b2_dr', 'spher', 'aplan', 'n_b_inZH', 'n_q_inZH', 'n_b_outZH', 'n_q_outZH', 'ZH_bbvLscore'], flatten=True, store_size=True, fill_none=True, fill_value=-999.0, pos_start=None, pos_end=None)]},
'TTZToLLNuNu': {'baseline': [ColOut(collection='events', columns=['process', 'matchedGen_ZHbb_bb', 'tt_type', 'outZH_b1_pt', 'outZH_b2_pt', 'outZH_b1_score', 'outZH_b2_score', 'outZH_q1_pt', 'outZH_q2_pt', 'outZH_q1_score', 'outZH_q2_score', 'outZH_b1_q_mindr', 'outZH_b2_q_mindr', 'outZH_q_q_dr_nearb1', 'outZH_q_q_dr_nearb2', 'outZH_qq_M_nearb1', 'outZH_qq_M_nearb2', 'outZH_b1_qq_dr', 'outZH_b2_qq_dr', 'outZH_b1qq_M', 'outZH_b2qq_M', 'ZH_b1qq_dr', 'ZH_b2qq_dr', 'ZH_lbb1qq_dr', 'ZH_lbb2qq_dr', 'l_b2_mtb', 'ZH_closeb_invM', 'n_ak8jets', 'n_ak4jets', 'n_ak8_ZHbb', 'outZH_max_ak8pnetMass', 'outZH_b12_m', 'outZH_b12_dr', 'ht_b', 'ht_outZH', 'ak4_bestb_inZH', 'ak4_worstb_inZH', 'nonZHbb_q1_dr', 'nonZHbb_b1_dr', 'inZHb_outZHb_dr', 'ZH_l_dr', 'ZH_l_invM', 'l_b1_invM', 'l_b2_invM', 'l_b1_dr', 'l_b2_dr', 'spher', 'aplan', 'n_b_inZH', 'n_q_inZH', 'n_b_outZH', 'n_q_outZH', 'ZH_bbvLscore'], flatten=True, store_size=True, fill_none=True, fill_value=-999.0, pos_start=None, pos_end=None)],
               'btag_mask': [ColOut(collection='events', columns=['process', 'matchedGen_ZHbb_bb', 'tt_type', 'outZH_b1_pt', 'outZH_b2_pt', 'outZH_b1_score', 'outZH_b2_score', 'outZH_q1_pt', 'outZH_q2_pt', 'outZH_q1_score', 'outZH_q2_score', 'outZH_b1_q_mindr', 'outZH_b2_q_mindr', 'outZH_q_q_dr_nearb1', 'outZH_q_q_dr_nearb2', 'outZH_qq_M_nearb1', 'outZH_qq_M_nearb2', 'outZH_b1_qq_dr', 'outZH_b2_qq_dr', 'outZH_b1qq_M', 'outZH_b2qq_M', 'ZH_b1qq_dr', 'ZH_b2qq_dr', 'ZH_lbb1qq_dr', 'ZH_lbb2qq_dr', 'l_b2_mtb', 'ZH_closeb_invM', 'n_ak8jets', 'n_ak4jets', 'n_ak8_ZHbb', 'outZH_max_ak8pnetMass', 'outZH_b12_m', 'outZH_b12_dr', 'ht_b', 'ht_outZH', 'ak4_bestb_inZH', 'ak4_worstb_inZH', 'nonZHbb_q1_dr', 'nonZHbb_b1_dr', 'inZHb_outZHb_dr', 'ZH_l_dr', 'ZH_l_invM', 'l_b1_invM', 'l_b2_invM', 'l_b1_dr', 'l_b2_dr', 'spher', 'aplan', 'n_b_inZH', 'n_q_inZH', 'n_b_outZH', 'n_q_outZH', 'ZH_bbvLscore'], flatten=True, store_size=True, fill_none=True, fill_value=-999.0, pos_start=None, pos_end=None)]},
'TTZToQQ': {'baseline': [ColOut(collection='events', columns=['process', 'matchedGen_ZHbb_bb', 'tt_type', 'outZH_b1_pt', 'outZH_b2_pt', 'outZH_b1_score', 'outZH_b2_score', 'outZH_q1_pt', 'outZH_q2_pt', 'outZH_q1_score', 'outZH_q2_score', 'outZH_b1_q_mindr', 'outZH_b2_q_mindr', 'outZH_q_q_dr_nearb1', 'outZH_q_q_dr_nearb2', 'outZH_qq_M_nearb1', 'outZH_qq_M_nearb2', 'outZH_b1_qq_dr', 'outZH_b2_qq_dr', 'outZH_b1qq_M', 'outZH_b2qq_M', 'ZH_b1qq_dr', 'ZH_b2qq_dr', 'ZH_lbb1qq_dr', 'ZH_lbb2qq_dr', 'l_b2_mtb', 'ZH_closeb_invM', 'n_ak8jets', 'n_ak4jets', 'n_ak8_ZHbb', 'outZH_max_ak8pnetMass', 'outZH_b12_m', 'outZH_b12_dr', 'ht_b', 'ht_outZH', 'ak4_bestb_inZH', 'ak4_worstb_inZH', 'nonZHbb_q1_dr', 'nonZHbb_b1_dr', 'inZHb_outZHb_dr', 'ZH_l_dr', 'ZH_l_invM', 'l_b1_invM', 'l_b2_invM', 'l_b1_dr', 'l_b2_dr', 'spher', 'aplan', 'n_b_inZH', 'n_q_inZH', 'n_b_outZH', 'n_q_outZH', 'ZH_bbvLscore'], flatten=True, store_size=True, fill_none=True, fill_value=-999.0, pos_start=None, pos_end=None)],
           'btag_mask': [ColOut(collection='events', columns=['process', 'matchedGen_ZHbb_bb', 'tt_type', 'outZH_b1_pt', 'outZH_b2_pt', 'outZH_b1_score', 'outZH_b2_score', 'outZH_q1_pt', 'outZH_q2_pt', 'outZH_q1_score', 'outZH_q2_score', 'outZH_b1_q_mindr', 'outZH_b2_q_mindr', 'outZH_q_q_dr_nearb1', 'outZH_q_q_dr_nearb2', 'outZH_qq_M_nearb1', 'outZH_qq_M_nearb2', 'outZH_b1_qq_dr', 'outZH_b2_qq_dr', 'outZH_b1qq_M', 'outZH_b2qq_M', 'ZH_b1qq_dr', 'ZH_b2qq_dr', 'ZH_lbb1qq_dr', 'ZH_lbb2qq_dr', 'l_b2_mtb', 'ZH_closeb_invM', 'n_ak8jets', 'n_ak4jets', 'n_ak8_ZHbb', 'outZH_max_ak8pnetMass', 'outZH_b12_m', 'outZH_b12_dr', 'ht_b', 'ht_outZH', 'ak4_bestb_inZH', 'ak4_worstb_inZH', 'nonZHbb_q1_dr', 'nonZHbb_b1_dr', 'inZHb_outZHb_dr', 'ZH_l_dr', 'ZH_l_invM', 'l_b1_invM', 'l_b2_invM', 'l_b1_dr', 'l_b2_dr', 'spher', 'aplan', 'n_b_inZH', 'n_q_inZH', 'n_b_outZH', 'n_q_outZH', 'ZH_bbvLscore'], flatten=True, store_size=True, fill_none=True, fill_value=-999.0, pos_start=None, pos_end=None)]},
'TTbb_2L2Nu': {'baseline': [ColOut(collection='events', columns=['process', 'matchedGen_ZHbb_bb', 'tt_type', 'outZH_b1_pt', 'outZH_b2_pt', 'outZH_b1_score', 'outZH_b2_score', 'outZH_q1_pt', 'outZH_q2_pt', 'outZH_q1_score', 'outZH_q2_score', 'outZH_b1_q_mindr', 'outZH_b2_q_mindr', 'outZH_q_q_dr_nearb1', 'outZH_q_q_dr_nearb2', 'outZH_qq_M_nearb1', 'outZH_qq_M_nearb2', 'outZH_b1_qq_dr', 'outZH_b2_qq_dr', 'outZH_b1qq_M', 'outZH_b2qq_M', 'ZH_b1qq_dr', 'ZH_b2qq_dr', 'ZH_lbb1qq_dr', 'ZH_lbb2qq_dr', 'l_b2_mtb', 'ZH_closeb_invM', 'n_ak8jets', 'n_ak4jets', 'n_ak8_ZHbb', 'outZH_max_ak8pnetMass', 'outZH_b12_m', 'outZH_b12_dr', 'ht_b', 'ht_outZH', 'ak4_bestb_inZH', 'ak4_worstb_inZH', 'nonZHbb_q1_dr', 'nonZHbb_b1_dr', 'inZHb_outZHb_dr', 'ZH_l_dr', 'ZH_l_invM', 'l_b1_invM', 'l_b2_invM', 'l_b1_dr', 'l_b2_dr', 'spher', 'aplan', 'n_b_inZH', 'n_q_inZH', 'n_b_outZH', 'n_q_outZH', 'ZH_bbvLscore'], flatten=True, store_size=True, fill_none=True, fill_value=-999.0, pos_start=None, pos_end=None)],
              'btag_mask': [ColOut(collection='events', columns=['process', 'matchedGen_ZHbb_bb', 'tt_type', 'outZH_b1_pt', 'outZH_b2_pt', 'outZH_b1_score', 'outZH_b2_score', 'outZH_q1_pt', 'outZH_q2_pt', 'outZH_q1_score', 'outZH_q2_score', 'outZH_b1_q_mindr', 'outZH_b2_q_mindr', 'outZH_q_q_dr_nearb1', 'outZH_q_q_dr_nearb2', 'outZH_qq_M_nearb1', 'outZH_qq_M_nearb2', 'outZH_b1_qq_dr', 'outZH_b2_qq_dr', 'outZH_b1qq_M', 'outZH_b2qq_M', 'ZH_b1qq_dr', 'ZH_b2qq_dr', 'ZH_lbb1qq_dr', 'ZH_lbb2qq_dr', 'l_b2_mtb', 'ZH_closeb_invM', 'n_ak8jets', 'n_ak4jets', 'n_ak8_ZHbb', 'outZH_max_ak8pnetMass', 'outZH_b12_m', 'outZH_b12_dr', 'ht_b', 'ht_outZH', 'ak4_bestb_inZH', 'ak4_worstb_inZH', 'nonZHbb_q1_dr', 'nonZHbb_b1_dr', 'inZHb_outZHb_dr', 'ZH_l_dr', 'ZH_l_invM', 'l_b1_invM', 'l_b2_invM', 'l_b1_dr', 'l_b2_dr', 'spher', 'aplan', 'n_b_inZH', 'n_q_inZH', 'n_b_outZH', 'n_q_outZH', 'ZH_bbvLscore'], flatten=True, store_size=True, fill_none=True, fill_value=-999.0, pos_start=None, pos_end=None)]},
'TTbb_Hadronic': {'baseline': [ColOut(collection='events', columns=['process', 'matchedGen_ZHbb_bb', 'tt_type', 'outZH_b1_pt', 'outZH_b2_pt', 'outZH_b1_score', 'outZH_b2_score', 'outZH_q1_pt', 'outZH_q2_pt', 'outZH_q1_score', 'outZH_q2_score', 'outZH_b1_q_mindr', 'outZH_b2_q_mindr', 'outZH_q_q_dr_nearb1', 'outZH_q_q_dr_nearb2', 'outZH_qq_M_nearb1', 'outZH_qq_M_nearb2', 'outZH_b1_qq_dr', 'outZH_b2_qq_dr', 'outZH_b1qq_M', 'outZH_b2qq_M', 'ZH_b1qq_dr', 'ZH_b2qq_dr', 'ZH_lbb1qq_dr', 'ZH_lbb2qq_dr', 'l_b2_mtb', 'ZH_closeb_invM', 'n_ak8jets', 'n_ak4jets', 'n_ak8_ZHbb', 'outZH_max_ak8pnetMass', 'outZH_b12_m', 'outZH_b12_dr', 'ht_b', 'ht_outZH', 'ak4_bestb_inZH', 'ak4_worstb_inZH', 'nonZHbb_q1_dr', 'nonZHbb_b1_dr', 'inZHb_outZHb_dr', 'ZH_l_dr', 'ZH_l_invM', 'l_b1_invM', 'l_b2_invM', 'l_b1_dr', 'l_b2_dr', 'spher', 'aplan', 'n_b_inZH', 'n_q_inZH', 'n_b_outZH', 'n_q_outZH', 'ZH_bbvLscore'], flatten=True, store_size=True, fill_none=True, fill_value=-999.0, pos_start=None, pos_end=None)],
                 'btag_mask': [ColOut(collection='events', columns=['process', 'matchedGen_ZHbb_bb', 'tt_type', 'outZH_b1_pt', 'outZH_b2_pt', 'outZH_b1_score', 'outZH_b2_score', 'outZH_q1_pt', 'outZH_q2_pt', 'outZH_q1_score', 'outZH_q2_score', 'outZH_b1_q_mindr', 'outZH_b2_q_mindr', 'outZH_q_q_dr_nearb1', 'outZH_q_q_dr_nearb2', 'outZH_qq_M_nearb1', 'outZH_qq_M_nearb2', 'outZH_b1_qq_dr', 'outZH_b2_qq_dr', 'outZH_b1qq_M', 'outZH_b2qq_M', 'ZH_b1qq_dr', 'ZH_b2qq_dr', 'ZH_lbb1qq_dr', 'ZH_lbb2qq_dr', 'l_b2_mtb', 'ZH_closeb_invM', 'n_ak8jets', 'n_ak4jets', 'n_ak8_ZHbb', 'outZH_max_ak8pnetMass', 'outZH_b12_m', 'outZH_b12_dr', 'ht_b', 'ht_outZH', 'ak4_bestb_inZH', 'ak4_worstb_inZH', 'nonZHbb_q1_dr', 'nonZHbb_b1_dr', 'inZHb_outZHb_dr', 'ZH_l_dr', 'ZH_l_invM', 'l_b1_invM', 'l_b2_invM', 'l_b1_dr', 'l_b2_dr', 'spher', 'aplan', 'n_b_inZH', 'n_q_inZH', 'n_b_outZH', 'n_q_outZH', 'ZH_bbvLscore'], flatten=True, store_size=True, fill_none=True, fill_value=-999.0, pos_start=None, pos_end=None)]},
'TTbb_SemiLeptonic': {'baseline': [ColOut(collection='events', columns=['process', 'matchedGen_ZHbb_bb', 'tt_type', 'outZH_b1_pt', 'outZH_b2_pt', 'outZH_b1_score', 'outZH_b2_score', 'outZH_q1_pt', 'outZH_q2_pt', 'outZH_q1_score', 'outZH_q2_score', 'outZH_b1_q_mindr', 'outZH_b2_q_mindr', 'outZH_q_q_dr_nearb1', 'outZH_q_q_dr_nearb2', 'outZH_qq_M_nearb1', 'outZH_qq_M_nearb2', 'outZH_b1_qq_dr', 'outZH_b2_qq_dr', 'outZH_b1qq_M', 'outZH_b2qq_M', 'ZH_b1qq_dr', 'ZH_b2qq_dr', 'ZH_lbb1qq_dr', 'ZH_lbb2qq_dr', 'l_b2_mtb', 'ZH_closeb_invM', 'n_ak8jets', 'n_ak4jets', 'n_ak8_ZHbb', 'outZH_max_ak8pnetMass', 'outZH_b12_m', 'outZH_b12_dr', 'ht_b', 'ht_outZH', 'ak4_bestb_inZH', 'ak4_worstb_inZH', 'nonZHbb_q1_dr', 'nonZHbb_b1_dr', 'inZHb_outZHb_dr', 'ZH_l_dr', 'ZH_l_invM', 'l_b1_invM', 'l_b2_invM', 'l_b1_dr', 'l_b2_dr', 'spher', 'aplan', 'n_b_inZH', 'n_q_inZH', 'n_b_outZH', 'n_q_outZH', 'ZH_bbvLscore'], flatten=True, store_size=True, fill_none=True, fill_value=-999.0, pos_start=None, pos_end=None)],
                     'btag_mask': [ColOut(collection='events', columns=['process', 'matchedGen_ZHbb_bb', 'tt_type', 'outZH_b1_pt', 'outZH_b2_pt', 'outZH_b1_score', 'outZH_b2_score', 'outZH_q1_pt', 'outZH_q2_pt', 'outZH_q1_score', 'outZH_q2_score', 'outZH_b1_q_mindr', 'outZH_b2_q_mindr', 'outZH_q_q_dr_nearb1', 'outZH_q_q_dr_nearb2', 'outZH_qq_M_nearb1', 'outZH_qq_M_nearb2', 'outZH_b1_qq_dr', 'outZH_b2_qq_dr', 'outZH_b1qq_M', 'outZH_b2qq_M', 'ZH_b1qq_dr', 'ZH_b2qq_dr', 'ZH_lbb1qq_dr', 'ZH_lbb2qq_dr', 'l_b2_mtb', 'ZH_closeb_invM', 'n_ak8jets', 'n_ak4jets', 'n_ak8_ZHbb', 'outZH_max_ak8pnetMass', 'outZH_b12_m', 'outZH_b12_dr', 'ht_b', 'ht_outZH', 'ak4_bestb_inZH', 'ak4_worstb_inZH', 'nonZHbb_q1_dr', 'nonZHbb_b1_dr', 'inZHb_outZHb_dr', 'ZH_l_dr', 'ZH_l_invM', 'l_b1_invM', 'l_b2_invM', 'l_b1_dr', 'l_b2_dr', 'spher', 'aplan', 'n_b_inZH', 'n_q_inZH', 'n_b_outZH', 'n_q_outZH', 'ZH_bbvLscore'], flatten=True, store_size=True, fill_none=True, fill_value=-999.0, pos_start=None, pos_end=None)]},
'ttHToNonbb': {'baseline': [ColOut(collection='events', columns=['process', 'matchedGen_ZHbb_bb', 'tt_type', 'outZH_b1_pt', 'outZH_b2_pt', 'outZH_b1_score', 'outZH_b2_score', 'outZH_q1_pt', 'outZH_q2_pt', 'outZH_q1_score', 'outZH_q2_score', 'outZH_b1_q_mindr', 'outZH_b2_q_mindr', 'outZH_q_q_dr_nearb1', 'outZH_q_q_dr_nearb2', 'outZH_qq_M_nearb1', 'outZH_qq_M_nearb2', 'outZH_b1_qq_dr', 'outZH_b2_qq_dr', 'outZH_b1qq_M', 'outZH_b2qq_M', 'ZH_b1qq_dr', 'ZH_b2qq_dr', 'ZH_lbb1qq_dr', 'ZH_lbb2qq_dr', 'l_b2_mtb', 'ZH_closeb_invM', 'n_ak8jets', 'n_ak4jets', 'n_ak8_ZHbb', 'outZH_max_ak8pnetMass', 'outZH_b12_m', 'outZH_b12_dr', 'ht_b', 'ht_outZH', 'ak4_bestb_inZH', 'ak4_worstb_inZH', 'nonZHbb_q1_dr', 'nonZHbb_b1_dr', 'inZHb_outZHb_dr', 'ZH_l_dr', 'ZH_l_invM', 'l_b1_invM', 'l_b2_invM', 'l_b1_dr', 'l_b2_dr', 'spher', 'aplan', 'n_b_inZH', 'n_q_inZH', 'n_b_outZH', 'n_q_outZH', 'ZH_bbvLscore'], flatten=True, store_size=True, fill_none=True, fill_value=-999.0, pos_start=None, pos_end=None)],
              'btag_mask': [ColOut(collection='events', columns=['process', 'matchedGen_ZHbb_bb', 'tt_type', 'outZH_b1_pt', 'outZH_b2_pt', 'outZH_b1_score', 'outZH_b2_score', 'outZH_q1_pt', 'outZH_q2_pt', 'outZH_q1_score', 'outZH_q2_score', 'outZH_b1_q_mindr', 'outZH_b2_q_mindr', 'outZH_q_q_dr_nearb1', 'outZH_q_q_dr_nearb2', 'outZH_qq_M_nearb1', 'outZH_qq_M_nearb2', 'outZH_b1_qq_dr', 'outZH_b2_qq_dr', 'outZH_b1qq_M', 'outZH_b2qq_M', 'ZH_b1qq_dr', 'ZH_b2qq_dr', 'ZH_lbb1qq_dr', 'ZH_lbb2qq_dr', 'l_b2_mtb', 'ZH_closeb_invM', 'n_ak8jets', 'n_ak4jets', 'n_ak8_ZHbb', 'outZH_max_ak8pnetMass', 'outZH_b12_m', 'outZH_b12_dr', 'ht_b', 'ht_outZH', 'ak4_bestb_inZH', 'ak4_worstb_inZH', 'nonZHbb_q1_dr', 'nonZHbb_b1_dr', 'inZHb_outZHb_dr', 'ZH_l_dr', 'ZH_l_invM', 'l_b1_invM', 'l_b2_invM', 'l_b1_dr', 'l_b2_dr', 'spher', 'aplan', 'n_b_inZH', 'n_q_inZH', 'n_b_outZH', 'n_q_outZH', 'ZH_bbvLscore'], flatten=True, store_size=True, fill_none=True, fill_value=-999.0, pos_start=None, pos_end=None)]},
'ttHTobb': {'baseline': [ColOut(collection='events', columns=['process', 'matchedGen_ZHbb_bb', 'tt_type', 'outZH_b1_pt', 'outZH_b2_pt', 'outZH_b1_score', 'outZH_b2_score', 'outZH_q1_pt', 'outZH_q2_pt', 'outZH_q1_score', 'outZH_q2_score', 'outZH_b1_q_mindr', 'outZH_b2_q_mindr', 'outZH_q_q_dr_nearb1', 'outZH_q_q_dr_nearb2', 'outZH_qq_M_nearb1', 'outZH_qq_M_nearb2', 'outZH_b1_qq_dr', 'outZH_b2_qq_dr', 'outZH_b1qq_M', 'outZH_b2qq_M', 'ZH_b1qq_dr', 'ZH_b2qq_dr', 'ZH_lbb1qq_dr', 'ZH_lbb2qq_dr', 'l_b2_mtb', 'ZH_closeb_invM', 'n_ak8jets', 'n_ak4jets', 'n_ak8_ZHbb', 'outZH_max_ak8pnetMass', 'outZH_b12_m', 'outZH_b12_dr', 'ht_b', 'ht_outZH', 'ak4_bestb_inZH', 'ak4_worstb_inZH', 'nonZHbb_q1_dr', 'nonZHbb_b1_dr', 'inZHb_outZHb_dr', 'ZH_l_dr', 'ZH_l_invM', 'l_b1_invM', 'l_b2_invM', 'l_b1_dr', 'l_b2_dr', 'spher', 'aplan', 'n_b_inZH', 'n_q_inZH', 'n_b_outZH', 'n_q_outZH', 'ZH_bbvLscore'], flatten=True, store_size=True, fill_none=True, fill_value=-999.0, pos_start=None, pos_end=None)],
           'btag_mask': [ColOut(collection='events', columns=['process', 'matchedGen_ZHbb_bb', 'tt_type', 'outZH_b1_pt', 'outZH_b2_pt', 'outZH_b1_score', 'outZH_b2_score', 'outZH_q1_pt', 'outZH_q2_pt', 'outZH_q1_score', 'outZH_q2_score', 'outZH_b1_q_mindr', 'outZH_b2_q_mindr', 'outZH_q_q_dr_nearb1', 'outZH_q_q_dr_nearb2', 'outZH_qq_M_nearb1', 'outZH_qq_M_nearb2', 'outZH_b1_qq_dr', 'outZH_b2_qq_dr', 'outZH_b1qq_M', 'outZH_b2qq_M', 'ZH_b1qq_dr', 'ZH_b2qq_dr', 'ZH_lbb1qq_dr', 'ZH_lbb2qq_dr', 'l_b2_mtb', 'ZH_closeb_invM', 'n_ak8jets', 'n_ak4jets', 'n_ak8_ZHbb', 'outZH_max_ak8pnetMass', 'outZH_b12_m', 'outZH_b12_dr', 'ht_b', 'ht_outZH', 'ak4_bestb_inZH', 'ak4_worstb_inZH', 'nonZHbb_q1_dr', 'nonZHbb_b1_dr', 'inZHb_outZHb_dr', 'ZH_l_dr', 'ZH_l_invM', 'l_b1_invM', 'l_b2_invM', 'l_b1_dr', 'l_b2_dr', 'spher', 'aplan', 'n_b_inZH', 'n_q_inZH', 'n_b_outZH', 'n_q_outZH', 'ZH_bbvLscore'], flatten=True, store_size=True, fill_none=True, fill_value=-999.0, pos_start=None, pos_end=None)]}}
  - available weights variations: {'TTTo2L2Nu': ['nominal', 'pileup'],
'TTToHadronic': ['nominal', 'pileup'],
'TTToSemiLeptonic': ['nominal', 'pileup'],
'TTZToBB': ['nominal', 'pileup'],
'TTZToLLNuNu': ['nominal', 'pileup'],
'TTZToQQ': ['nominal', 'pileup'],
'TTbb_2L2Nu': ['nominal', 'pileup'],
'TTbb_Hadronic': ['nominal', 'pileup'],
'TTbb_SemiLeptonic': ['nominal', 'pileup'],
'ttHToNonbb': ['nominal', 'pileup'],
'ttHTobb': ['nominal', 'pileup']} 
  - available shape variations: {'TTTo2L2Nu': [],
'TTToHadronic': [],
'TTToSemiLeptonic': [],
'TTZToBB': [],
'TTZToLLNuNu': [],
'TTZToQQ': [],
'TTbb_2L2Nu': [],
'TTbb_Hadronic': [],
'TTbb_SemiLeptonic': [],
'ttHToNonbb': [],
'ttHTobb': []}
[INFO    ] Configurator instance:
  - Workflow: <class 'zhbbworkflow.ZHbbBaseProcessor'>
  - Workflow options: {}
  - N. datasets: 11 
   -- Dataset: ttHTobb_M125_M125_2017,  Sample: ttHTobb, N. files: 46, N. events: 7825000
   -- Dataset: ttHToNonbb_M125_M125_2017,  Sample: ttHToNonbb, N. files: 35, N. events: 5070989
   -- Dataset: TTZToBB__2017,  Sample: TTZToBB, N. files: 26, N. events: 7074000
   -- Dataset: TTZToQQ__2017,  Sample: TTZToQQ, N. files: 35, N. events: 13822000
   -- Dataset: TTZToLLNuNu__2017,  Sample: TTZToLLNuNu, N. files: 19, N. events: 14036000
   -- Dataset: TTbb_Hadronic__2017,  Sample: TTbb_Hadronic, N. files: 9, N. events: 5694656
   -- Dataset: TTbb_2L2Nu__2017,  Sample: TTbb_2L2Nu, N. files: 7, N. events: 3472503
   -- Dataset: TTbb_SemiLeptonic__2017,  Sample: TTbb_SemiLeptonic, N. files: 12, N. events: 7318891
   -- Dataset: TTToHadronic__2017,  Sample: TTToHadronic, N. files: 199, N. events: 232999999
   -- Dataset: TTTo2L2Nu__2017,  Sample: TTTo2L2Nu, N. files: 99, N. events: 106724000
   -- Dataset: TTToSemiLeptonic__2017,  Sample: TTToSemiLeptonic, N. files: 297, N. events: 346052000
  - Subsamples:
   -- Sample ttHTobb: StandardSelection ['ttHTobb'], (1 categories)
   -- Sample ttHToNonbb: StandardSelection ['ttHToNonbb'], (1 categories)
   -- Sample TTZToBB: StandardSelection ['TTZToBB'], (1 categories)
   -- Sample TTZToQQ: StandardSelection ['TTZToQQ'], (1 categories)
   -- Sample TTZToLLNuNu: StandardSelection ['TTZToLLNuNu'], (1 categories)
   -- Sample TTbb_Hadronic: StandardSelection ['TTbb_Hadronic'], (1 categories)
   -- Sample TTbb_2L2Nu: StandardSelection ['TTbb_2L2Nu'], (1 categories)
   -- Sample TTbb_SemiLeptonic: StandardSelection ['TTbb_SemiLeptonic'], (1 categories)
   -- Sample TTToHadronic: StandardSelection ['TTToHadronic'], (1 categories)
   -- Sample TTTo2L2Nu: StandardSelection ['TTTo2L2Nu'], (1 categories)
   -- Sample TTToSemiLeptonic: StandardSelection ['TTToSemiLeptonic'], (1 categories)
  - Skim: ['preSkimCut']
  - Preselection: ['eventSelection']
  - Categories: StandardSelection ['baseline', 'btag_mask'], (2 categories)
  - Variables:  ['mAK8', 'zhbbtag', 'zhbbtag_sorted', 'outZH_b1_pt']
  - Columns: {'TTTo2L2Nu': {'baseline': [ColOut(collection='events', columns=['process', 'matchedGen_ZHbb_bb', 'tt_type', 'outZH_b1_pt', 'outZH_b2_pt', 'outZH_b1_score', 'outZH_b2_score', 'outZH_q1_pt', 'outZH_q2_pt', 'outZH_q1_score', 'outZH_q2_score', 'outZH_b1_q_mindr', 'outZH_b2_q_mindr', 'outZH_q_q_dr_nearb1', 'outZH_q_q_dr_nearb2', 'outZH_qq_M_nearb1', 'outZH_qq_M_nearb2', 'outZH_b1_qq_dr', 'outZH_b2_qq_dr', 'outZH_b1qq_M', 'outZH_b2qq_M', 'ZH_b1qq_dr', 'ZH_b2qq_dr', 'ZH_lbb1qq_dr', 'ZH_lbb2qq_dr', 'l_b2_mtb', 'ZH_closeb_invM', 'n_ak8jets', 'n_ak4jets', 'n_ak8_ZHbb', 'outZH_max_ak8pnetMass', 'outZH_b12_m', 'outZH_b12_dr', 'ht_b', 'ht_outZH', 'ak4_bestb_inZH', 'ak4_worstb_inZH', 'nonZHbb_q1_dr', 'nonZHbb_b1_dr', 'inZHb_outZHb_dr', 'ZH_l_dr', 'ZH_l_invM', 'l_b1_invM', 'l_b2_invM', 'l_b1_dr', 'l_b2_dr', 'spher', 'aplan', 'n_b_inZH', 'n_q_inZH', 'n_b_outZH', 'n_q_outZH', 'ZH_bbvLscore'], flatten=True, store_size=True, fill_none=True, fill_value=-999.0, pos_start=None, pos_end=None)],
             'btag_mask': [ColOut(collection='events', columns=['process', 'matchedGen_ZHbb_bb', 'tt_type', 'outZH_b1_pt', 'outZH_b2_pt', 'outZH_b1_score', 'outZH_b2_score', 'outZH_q1_pt', 'outZH_q2_pt', 'outZH_q1_score', 'outZH_q2_score', 'outZH_b1_q_mindr', 'outZH_b2_q_mindr', 'outZH_q_q_dr_nearb1', 'outZH_q_q_dr_nearb2', 'outZH_qq_M_nearb1', 'outZH_qq_M_nearb2', 'outZH_b1_qq_dr', 'outZH_b2_qq_dr', 'outZH_b1qq_M', 'outZH_b2qq_M', 'ZH_b1qq_dr', 'ZH_b2qq_dr', 'ZH_lbb1qq_dr', 'ZH_lbb2qq_dr', 'l_b2_mtb', 'ZH_closeb_invM', 'n_ak8jets', 'n_ak4jets', 'n_ak8_ZHbb', 'outZH_max_ak8pnetMass', 'outZH_b12_m', 'outZH_b12_dr', 'ht_b', 'ht_outZH', 'ak4_bestb_inZH', 'ak4_worstb_inZH', 'nonZHbb_q1_dr', 'nonZHbb_b1_dr', 'inZHb_outZHb_dr', 'ZH_l_dr', 'ZH_l_invM', 'l_b1_invM', 'l_b2_invM', 'l_b1_dr', 'l_b2_dr', 'spher', 'aplan', 'n_b_inZH', 'n_q_inZH', 'n_b_outZH', 'n_q_outZH', 'ZH_bbvLscore'], flatten=True, store_size=True, fill_none=True, fill_value=-999.0, pos_start=None, pos_end=None)]},
'TTToHadronic': {'baseline': [ColOut(collection='events', columns=['process', 'matchedGen_ZHbb_bb', 'tt_type', 'outZH_b1_pt', 'outZH_b2_pt', 'outZH_b1_score', 'outZH_b2_score', 'outZH_q1_pt', 'outZH_q2_pt', 'outZH_q1_score', 'outZH_q2_score', 'outZH_b1_q_mindr', 'outZH_b2_q_mindr', 'outZH_q_q_dr_nearb1', 'outZH_q_q_dr_nearb2', 'outZH_qq_M_nearb1', 'outZH_qq_M_nearb2', 'outZH_b1_qq_dr', 'outZH_b2_qq_dr', 'outZH_b1qq_M', 'outZH_b2qq_M', 'ZH_b1qq_dr', 'ZH_b2qq_dr', 'ZH_lbb1qq_dr', 'ZH_lbb2qq_dr', 'l_b2_mtb', 'ZH_closeb_invM', 'n_ak8jets', 'n_ak4jets', 'n_ak8_ZHbb', 'outZH_max_ak8pnetMass', 'outZH_b12_m', 'outZH_b12_dr', 'ht_b', 'ht_outZH', 'ak4_bestb_inZH', 'ak4_worstb_inZH', 'nonZHbb_q1_dr', 'nonZHbb_b1_dr', 'inZHb_outZHb_dr', 'ZH_l_dr', 'ZH_l_invM', 'l_b1_invM', 'l_b2_invM', 'l_b1_dr', 'l_b2_dr', 'spher', 'aplan', 'n_b_inZH', 'n_q_inZH', 'n_b_outZH', 'n_q_outZH', 'ZH_bbvLscore'], flatten=True, store_size=True, fill_none=True, fill_value=-999.0, pos_start=None, pos_end=None)],
                'btag_mask': [ColOut(collection='events', columns=['process', 'matchedGen_ZHbb_bb', 'tt_type', 'outZH_b1_pt', 'outZH_b2_pt', 'outZH_b1_score', 'outZH_b2_score', 'outZH_q1_pt', 'outZH_q2_pt', 'outZH_q1_score', 'outZH_q2_score', 'outZH_b1_q_mindr', 'outZH_b2_q_mindr', 'outZH_q_q_dr_nearb1', 'outZH_q_q_dr_nearb2', 'outZH_qq_M_nearb1', 'outZH_qq_M_nearb2', 'outZH_b1_qq_dr', 'outZH_b2_qq_dr', 'outZH_b1qq_M', 'outZH_b2qq_M', 'ZH_b1qq_dr', 'ZH_b2qq_dr', 'ZH_lbb1qq_dr', 'ZH_lbb2qq_dr', 'l_b2_mtb', 'ZH_closeb_invM', 'n_ak8jets', 'n_ak4jets', 'n_ak8_ZHbb', 'outZH_max_ak8pnetMass', 'outZH_b12_m', 'outZH_b12_dr', 'ht_b', 'ht_outZH', 'ak4_bestb_inZH', 'ak4_worstb_inZH', 'nonZHbb_q1_dr', 'nonZHbb_b1_dr', 'inZHb_outZHb_dr', 'ZH_l_dr', 'ZH_l_invM', 'l_b1_invM', 'l_b2_invM', 'l_b1_dr', 'l_b2_dr', 'spher', 'aplan', 'n_b_inZH', 'n_q_inZH', 'n_b_outZH', 'n_q_outZH', 'ZH_bbvLscore'], flatten=True, store_size=True, fill_none=True, fill_value=-999.0, pos_start=None, pos_end=None)]},
'TTToSemiLeptonic': {'baseline': [ColOut(collection='events', columns=['process', 'matchedGen_ZHbb_bb', 'tt_type', 'outZH_b1_pt', 'outZH_b2_pt', 'outZH_b1_score', 'outZH_b2_score', 'outZH_q1_pt', 'outZH_q2_pt', 'outZH_q1_score', 'outZH_q2_score', 'outZH_b1_q_mindr', 'outZH_b2_q_mindr', 'outZH_q_q_dr_nearb1', 'outZH_q_q_dr_nearb2', 'outZH_qq_M_nearb1', 'outZH_qq_M_nearb2', 'outZH_b1_qq_dr', 'outZH_b2_qq_dr', 'outZH_b1qq_M', 'outZH_b2qq_M', 'ZH_b1qq_dr', 'ZH_b2qq_dr', 'ZH_lbb1qq_dr', 'ZH_lbb2qq_dr', 'l_b2_mtb', 'ZH_closeb_invM', 'n_ak8jets', 'n_ak4jets', 'n_ak8_ZHbb', 'outZH_max_ak8pnetMass', 'outZH_b12_m', 'outZH_b12_dr', 'ht_b', 'ht_outZH', 'ak4_bestb_inZH', 'ak4_worstb_inZH', 'nonZHbb_q1_dr', 'nonZHbb_b1_dr', 'inZHb_outZHb_dr', 'ZH_l_dr', 'ZH_l_invM', 'l_b1_invM', 'l_b2_invM', 'l_b1_dr', 'l_b2_dr', 'spher', 'aplan', 'n_b_inZH', 'n_q_inZH', 'n_b_outZH', 'n_q_outZH', 'ZH_bbvLscore'], flatten=True, store_size=True, fill_none=True, fill_value=-999.0, pos_start=None, pos_end=None)],
                    'btag_mask': [ColOut(collection='events', columns=['process', 'matchedGen_ZHbb_bb', 'tt_type', 'outZH_b1_pt', 'outZH_b2_pt', 'outZH_b1_score', 'outZH_b2_score', 'outZH_q1_pt', 'outZH_q2_pt', 'outZH_q1_score', 'outZH_q2_score', 'outZH_b1_q_mindr', 'outZH_b2_q_mindr', 'outZH_q_q_dr_nearb1', 'outZH_q_q_dr_nearb2', 'outZH_qq_M_nearb1', 'outZH_qq_M_nearb2', 'outZH_b1_qq_dr', 'outZH_b2_qq_dr', 'outZH_b1qq_M', 'outZH_b2qq_M', 'ZH_b1qq_dr', 'ZH_b2qq_dr', 'ZH_lbb1qq_dr', 'ZH_lbb2qq_dr', 'l_b2_mtb', 'ZH_closeb_invM', 'n_ak8jets', 'n_ak4jets', 'n_ak8_ZHbb', 'outZH_max_ak8pnetMass', 'outZH_b12_m', 'outZH_b12_dr', 'ht_b', 'ht_outZH', 'ak4_bestb_inZH', 'ak4_worstb_inZH', 'nonZHbb_q1_dr', 'nonZHbb_b1_dr', 'inZHb_outZHb_dr', 'ZH_l_dr', 'ZH_l_invM', 'l_b1_invM', 'l_b2_invM', 'l_b1_dr', 'l_b2_dr', 'spher', 'aplan', 'n_b_inZH', 'n_q_inZH', 'n_b_outZH', 'n_q_outZH', 'ZH_bbvLscore'], flatten=True, store_size=True, fill_none=True, fill_value=-999.0, pos_start=None, pos_end=None)]},
'TTZToBB': {'baseline': [ColOut(collection='events', columns=['process', 'matchedGen_ZHbb_bb', 'tt_type', 'outZH_b1_pt', 'outZH_b2_pt', 'outZH_b1_score', 'outZH_b2_score', 'outZH_q1_pt', 'outZH_q2_pt', 'outZH_q1_score', 'outZH_q2_score', 'outZH_b1_q_mindr', 'outZH_b2_q_mindr', 'outZH_q_q_dr_nearb1', 'outZH_q_q_dr_nearb2', 'outZH_qq_M_nearb1', 'outZH_qq_M_nearb2', 'outZH_b1_qq_dr', 'outZH_b2_qq_dr', 'outZH_b1qq_M', 'outZH_b2qq_M', 'ZH_b1qq_dr', 'ZH_b2qq_dr', 'ZH_lbb1qq_dr', 'ZH_lbb2qq_dr', 'l_b2_mtb', 'ZH_closeb_invM', 'n_ak8jets', 'n_ak4jets', 'n_ak8_ZHbb', 'outZH_max_ak8pnetMass', 'outZH_b12_m', 'outZH_b12_dr', 'ht_b', 'ht_outZH', 'ak4_bestb_inZH', 'ak4_worstb_inZH', 'nonZHbb_q1_dr', 'nonZHbb_b1_dr', 'inZHb_outZHb_dr', 'ZH_l_dr', 'ZH_l_invM', 'l_b1_invM', 'l_b2_invM', 'l_b1_dr', 'l_b2_dr', 'spher', 'aplan', 'n_b_inZH', 'n_q_inZH', 'n_b_outZH', 'n_q_outZH', 'ZH_bbvLscore'], flatten=True, store_size=True, fill_none=True, fill_value=-999.0, pos_start=None, pos_end=None)],
           'btag_mask': [ColOut(collection='events', columns=['process', 'matchedGen_ZHbb_bb', 'tt_type', 'outZH_b1_pt', 'outZH_b2_pt', 'outZH_b1_score', 'outZH_b2_score', 'outZH_q1_pt', 'outZH_q2_pt', 'outZH_q1_score', 'outZH_q2_score', 'outZH_b1_q_mindr', 'outZH_b2_q_mindr', 'outZH_q_q_dr_nearb1', 'outZH_q_q_dr_nearb2', 'outZH_qq_M_nearb1', 'outZH_qq_M_nearb2', 'outZH_b1_qq_dr', 'outZH_b2_qq_dr', 'outZH_b1qq_M', 'outZH_b2qq_M', 'ZH_b1qq_dr', 'ZH_b2qq_dr', 'ZH_lbb1qq_dr', 'ZH_lbb2qq_dr', 'l_b2_mtb', 'ZH_closeb_invM', 'n_ak8jets', 'n_ak4jets', 'n_ak8_ZHbb', 'outZH_max_ak8pnetMass', 'outZH_b12_m', 'outZH_b12_dr', 'ht_b', 'ht_outZH', 'ak4_bestb_inZH', 'ak4_worstb_inZH', 'nonZHbb_q1_dr', 'nonZHbb_b1_dr', 'inZHb_outZHb_dr', 'ZH_l_dr', 'ZH_l_invM', 'l_b1_invM', 'l_b2_invM', 'l_b1_dr', 'l_b2_dr', 'spher', 'aplan', 'n_b_inZH', 'n_q_inZH', 'n_b_outZH', 'n_q_outZH', 'ZH_bbvLscore'], flatten=True, store_size=True, fill_none=True, fill_value=-999.0, pos_start=None, pos_end=None)]},
'TTZToLLNuNu': {'baseline': [ColOut(collection='events', columns=['process', 'matchedGen_ZHbb_bb', 'tt_type', 'outZH_b1_pt', 'outZH_b2_pt', 'outZH_b1_score', 'outZH_b2_score', 'outZH_q1_pt', 'outZH_q2_pt', 'outZH_q1_score', 'outZH_q2_score', 'outZH_b1_q_mindr', 'outZH_b2_q_mindr', 'outZH_q_q_dr_nearb1', 'outZH_q_q_dr_nearb2', 'outZH_qq_M_nearb1', 'outZH_qq_M_nearb2', 'outZH_b1_qq_dr', 'outZH_b2_qq_dr', 'outZH_b1qq_M', 'outZH_b2qq_M', 'ZH_b1qq_dr', 'ZH_b2qq_dr', 'ZH_lbb1qq_dr', 'ZH_lbb2qq_dr', 'l_b2_mtb', 'ZH_closeb_invM', 'n_ak8jets', 'n_ak4jets', 'n_ak8_ZHbb', 'outZH_max_ak8pnetMass', 'outZH_b12_m', 'outZH_b12_dr', 'ht_b', 'ht_outZH', 'ak4_bestb_inZH', 'ak4_worstb_inZH', 'nonZHbb_q1_dr', 'nonZHbb_b1_dr', 'inZHb_outZHb_dr', 'ZH_l_dr', 'ZH_l_invM', 'l_b1_invM', 'l_b2_invM', 'l_b1_dr', 'l_b2_dr', 'spher', 'aplan', 'n_b_inZH', 'n_q_inZH', 'n_b_outZH', 'n_q_outZH', 'ZH_bbvLscore'], flatten=True, store_size=True, fill_none=True, fill_value=-999.0, pos_start=None, pos_end=None)],
               'btag_mask': [ColOut(collection='events', columns=['process', 'matchedGen_ZHbb_bb', 'tt_type', 'outZH_b1_pt', 'outZH_b2_pt', 'outZH_b1_score', 'outZH_b2_score', 'outZH_q1_pt', 'outZH_q2_pt', 'outZH_q1_score', 'outZH_q2_score', 'outZH_b1_q_mindr', 'outZH_b2_q_mindr', 'outZH_q_q_dr_nearb1', 'outZH_q_q_dr_nearb2', 'outZH_qq_M_nearb1', 'outZH_qq_M_nearb2', 'outZH_b1_qq_dr', 'outZH_b2_qq_dr', 'outZH_b1qq_M', 'outZH_b2qq_M', 'ZH_b1qq_dr', 'ZH_b2qq_dr', 'ZH_lbb1qq_dr', 'ZH_lbb2qq_dr', 'l_b2_mtb', 'ZH_closeb_invM', 'n_ak8jets', 'n_ak4jets', 'n_ak8_ZHbb', 'outZH_max_ak8pnetMass', 'outZH_b12_m', 'outZH_b12_dr', 'ht_b', 'ht_outZH', 'ak4_bestb_inZH', 'ak4_worstb_inZH', 'nonZHbb_q1_dr', 'nonZHbb_b1_dr', 'inZHb_outZHb_dr', 'ZH_l_dr', 'ZH_l_invM', 'l_b1_invM', 'l_b2_invM', 'l_b1_dr', 'l_b2_dr', 'spher', 'aplan', 'n_b_inZH', 'n_q_inZH', 'n_b_outZH', 'n_q_outZH', 'ZH_bbvLscore'], flatten=True, store_size=True, fill_none=True, fill_value=-999.0, pos_start=None, pos_end=None)]},
'TTZToQQ': {'baseline': [ColOut(collection='events', columns=['process', 'matchedGen_ZHbb_bb', 'tt_type', 'outZH_b1_pt', 'outZH_b2_pt', 'outZH_b1_score', 'outZH_b2_score', 'outZH_q1_pt', 'outZH_q2_pt', 'outZH_q1_score', 'outZH_q2_score', 'outZH_b1_q_mindr', 'outZH_b2_q_mindr', 'outZH_q_q_dr_nearb1', 'outZH_q_q_dr_nearb2', 'outZH_qq_M_nearb1', 'outZH_qq_M_nearb2', 'outZH_b1_qq_dr', 'outZH_b2_qq_dr', 'outZH_b1qq_M', 'outZH_b2qq_M', 'ZH_b1qq_dr', 'ZH_b2qq_dr', 'ZH_lbb1qq_dr', 'ZH_lbb2qq_dr', 'l_b2_mtb', 'ZH_closeb_invM', 'n_ak8jets', 'n_ak4jets', 'n_ak8_ZHbb', 'outZH_max_ak8pnetMass', 'outZH_b12_m', 'outZH_b12_dr', 'ht_b', 'ht_outZH', 'ak4_bestb_inZH', 'ak4_worstb_inZH', 'nonZHbb_q1_dr', 'nonZHbb_b1_dr', 'inZHb_outZHb_dr', 'ZH_l_dr', 'ZH_l_invM', 'l_b1_invM', 'l_b2_invM', 'l_b1_dr', 'l_b2_dr', 'spher', 'aplan', 'n_b_inZH', 'n_q_inZH', 'n_b_outZH', 'n_q_outZH', 'ZH_bbvLscore'], flatten=True, store_size=True, fill_none=True, fill_value=-999.0, pos_start=None, pos_end=None)],
           'btag_mask': [ColOut(collection='events', columns=['process', 'matchedGen_ZHbb_bb', 'tt_type', 'outZH_b1_pt', 'outZH_b2_pt', 'outZH_b1_score', 'outZH_b2_score', 'outZH_q1_pt', 'outZH_q2_pt', 'outZH_q1_score', 'outZH_q2_score', 'outZH_b1_q_mindr', 'outZH_b2_q_mindr', 'outZH_q_q_dr_nearb1', 'outZH_q_q_dr_nearb2', 'outZH_qq_M_nearb1', 'outZH_qq_M_nearb2', 'outZH_b1_qq_dr', 'outZH_b2_qq_dr', 'outZH_b1qq_M', 'outZH_b2qq_M', 'ZH_b1qq_dr', 'ZH_b2qq_dr', 'ZH_lbb1qq_dr', 'ZH_lbb2qq_dr', 'l_b2_mtb', 'ZH_closeb_invM', 'n_ak8jets', 'n_ak4jets', 'n_ak8_ZHbb', 'outZH_max_ak8pnetMass', 'outZH_b12_m', 'outZH_b12_dr', 'ht_b', 'ht_outZH', 'ak4_bestb_inZH', 'ak4_worstb_inZH', 'nonZHbb_q1_dr', 'nonZHbb_b1_dr', 'inZHb_outZHb_dr', 'ZH_l_dr', 'ZH_l_invM', 'l_b1_invM', 'l_b2_invM', 'l_b1_dr', 'l_b2_dr', 'spher', 'aplan', 'n_b_inZH', 'n_q_inZH', 'n_b_outZH', 'n_q_outZH', 'ZH_bbvLscore'], flatten=True, store_size=True, fill_none=True, fill_value=-999.0, pos_start=None, pos_end=None)]},
'TTbb_2L2Nu': {'baseline': [ColOut(collection='events', columns=['process', 'matchedGen_ZHbb_bb', 'tt_type', 'outZH_b1_pt', 'outZH_b2_pt', 'outZH_b1_score', 'outZH_b2_score', 'outZH_q1_pt', 'outZH_q2_pt', 'outZH_q1_score', 'outZH_q2_score', 'outZH_b1_q_mindr', 'outZH_b2_q_mindr', 'outZH_q_q_dr_nearb1', 'outZH_q_q_dr_nearb2', 'outZH_qq_M_nearb1', 'outZH_qq_M_nearb2', 'outZH_b1_qq_dr', 'outZH_b2_qq_dr', 'outZH_b1qq_M', 'outZH_b2qq_M', 'ZH_b1qq_dr', 'ZH_b2qq_dr', 'ZH_lbb1qq_dr', 'ZH_lbb2qq_dr', 'l_b2_mtb', 'ZH_closeb_invM', 'n_ak8jets', 'n_ak4jets', 'n_ak8_ZHbb', 'outZH_max_ak8pnetMass', 'outZH_b12_m', 'outZH_b12_dr', 'ht_b', 'ht_outZH', 'ak4_bestb_inZH', 'ak4_worstb_inZH', 'nonZHbb_q1_dr', 'nonZHbb_b1_dr', 'inZHb_outZHb_dr', 'ZH_l_dr', 'ZH_l_invM', 'l_b1_invM', 'l_b2_invM', 'l_b1_dr', 'l_b2_dr', 'spher', 'aplan', 'n_b_inZH', 'n_q_inZH', 'n_b_outZH', 'n_q_outZH', 'ZH_bbvLscore'], flatten=True, store_size=True, fill_none=True, fill_value=-999.0, pos_start=None, pos_end=None)],
              'btag_mask': [ColOut(collection='events', columns=['process', 'matchedGen_ZHbb_bb', 'tt_type', 'outZH_b1_pt', 'outZH_b2_pt', 'outZH_b1_score', 'outZH_b2_score', 'outZH_q1_pt', 'outZH_q2_pt', 'outZH_q1_score', 'outZH_q2_score', 'outZH_b1_q_mindr', 'outZH_b2_q_mindr', 'outZH_q_q_dr_nearb1', 'outZH_q_q_dr_nearb2', 'outZH_qq_M_nearb1', 'outZH_qq_M_nearb2', 'outZH_b1_qq_dr', 'outZH_b2_qq_dr', 'outZH_b1qq_M', 'outZH_b2qq_M', 'ZH_b1qq_dr', 'ZH_b2qq_dr', 'ZH_lbb1qq_dr', 'ZH_lbb2qq_dr', 'l_b2_mtb', 'ZH_closeb_invM', 'n_ak8jets', 'n_ak4jets', 'n_ak8_ZHbb', 'outZH_max_ak8pnetMass', 'outZH_b12_m', 'outZH_b12_dr', 'ht_b', 'ht_outZH', 'ak4_bestb_inZH', 'ak4_worstb_inZH', 'nonZHbb_q1_dr', 'nonZHbb_b1_dr', 'inZHb_outZHb_dr', 'ZH_l_dr', 'ZH_l_invM', 'l_b1_invM', 'l_b2_invM', 'l_b1_dr', 'l_b2_dr', 'spher', 'aplan', 'n_b_inZH', 'n_q_inZH', 'n_b_outZH', 'n_q_outZH', 'ZH_bbvLscore'], flatten=True, store_size=True, fill_none=True, fill_value=-999.0, pos_start=None, pos_end=None)]},
'TTbb_Hadronic': {'baseline': [ColOut(collection='events', columns=['process', 'matchedGen_ZHbb_bb', 'tt_type', 'outZH_b1_pt', 'outZH_b2_pt', 'outZH_b1_score', 'outZH_b2_score', 'outZH_q1_pt', 'outZH_q2_pt', 'outZH_q1_score', 'outZH_q2_score', 'outZH_b1_q_mindr', 'outZH_b2_q_mindr', 'outZH_q_q_dr_nearb1', 'outZH_q_q_dr_nearb2', 'outZH_qq_M_nearb1', 'outZH_qq_M_nearb2', 'outZH_b1_qq_dr', 'outZH_b2_qq_dr', 'outZH_b1qq_M', 'outZH_b2qq_M', 'ZH_b1qq_dr', 'ZH_b2qq_dr', 'ZH_lbb1qq_dr', 'ZH_lbb2qq_dr', 'l_b2_mtb', 'ZH_closeb_invM', 'n_ak8jets', 'n_ak4jets', 'n_ak8_ZHbb', 'outZH_max_ak8pnetMass', 'outZH_b12_m', 'outZH_b12_dr', 'ht_b', 'ht_outZH', 'ak4_bestb_inZH', 'ak4_worstb_inZH', 'nonZHbb_q1_dr', 'nonZHbb_b1_dr', 'inZHb_outZHb_dr', 'ZH_l_dr', 'ZH_l_invM', 'l_b1_invM', 'l_b2_invM', 'l_b1_dr', 'l_b2_dr', 'spher', 'aplan', 'n_b_inZH', 'n_q_inZH', 'n_b_outZH', 'n_q_outZH', 'ZH_bbvLscore'], flatten=True, store_size=True, fill_none=True, fill_value=-999.0, pos_start=None, pos_end=None)],
                 'btag_mask': [ColOut(collection='events', columns=['process', 'matchedGen_ZHbb_bb', 'tt_type', 'outZH_b1_pt', 'outZH_b2_pt', 'outZH_b1_score', 'outZH_b2_score', 'outZH_q1_pt', 'outZH_q2_pt', 'outZH_q1_score', 'outZH_q2_score', 'outZH_b1_q_mindr', 'outZH_b2_q_mindr', 'outZH_q_q_dr_nearb1', 'outZH_q_q_dr_nearb2', 'outZH_qq_M_nearb1', 'outZH_qq_M_nearb2', 'outZH_b1_qq_dr', 'outZH_b2_qq_dr', 'outZH_b1qq_M', 'outZH_b2qq_M', 'ZH_b1qq_dr', 'ZH_b2qq_dr', 'ZH_lbb1qq_dr', 'ZH_lbb2qq_dr', 'l_b2_mtb', 'ZH_closeb_invM', 'n_ak8jets', 'n_ak4jets', 'n_ak8_ZHbb', 'outZH_max_ak8pnetMass', 'outZH_b12_m', 'outZH_b12_dr', 'ht_b', 'ht_outZH', 'ak4_bestb_inZH', 'ak4_worstb_inZH', 'nonZHbb_q1_dr', 'nonZHbb_b1_dr', 'inZHb_outZHb_dr', 'ZH_l_dr', 'ZH_l_invM', 'l_b1_invM', 'l_b2_invM', 'l_b1_dr', 'l_b2_dr', 'spher', 'aplan', 'n_b_inZH', 'n_q_inZH', 'n_b_outZH', 'n_q_outZH', 'ZH_bbvLscore'], flatten=True, store_size=True, fill_none=True, fill_value=-999.0, pos_start=None, pos_end=None)]},
'TTbb_SemiLeptonic': {'baseline': [ColOut(collection='events', columns=['process', 'matchedGen_ZHbb_bb', 'tt_type', 'outZH_b1_pt', 'outZH_b2_pt', 'outZH_b1_score', 'outZH_b2_score', 'outZH_q1_pt', 'outZH_q2_pt', 'outZH_q1_score', 'outZH_q2_score', 'outZH_b1_q_mindr', 'outZH_b2_q_mindr', 'outZH_q_q_dr_nearb1', 'outZH_q_q_dr_nearb2', 'outZH_qq_M_nearb1', 'outZH_qq_M_nearb2', 'outZH_b1_qq_dr', 'outZH_b2_qq_dr', 'outZH_b1qq_M', 'outZH_b2qq_M', 'ZH_b1qq_dr', 'ZH_b2qq_dr', 'ZH_lbb1qq_dr', 'ZH_lbb2qq_dr', 'l_b2_mtb', 'ZH_closeb_invM', 'n_ak8jets', 'n_ak4jets', 'n_ak8_ZHbb', 'outZH_max_ak8pnetMass', 'outZH_b12_m', 'outZH_b12_dr', 'ht_b', 'ht_outZH', 'ak4_bestb_inZH', 'ak4_worstb_inZH', 'nonZHbb_q1_dr', 'nonZHbb_b1_dr', 'inZHb_outZHb_dr', 'ZH_l_dr', 'ZH_l_invM', 'l_b1_invM', 'l_b2_invM', 'l_b1_dr', 'l_b2_dr', 'spher', 'aplan', 'n_b_inZH', 'n_q_inZH', 'n_b_outZH', 'n_q_outZH', 'ZH_bbvLscore'], flatten=True, store_size=True, fill_none=True, fill_value=-999.0, pos_start=None, pos_end=None)],
                     'btag_mask': [ColOut(collection='events', columns=['process', 'matchedGen_ZHbb_bb', 'tt_type', 'outZH_b1_pt', 'outZH_b2_pt', 'outZH_b1_score', 'outZH_b2_score', 'outZH_q1_pt', 'outZH_q2_pt', 'outZH_q1_score', 'outZH_q2_score', 'outZH_b1_q_mindr', 'outZH_b2_q_mindr', 'outZH_q_q_dr_nearb1', 'outZH_q_q_dr_nearb2', 'outZH_qq_M_nearb1', 'outZH_qq_M_nearb2', 'outZH_b1_qq_dr', 'outZH_b2_qq_dr', 'outZH_b1qq_M', 'outZH_b2qq_M', 'ZH_b1qq_dr', 'ZH_b2qq_dr', 'ZH_lbb1qq_dr', 'ZH_lbb2qq_dr', 'l_b2_mtb', 'ZH_closeb_invM', 'n_ak8jets', 'n_ak4jets', 'n_ak8_ZHbb', 'outZH_max_ak8pnetMass', 'outZH_b12_m', 'outZH_b12_dr', 'ht_b', 'ht_outZH', 'ak4_bestb_inZH', 'ak4_worstb_inZH', 'nonZHbb_q1_dr', 'nonZHbb_b1_dr', 'inZHb_outZHb_dr', 'ZH_l_dr', 'ZH_l_invM', 'l_b1_invM', 'l_b2_invM', 'l_b1_dr', 'l_b2_dr', 'spher', 'aplan', 'n_b_inZH', 'n_q_inZH', 'n_b_outZH', 'n_q_outZH', 'ZH_bbvLscore'], flatten=True, store_size=True, fill_none=True, fill_value=-999.0, pos_start=None, pos_end=None)]},
'ttHToNonbb': {'baseline': [ColOut(collection='events', columns=['process', 'matchedGen_ZHbb_bb', 'tt_type', 'outZH_b1_pt', 'outZH_b2_pt', 'outZH_b1_score', 'outZH_b2_score', 'outZH_q1_pt', 'outZH_q2_pt', 'outZH_q1_score', 'outZH_q2_score', 'outZH_b1_q_mindr', 'outZH_b2_q_mindr', 'outZH_q_q_dr_nearb1', 'outZH_q_q_dr_nearb2', 'outZH_qq_M_nearb1', 'outZH_qq_M_nearb2', 'outZH_b1_qq_dr', 'outZH_b2_qq_dr', 'outZH_b1qq_M', 'outZH_b2qq_M', 'ZH_b1qq_dr', 'ZH_b2qq_dr', 'ZH_lbb1qq_dr', 'ZH_lbb2qq_dr', 'l_b2_mtb', 'ZH_closeb_invM', 'n_ak8jets', 'n_ak4jets', 'n_ak8_ZHbb', 'outZH_max_ak8pnetMass', 'outZH_b12_m', 'outZH_b12_dr', 'ht_b', 'ht_outZH', 'ak4_bestb_inZH', 'ak4_worstb_inZH', 'nonZHbb_q1_dr', 'nonZHbb_b1_dr', 'inZHb_outZHb_dr', 'ZH_l_dr', 'ZH_l_invM', 'l_b1_invM', 'l_b2_invM', 'l_b1_dr', 'l_b2_dr', 'spher', 'aplan', 'n_b_inZH', 'n_q_inZH', 'n_b_outZH', 'n_q_outZH', 'ZH_bbvLscore'], flatten=True, store_size=True, fill_none=True, fill_value=-999.0, pos_start=None, pos_end=None)],
              'btag_mask': [ColOut(collection='events', columns=['process', 'matchedGen_ZHbb_bb', 'tt_type', 'outZH_b1_pt', 'outZH_b2_pt', 'outZH_b1_score', 'outZH_b2_score', 'outZH_q1_pt', 'outZH_q2_pt', 'outZH_q1_score', 'outZH_q2_score', 'outZH_b1_q_mindr', 'outZH_b2_q_mindr', 'outZH_q_q_dr_nearb1', 'outZH_q_q_dr_nearb2', 'outZH_qq_M_nearb1', 'outZH_qq_M_nearb2', 'outZH_b1_qq_dr', 'outZH_b2_qq_dr', 'outZH_b1qq_M', 'outZH_b2qq_M', 'ZH_b1qq_dr', 'ZH_b2qq_dr', 'ZH_lbb1qq_dr', 'ZH_lbb2qq_dr', 'l_b2_mtb', 'ZH_closeb_invM', 'n_ak8jets', 'n_ak4jets', 'n_ak8_ZHbb', 'outZH_max_ak8pnetMass', 'outZH_b12_m', 'outZH_b12_dr', 'ht_b', 'ht_outZH', 'ak4_bestb_inZH', 'ak4_worstb_inZH', 'nonZHbb_q1_dr', 'nonZHbb_b1_dr', 'inZHb_outZHb_dr', 'ZH_l_dr', 'ZH_l_invM', 'l_b1_invM', 'l_b2_invM', 'l_b1_dr', 'l_b2_dr', 'spher', 'aplan', 'n_b_inZH', 'n_q_inZH', 'n_b_outZH', 'n_q_outZH', 'ZH_bbvLscore'], flatten=True, store_size=True, fill_none=True, fill_value=-999.0, pos_start=None, pos_end=None)]},
'ttHTobb': {'baseline': [ColOut(collection='events', columns=['process', 'matchedGen_ZHbb_bb', 'tt_type', 'outZH_b1_pt', 'outZH_b2_pt', 'outZH_b1_score', 'outZH_b2_score', 'outZH_q1_pt', 'outZH_q2_pt', 'outZH_q1_score', 'outZH_q2_score', 'outZH_b1_q_mindr', 'outZH_b2_q_mindr', 'outZH_q_q_dr_nearb1', 'outZH_q_q_dr_nearb2', 'outZH_qq_M_nearb1', 'outZH_qq_M_nearb2', 'outZH_b1_qq_dr', 'outZH_b2_qq_dr', 'outZH_b1qq_M', 'outZH_b2qq_M', 'ZH_b1qq_dr', 'ZH_b2qq_dr', 'ZH_lbb1qq_dr', 'ZH_lbb2qq_dr', 'l_b2_mtb', 'ZH_closeb_invM', 'n_ak8jets', 'n_ak4jets', 'n_ak8_ZHbb', 'outZH_max_ak8pnetMass', 'outZH_b12_m', 'outZH_b12_dr', 'ht_b', 'ht_outZH', 'ak4_bestb_inZH', 'ak4_worstb_inZH', 'nonZHbb_q1_dr', 'nonZHbb_b1_dr', 'inZHb_outZHb_dr', 'ZH_l_dr', 'ZH_l_invM', 'l_b1_invM', 'l_b2_invM', 'l_b1_dr', 'l_b2_dr', 'spher', 'aplan', 'n_b_inZH', 'n_q_inZH', 'n_b_outZH', 'n_q_outZH', 'ZH_bbvLscore'], flatten=True, store_size=True, fill_none=True, fill_value=-999.0, pos_start=None, pos_end=None)],
           'btag_mask': [ColOut(collection='events', columns=['process', 'matchedGen_ZHbb_bb', 'tt_type', 'outZH_b1_pt', 'outZH_b2_pt', 'outZH_b1_score', 'outZH_b2_score', 'outZH_q1_pt', 'outZH_q2_pt', 'outZH_q1_score', 'outZH_q2_score', 'outZH_b1_q_mindr', 'outZH_b2_q_mindr', 'outZH_q_q_dr_nearb1', 'outZH_q_q_dr_nearb2', 'outZH_qq_M_nearb1', 'outZH_qq_M_nearb2', 'outZH_b1_qq_dr', 'outZH_b2_qq_dr', 'outZH_b1qq_M', 'outZH_b2qq_M', 'ZH_b1qq_dr', 'ZH_b2qq_dr', 'ZH_lbb1qq_dr', 'ZH_lbb2qq_dr', 'l_b2_mtb', 'ZH_closeb_invM', 'n_ak8jets', 'n_ak4jets', 'n_ak8_ZHbb', 'outZH_max_ak8pnetMass', 'outZH_b12_m', 'outZH_b12_dr', 'ht_b', 'ht_outZH', 'ak4_bestb_inZH', 'ak4_worstb_inZH', 'nonZHbb_q1_dr', 'nonZHbb_b1_dr', 'inZHb_outZHb_dr', 'ZH_l_dr', 'ZH_l_invM', 'l_b1_invM', 'l_b2_invM', 'l_b1_dr', 'l_b2_dr', 'spher', 'aplan', 'n_b_inZH', 'n_q_inZH', 'n_b_outZH', 'n_q_outZH', 'ZH_bbvLscore'], flatten=True, store_size=True, fill_none=True, fill_value=-999.0, pos_start=None, pos_end=None)]}}
  - available weights variations: {'TTTo2L2Nu': ['nominal', 'pileup'],
'TTToHadronic': ['nominal', 'pileup'],
'TTToSemiLeptonic': ['nominal', 'pileup'],
'TTZToBB': ['nominal', 'pileup'],
'TTZToLLNuNu': ['nominal', 'pileup'],
'TTZToQQ': ['nominal', 'pileup'],
'TTbb_2L2Nu': ['nominal', 'pileup'],
'TTbb_Hadronic': ['nominal', 'pileup'],
'TTbb_SemiLeptonic': ['nominal', 'pileup'],
'ttHToNonbb': ['nominal', 'pileup'],
'ttHTobb': ['nominal', 'pileup']} 
  - available shape variations: {'TTTo2L2Nu': [],
'TTToHadronic': [],
'TTToSemiLeptonic': [],
'TTZToBB': [],
'TTZToLLNuNu': [],
'TTZToQQ': [],
'TTbb_2L2Nu': [],
'TTbb_Hadronic': [],
'TTbb_SemiLeptonic': [],
'ttHToNonbb': [],
'ttHTobb': []}
[INFO    ] Configurator instance:
  - Workflow: <class 'zhbbworkflow.ZHbbBaseProcessor'>
  - Workflow options: {}
  - N. datasets: 11 
   -- Dataset: ttHTobb_M125_M125_2017,  Sample: ttHTobb, N. files: 46, N. events: 7825000
   -- Dataset: ttHToNonbb_M125_M125_2017,  Sample: ttHToNonbb, N. files: 35, N. events: 5070989
   -- Dataset: TTZToBB__2017,  Sample: TTZToBB, N. files: 26, N. events: 7074000
   -- Dataset: TTZToQQ__2017,  Sample: TTZToQQ, N. files: 35, N. events: 13822000
   -- Dataset: TTZToLLNuNu__2017,  Sample: TTZToLLNuNu, N. files: 19, N. events: 14036000
   -- Dataset: TTbb_Hadronic__2017,  Sample: TTbb_Hadronic, N. files: 9, N. events: 5694656
   -- Dataset: TTbb_2L2Nu__2017,  Sample: TTbb_2L2Nu, N. files: 7, N. events: 3472503
   -- Dataset: TTbb_SemiLeptonic__2017,  Sample: TTbb_SemiLeptonic, N. files: 12, N. events: 7318891
   -- Dataset: TTToHadronic__2017,  Sample: TTToHadronic, N. files: 199, N. events: 232999999
   -- Dataset: TTTo2L2Nu__2017,  Sample: TTTo2L2Nu, N. files: 99, N. events: 106724000
   -- Dataset: TTToSemiLeptonic__2017,  Sample: TTToSemiLeptonic, N. files: 297, N. events: 346052000
  - Subsamples:
   -- Sample ttHTobb: StandardSelection ['ttHTobb'], (1 categories)
   -- Sample ttHToNonbb: StandardSelection ['ttHToNonbb'], (1 categories)
   -- Sample TTZToBB: StandardSelection ['TTZToBB'], (1 categories)
   -- Sample TTZToQQ: StandardSelection ['TTZToQQ'], (1 categories)
   -- Sample TTZToLLNuNu: StandardSelection ['TTZToLLNuNu'], (1 categories)
   -- Sample TTbb_Hadronic: StandardSelection ['TTbb_Hadronic'], (1 categories)
   -- Sample TTbb_2L2Nu: StandardSelection ['TTbb_2L2Nu'], (1 categories)
   -- Sample TTbb_SemiLeptonic: StandardSelection ['TTbb_SemiLeptonic'], (1 categories)
   -- Sample TTToHadronic: StandardSelection ['TTToHadronic'], (1 categories)
   -- Sample TTTo2L2Nu: StandardSelection ['TTTo2L2Nu'], (1 categories)
   -- Sample TTToSemiLeptonic: StandardSelection ['TTToSemiLeptonic'], (1 categories)
  - Skim: ['preSkimCut']
  - Preselection: ['eventSelection']
  - Categories: StandardSelection ['baseline', 'btag_mask'], (2 categories)
  - Variables:  ['mAK8', 'zhbbtag', 'zhbbtag_sorted', 'outZH_b1_pt']
  - Columns: {'TTTo2L2Nu': {'baseline': [ColOut(collection='events', columns=['process', 'matchedGen_ZHbb_bb', 'tt_type', 'outZH_b1_pt', 'outZH_b2_pt', 'outZH_b1_score', 'outZH_b2_score', 'outZH_q1_pt', 'outZH_q2_pt', 'outZH_q1_score', 'outZH_q2_score', 'outZH_b1_q_mindr', 'outZH_b2_q_mindr', 'outZH_q_q_dr_nearb1', 'outZH_q_q_dr_nearb2', 'outZH_qq_M_nearb1', 'outZH_qq_M_nearb2', 'outZH_b1_qq_dr', 'outZH_b2_qq_dr', 'outZH_b1qq_M', 'outZH_b2qq_M', 'ZH_b1qq_dr', 'ZH_b2qq_dr', 'ZH_lbb1qq_dr', 'ZH_lbb2qq_dr', 'l_b2_mtb', 'ZH_closeb_invM', 'n_ak8jets', 'n_ak4jets', 'n_ak8_ZHbb', 'outZH_max_ak8pnetMass', 'outZH_b12_m', 'outZH_b12_dr', 'ht_b', 'ht_outZH', 'ak4_bestb_inZH', 'ak4_worstb_inZH', 'nonZHbb_q1_dr', 'nonZHbb_b1_dr', 'inZHb_outZHb_dr', 'ZH_l_dr', 'ZH_l_invM', 'l_b1_invM', 'l_b2_invM', 'l_b1_dr', 'l_b2_dr', 'spher', 'aplan', 'n_b_inZH', 'n_q_inZH', 'n_b_outZH', 'n_q_outZH', 'ZH_bbvLscore'], flatten=True, store_size=True, fill_none=True, fill_value=-999.0, pos_start=None, pos_end=None)],
             'btag_mask': [ColOut(collection='events', columns=['process', 'matchedGen_ZHbb_bb', 'tt_type', 'outZH_b1_pt', 'outZH_b2_pt', 'outZH_b1_score', 'outZH_b2_score', 'outZH_q1_pt', 'outZH_q2_pt', 'outZH_q1_score', 'outZH_q2_score', 'outZH_b1_q_mindr', 'outZH_b2_q_mindr', 'outZH_q_q_dr_nearb1', 'outZH_q_q_dr_nearb2', 'outZH_qq_M_nearb1', 'outZH_qq_M_nearb2', 'outZH_b1_qq_dr', 'outZH_b2_qq_dr', 'outZH_b1qq_M', 'outZH_b2qq_M', 'ZH_b1qq_dr', 'ZH_b2qq_dr', 'ZH_lbb1qq_dr', 'ZH_lbb2qq_dr', 'l_b2_mtb', 'ZH_closeb_invM', 'n_ak8jets', 'n_ak4jets', 'n_ak8_ZHbb', 'outZH_max_ak8pnetMass', 'outZH_b12_m', 'outZH_b12_dr', 'ht_b', 'ht_outZH', 'ak4_bestb_inZH', 'ak4_worstb_inZH', 'nonZHbb_q1_dr', 'nonZHbb_b1_dr', 'inZHb_outZHb_dr', 'ZH_l_dr', 'ZH_l_invM', 'l_b1_invM', 'l_b2_invM', 'l_b1_dr', 'l_b2_dr', 'spher', 'aplan', 'n_b_inZH', 'n_q_inZH', 'n_b_outZH', 'n_q_outZH', 'ZH_bbvLscore'], flatten=True, store_size=True, fill_none=True, fill_value=-999.0, pos_start=None, pos_end=None)]},
'TTToHadronic': {'baseline': [ColOut(collection='events', columns=['process', 'matchedGen_ZHbb_bb', 'tt_type', 'outZH_b1_pt', 'outZH_b2_pt', 'outZH_b1_score', 'outZH_b2_score', 'outZH_q1_pt', 'outZH_q2_pt', 'outZH_q1_score', 'outZH_q2_score', 'outZH_b1_q_mindr', 'outZH_b2_q_mindr', 'outZH_q_q_dr_nearb1', 'outZH_q_q_dr_nearb2', 'outZH_qq_M_nearb1', 'outZH_qq_M_nearb2', 'outZH_b1_qq_dr', 'outZH_b2_qq_dr', 'outZH_b1qq_M', 'outZH_b2qq_M', 'ZH_b1qq_dr', 'ZH_b2qq_dr', 'ZH_lbb1qq_dr', 'ZH_lbb2qq_dr', 'l_b2_mtb', 'ZH_closeb_invM', 'n_ak8jets', 'n_ak4jets', 'n_ak8_ZHbb', 'outZH_max_ak8pnetMass', 'outZH_b12_m', 'outZH_b12_dr', 'ht_b', 'ht_outZH', 'ak4_bestb_inZH', 'ak4_worstb_inZH', 'nonZHbb_q1_dr', 'nonZHbb_b1_dr', 'inZHb_outZHb_dr', 'ZH_l_dr', 'ZH_l_invM', 'l_b1_invM', 'l_b2_invM', 'l_b1_dr', 'l_b2_dr', 'spher', 'aplan', 'n_b_inZH', 'n_q_inZH', 'n_b_outZH', 'n_q_outZH', 'ZH_bbvLscore'], flatten=True, store_size=True, fill_none=True, fill_value=-999.0, pos_start=None, pos_end=None)],
                'btag_mask': [ColOut(collection='events', columns=['process', 'matchedGen_ZHbb_bb', 'tt_type', 'outZH_b1_pt', 'outZH_b2_pt', 'outZH_b1_score', 'outZH_b2_score', 'outZH_q1_pt', 'outZH_q2_pt', 'outZH_q1_score', 'outZH_q2_score', 'outZH_b1_q_mindr', 'outZH_b2_q_mindr', 'outZH_q_q_dr_nearb1', 'outZH_q_q_dr_nearb2', 'outZH_qq_M_nearb1', 'outZH_qq_M_nearb2', 'outZH_b1_qq_dr', 'outZH_b2_qq_dr', 'outZH_b1qq_M', 'outZH_b2qq_M', 'ZH_b1qq_dr', 'ZH_b2qq_dr', 'ZH_lbb1qq_dr', 'ZH_lbb2qq_dr', 'l_b2_mtb', 'ZH_closeb_invM', 'n_ak8jets', 'n_ak4jets', 'n_ak8_ZHbb', 'outZH_max_ak8pnetMass', 'outZH_b12_m', 'outZH_b12_dr', 'ht_b', 'ht_outZH', 'ak4_bestb_inZH', 'ak4_worstb_inZH', 'nonZHbb_q1_dr', 'nonZHbb_b1_dr', 'inZHb_outZHb_dr', 'ZH_l_dr', 'ZH_l_invM', 'l_b1_invM', 'l_b2_invM', 'l_b1_dr', 'l_b2_dr', 'spher', 'aplan', 'n_b_inZH', 'n_q_inZH', 'n_b_outZH', 'n_q_outZH', 'ZH_bbvLscore'], flatten=True, store_size=True, fill_none=True, fill_value=-999.0, pos_start=None, pos_end=None)]},
'TTToSemiLeptonic': {'baseline': [ColOut(collection='events', columns=['process', 'matchedGen_ZHbb_bb', 'tt_type', 'outZH_b1_pt', 'outZH_b2_pt', 'outZH_b1_score', 'outZH_b2_score', 'outZH_q1_pt', 'outZH_q2_pt', 'outZH_q1_score', 'outZH_q2_score', 'outZH_b1_q_mindr', 'outZH_b2_q_mindr', 'outZH_q_q_dr_nearb1', 'outZH_q_q_dr_nearb2', 'outZH_qq_M_nearb1', 'outZH_qq_M_nearb2', 'outZH_b1_qq_dr', 'outZH_b2_qq_dr', 'outZH_b1qq_M', 'outZH_b2qq_M', 'ZH_b1qq_dr', 'ZH_b2qq_dr', 'ZH_lbb1qq_dr', 'ZH_lbb2qq_dr', 'l_b2_mtb', 'ZH_closeb_invM', 'n_ak8jets', 'n_ak4jets', 'n_ak8_ZHbb', 'outZH_max_ak8pnetMass', 'outZH_b12_m', 'outZH_b12_dr', 'ht_b', 'ht_outZH', 'ak4_bestb_inZH', 'ak4_worstb_inZH', 'nonZHbb_q1_dr', 'nonZHbb_b1_dr', 'inZHb_outZHb_dr', 'ZH_l_dr', 'ZH_l_invM', 'l_b1_invM', 'l_b2_invM', 'l_b1_dr', 'l_b2_dr', 'spher', 'aplan', 'n_b_inZH', 'n_q_inZH', 'n_b_outZH', 'n_q_outZH', 'ZH_bbvLscore'], flatten=True, store_size=True, fill_none=True, fill_value=-999.0, pos_start=None, pos_end=None)],
                    'btag_mask': [ColOut(collection='events', columns=['process', 'matchedGen_ZHbb_bb', 'tt_type', 'outZH_b1_pt', 'outZH_b2_pt', 'outZH_b1_score', 'outZH_b2_score', 'outZH_q1_pt', 'outZH_q2_pt', 'outZH_q1_score', 'outZH_q2_score', 'outZH_b1_q_mindr', 'outZH_b2_q_mindr', 'outZH_q_q_dr_nearb1', 'outZH_q_q_dr_nearb2', 'outZH_qq_M_nearb1', 'outZH_qq_M_nearb2', 'outZH_b1_qq_dr', 'outZH_b2_qq_dr', 'outZH_b1qq_M', 'outZH_b2qq_M', 'ZH_b1qq_dr', 'ZH_b2qq_dr', 'ZH_lbb1qq_dr', 'ZH_lbb2qq_dr', 'l_b2_mtb', 'ZH_closeb_invM', 'n_ak8jets', 'n_ak4jets', 'n_ak8_ZHbb', 'outZH_max_ak8pnetMass', 'outZH_b12_m', 'outZH_b12_dr', 'ht_b', 'ht_outZH', 'ak4_bestb_inZH', 'ak4_worstb_inZH', 'nonZHbb_q1_dr', 'nonZHbb_b1_dr', 'inZHb_outZHb_dr', 'ZH_l_dr', 'ZH_l_invM', 'l_b1_invM', 'l_b2_invM', 'l_b1_dr', 'l_b2_dr', 'spher', 'aplan', 'n_b_inZH', 'n_q_inZH', 'n_b_outZH', 'n_q_outZH', 'ZH_bbvLscore'], flatten=True, store_size=True, fill_none=True, fill_value=-999.0, pos_start=None, pos_end=None)]},
'TTZToBB': {'baseline': [ColOut(collection='events', columns=['process', 'matchedGen_ZHbb_bb', 'tt_type', 'outZH_b1_pt', 'outZH_b2_pt', 'outZH_b1_score', 'outZH_b2_score', 'outZH_q1_pt', 'outZH_q2_pt', 'outZH_q1_score', 'outZH_q2_score', 'outZH_b1_q_mindr', 'outZH_b2_q_mindr', 'outZH_q_q_dr_nearb1', 'outZH_q_q_dr_nearb2', 'outZH_qq_M_nearb1', 'outZH_qq_M_nearb2', 'outZH_b1_qq_dr', 'outZH_b2_qq_dr', 'outZH_b1qq_M', 'outZH_b2qq_M', 'ZH_b1qq_dr', 'ZH_b2qq_dr', 'ZH_lbb1qq_dr', 'ZH_lbb2qq_dr', 'l_b2_mtb', 'ZH_closeb_invM', 'n_ak8jets', 'n_ak4jets', 'n_ak8_ZHbb', 'outZH_max_ak8pnetMass', 'outZH_b12_m', 'outZH_b12_dr', 'ht_b', 'ht_outZH', 'ak4_bestb_inZH', 'ak4_worstb_inZH', 'nonZHbb_q1_dr', 'nonZHbb_b1_dr', 'inZHb_outZHb_dr', 'ZH_l_dr', 'ZH_l_invM', 'l_b1_invM', 'l_b2_invM', 'l_b1_dr', 'l_b2_dr', 'spher', 'aplan', 'n_b_inZH', 'n_q_inZH', 'n_b_outZH', 'n_q_outZH', 'ZH_bbvLscore'], flatten=True, store_size=True, fill_none=True, fill_value=-999.0, pos_start=None, pos_end=None)],
           'btag_mask': [ColOut(collection='events', columns=['process', 'matchedGen_ZHbb_bb', 'tt_type', 'outZH_b1_pt', 'outZH_b2_pt', 'outZH_b1_score', 'outZH_b2_score', 'outZH_q1_pt', 'outZH_q2_pt', 'outZH_q1_score', 'outZH_q2_score', 'outZH_b1_q_mindr', 'outZH_b2_q_mindr', 'outZH_q_q_dr_nearb1', 'outZH_q_q_dr_nearb2', 'outZH_qq_M_nearb1', 'outZH_qq_M_nearb2', 'outZH_b1_qq_dr', 'outZH_b2_qq_dr', 'outZH_b1qq_M', 'outZH_b2qq_M', 'ZH_b1qq_dr', 'ZH_b2qq_dr', 'ZH_lbb1qq_dr', 'ZH_lbb2qq_dr', 'l_b2_mtb', 'ZH_closeb_invM', 'n_ak8jets', 'n_ak4jets', 'n_ak8_ZHbb', 'outZH_max_ak8pnetMass', 'outZH_b12_m', 'outZH_b12_dr', 'ht_b', 'ht_outZH', 'ak4_bestb_inZH', 'ak4_worstb_inZH', 'nonZHbb_q1_dr', 'nonZHbb_b1_dr', 'inZHb_outZHb_dr', 'ZH_l_dr', 'ZH_l_invM', 'l_b1_invM', 'l_b2_invM', 'l_b1_dr', 'l_b2_dr', 'spher', 'aplan', 'n_b_inZH', 'n_q_inZH', 'n_b_outZH', 'n_q_outZH', 'ZH_bbvLscore'], flatten=True, store_size=True, fill_none=True, fill_value=-999.0, pos_start=None, pos_end=None)]},
'TTZToLLNuNu': {'baseline': [ColOut(collection='events', columns=['process', 'matchedGen_ZHbb_bb', 'tt_type', 'outZH_b1_pt', 'outZH_b2_pt', 'outZH_b1_score', 'outZH_b2_score', 'outZH_q1_pt', 'outZH_q2_pt', 'outZH_q1_score', 'outZH_q2_score', 'outZH_b1_q_mindr', 'outZH_b2_q_mindr', 'outZH_q_q_dr_nearb1', 'outZH_q_q_dr_nearb2', 'outZH_qq_M_nearb1', 'outZH_qq_M_nearb2', 'outZH_b1_qq_dr', 'outZH_b2_qq_dr', 'outZH_b1qq_M', 'outZH_b2qq_M', 'ZH_b1qq_dr', 'ZH_b2qq_dr', 'ZH_lbb1qq_dr', 'ZH_lbb2qq_dr', 'l_b2_mtb', 'ZH_closeb_invM', 'n_ak8jets', 'n_ak4jets', 'n_ak8_ZHbb', 'outZH_max_ak8pnetMass', 'outZH_b12_m', 'outZH_b12_dr', 'ht_b', 'ht_outZH', 'ak4_bestb_inZH', 'ak4_worstb_inZH', 'nonZHbb_q1_dr', 'nonZHbb_b1_dr', 'inZHb_outZHb_dr', 'ZH_l_dr', 'ZH_l_invM', 'l_b1_invM', 'l_b2_invM', 'l_b1_dr', 'l_b2_dr', 'spher', 'aplan', 'n_b_inZH', 'n_q_inZH', 'n_b_outZH', 'n_q_outZH', 'ZH_bbvLscore'], flatten=True, store_size=True, fill_none=True, fill_value=-999.0, pos_start=None, pos_end=None)],
               'btag_mask': [ColOut(collection='events', columns=['process', 'matchedGen_ZHbb_bb', 'tt_type', 'outZH_b1_pt', 'outZH_b2_pt', 'outZH_b1_score', 'outZH_b2_score', 'outZH_q1_pt', 'outZH_q2_pt', 'outZH_q1_score', 'outZH_q2_score', 'outZH_b1_q_mindr', 'outZH_b2_q_mindr', 'outZH_q_q_dr_nearb1', 'outZH_q_q_dr_nearb2', 'outZH_qq_M_nearb1', 'outZH_qq_M_nearb2', 'outZH_b1_qq_dr', 'outZH_b2_qq_dr', 'outZH_b1qq_M', 'outZH_b2qq_M', 'ZH_b1qq_dr', 'ZH_b2qq_dr', 'ZH_lbb1qq_dr', 'ZH_lbb2qq_dr', 'l_b2_mtb', 'ZH_closeb_invM', 'n_ak8jets', 'n_ak4jets', 'n_ak8_ZHbb', 'outZH_max_ak8pnetMass', 'outZH_b12_m', 'outZH_b12_dr', 'ht_b', 'ht_outZH', 'ak4_bestb_inZH', 'ak4_worstb_inZH', 'nonZHbb_q1_dr', 'nonZHbb_b1_dr', 'inZHb_outZHb_dr', 'ZH_l_dr', 'ZH_l_invM', 'l_b1_invM', 'l_b2_invM', 'l_b1_dr', 'l_b2_dr', 'spher', 'aplan', 'n_b_inZH', 'n_q_inZH', 'n_b_outZH', 'n_q_outZH', 'ZH_bbvLscore'], flatten=True, store_size=True, fill_none=True, fill_value=-999.0, pos_start=None, pos_end=None)]},
'TTZToQQ': {'baseline': [ColOut(collection='events', columns=['process', 'matchedGen_ZHbb_bb', 'tt_type', 'outZH_b1_pt', 'outZH_b2_pt', 'outZH_b1_score', 'outZH_b2_score', 'outZH_q1_pt', 'outZH_q2_pt', 'outZH_q1_score', 'outZH_q2_score', 'outZH_b1_q_mindr', 'outZH_b2_q_mindr', 'outZH_q_q_dr_nearb1', 'outZH_q_q_dr_nearb2', 'outZH_qq_M_nearb1', 'outZH_qq_M_nearb2', 'outZH_b1_qq_dr', 'outZH_b2_qq_dr', 'outZH_b1qq_M', 'outZH_b2qq_M', 'ZH_b1qq_dr', 'ZH_b2qq_dr', 'ZH_lbb1qq_dr', 'ZH_lbb2qq_dr', 'l_b2_mtb', 'ZH_closeb_invM', 'n_ak8jets', 'n_ak4jets', 'n_ak8_ZHbb', 'outZH_max_ak8pnetMass', 'outZH_b12_m', 'outZH_b12_dr', 'ht_b', 'ht_outZH', 'ak4_bestb_inZH', 'ak4_worstb_inZH', 'nonZHbb_q1_dr', 'nonZHbb_b1_dr', 'inZHb_outZHb_dr', 'ZH_l_dr', 'ZH_l_invM', 'l_b1_invM', 'l_b2_invM', 'l_b1_dr', 'l_b2_dr', 'spher', 'aplan', 'n_b_inZH', 'n_q_inZH', 'n_b_outZH', 'n_q_outZH', 'ZH_bbvLscore'], flatten=True, store_size=True, fill_none=True, fill_value=-999.0, pos_start=None, pos_end=None)],
           'btag_mask': [ColOut(collection='events', columns=['process', 'matchedGen_ZHbb_bb', 'tt_type', 'outZH_b1_pt', 'outZH_b2_pt', 'outZH_b1_score', 'outZH_b2_score', 'outZH_q1_pt', 'outZH_q2_pt', 'outZH_q1_score', 'outZH_q2_score', 'outZH_b1_q_mindr', 'outZH_b2_q_mindr', 'outZH_q_q_dr_nearb1', 'outZH_q_q_dr_nearb2', 'outZH_qq_M_nearb1', 'outZH_qq_M_nearb2', 'outZH_b1_qq_dr', 'outZH_b2_qq_dr', 'outZH_b1qq_M', 'outZH_b2qq_M', 'ZH_b1qq_dr', 'ZH_b2qq_dr', 'ZH_lbb1qq_dr', 'ZH_lbb2qq_dr', 'l_b2_mtb', 'ZH_closeb_invM', 'n_ak8jets', 'n_ak4jets', 'n_ak8_ZHbb', 'outZH_max_ak8pnetMass', 'outZH_b12_m', 'outZH_b12_dr', 'ht_b', 'ht_outZH', 'ak4_bestb_inZH', 'ak4_worstb_inZH', 'nonZHbb_q1_dr', 'nonZHbb_b1_dr', 'inZHb_outZHb_dr', 'ZH_l_dr', 'ZH_l_invM', 'l_b1_invM', 'l_b2_invM', 'l_b1_dr', 'l_b2_dr', 'spher', 'aplan', 'n_b_inZH', 'n_q_inZH', 'n_b_outZH', 'n_q_outZH', 'ZH_bbvLscore'], flatten=True, store_size=True, fill_none=True, fill_value=-999.0, pos_start=None, pos_end=None)]},
'TTbb_2L2Nu': {'baseline': [ColOut(collection='events', columns=['process', 'matchedGen_ZHbb_bb', 'tt_type', 'outZH_b1_pt', 'outZH_b2_pt', 'outZH_b1_score', 'outZH_b2_score', 'outZH_q1_pt', 'outZH_q2_pt', 'outZH_q1_score', 'outZH_q2_score', 'outZH_b1_q_mindr', 'outZH_b2_q_mindr', 'outZH_q_q_dr_nearb1', 'outZH_q_q_dr_nearb2', 'outZH_qq_M_nearb1', 'outZH_qq_M_nearb2', 'outZH_b1_qq_dr', 'outZH_b2_qq_dr', 'outZH_b1qq_M', 'outZH_b2qq_M', 'ZH_b1qq_dr', 'ZH_b2qq_dr', 'ZH_lbb1qq_dr', 'ZH_lbb2qq_dr', 'l_b2_mtb', 'ZH_closeb_invM', 'n_ak8jets', 'n_ak4jets', 'n_ak8_ZHbb', 'outZH_max_ak8pnetMass', 'outZH_b12_m', 'outZH_b12_dr', 'ht_b', 'ht_outZH', 'ak4_bestb_inZH', 'ak4_worstb_inZH', 'nonZHbb_q1_dr', 'nonZHbb_b1_dr', 'inZHb_outZHb_dr', 'ZH_l_dr', 'ZH_l_invM', 'l_b1_invM', 'l_b2_invM', 'l_b1_dr', 'l_b2_dr', 'spher', 'aplan', 'n_b_inZH', 'n_q_inZH', 'n_b_outZH', 'n_q_outZH', 'ZH_bbvLscore'], flatten=True, store_size=True, fill_none=True, fill_value=-999.0, pos_start=None, pos_end=None)],
              'btag_mask': [ColOut(collection='events', columns=['process', 'matchedGen_ZHbb_bb', 'tt_type', 'outZH_b1_pt', 'outZH_b2_pt', 'outZH_b1_score', 'outZH_b2_score', 'outZH_q1_pt', 'outZH_q2_pt', 'outZH_q1_score', 'outZH_q2_score', 'outZH_b1_q_mindr', 'outZH_b2_q_mindr', 'outZH_q_q_dr_nearb1', 'outZH_q_q_dr_nearb2', 'outZH_qq_M_nearb1', 'outZH_qq_M_nearb2', 'outZH_b1_qq_dr', 'outZH_b2_qq_dr', 'outZH_b1qq_M', 'outZH_b2qq_M', 'ZH_b1qq_dr', 'ZH_b2qq_dr', 'ZH_lbb1qq_dr', 'ZH_lbb2qq_dr', 'l_b2_mtb', 'ZH_closeb_invM', 'n_ak8jets', 'n_ak4jets', 'n_ak8_ZHbb', 'outZH_max_ak8pnetMass', 'outZH_b12_m', 'outZH_b12_dr', 'ht_b', 'ht_outZH', 'ak4_bestb_inZH', 'ak4_worstb_inZH', 'nonZHbb_q1_dr', 'nonZHbb_b1_dr', 'inZHb_outZHb_dr', 'ZH_l_dr', 'ZH_l_invM', 'l_b1_invM', 'l_b2_invM', 'l_b1_dr', 'l_b2_dr', 'spher', 'aplan', 'n_b_inZH', 'n_q_inZH', 'n_b_outZH', 'n_q_outZH', 'ZH_bbvLscore'], flatten=True, store_size=True, fill_none=True, fill_value=-999.0, pos_start=None, pos_end=None)]},
'TTbb_Hadronic': {'baseline': [ColOut(collection='events', columns=['process', 'matchedGen_ZHbb_bb', 'tt_type', 'outZH_b1_pt', 'outZH_b2_pt', 'outZH_b1_score', 'outZH_b2_score', 'outZH_q1_pt', 'outZH_q2_pt', 'outZH_q1_score', 'outZH_q2_score', 'outZH_b1_q_mindr', 'outZH_b2_q_mindr', 'outZH_q_q_dr_nearb1', 'outZH_q_q_dr_nearb2', 'outZH_qq_M_nearb1', 'outZH_qq_M_nearb2', 'outZH_b1_qq_dr', 'outZH_b2_qq_dr', 'outZH_b1qq_M', 'outZH_b2qq_M', 'ZH_b1qq_dr', 'ZH_b2qq_dr', 'ZH_lbb1qq_dr', 'ZH_lbb2qq_dr', 'l_b2_mtb', 'ZH_closeb_invM', 'n_ak8jets', 'n_ak4jets', 'n_ak8_ZHbb', 'outZH_max_ak8pnetMass', 'outZH_b12_m', 'outZH_b12_dr', 'ht_b', 'ht_outZH', 'ak4_bestb_inZH', 'ak4_worstb_inZH', 'nonZHbb_q1_dr', 'nonZHbb_b1_dr', 'inZHb_outZHb_dr', 'ZH_l_dr', 'ZH_l_invM', 'l_b1_invM', 'l_b2_invM', 'l_b1_dr', 'l_b2_dr', 'spher', 'aplan', 'n_b_inZH', 'n_q_inZH', 'n_b_outZH', 'n_q_outZH', 'ZH_bbvLscore'], flatten=True, store_size=True, fill_none=True, fill_value=-999.0, pos_start=None, pos_end=None)],
                 'btag_mask': [ColOut(collection='events', columns=['process', 'matchedGen_ZHbb_bb', 'tt_type', 'outZH_b1_pt', 'outZH_b2_pt', 'outZH_b1_score', 'outZH_b2_score', 'outZH_q1_pt', 'outZH_q2_pt', 'outZH_q1_score', 'outZH_q2_score', 'outZH_b1_q_mindr', 'outZH_b2_q_mindr', 'outZH_q_q_dr_nearb1', 'outZH_q_q_dr_nearb2', 'outZH_qq_M_nearb1', 'outZH_qq_M_nearb2', 'outZH_b1_qq_dr', 'outZH_b2_qq_dr', 'outZH_b1qq_M', 'outZH_b2qq_M', 'ZH_b1qq_dr', 'ZH_b2qq_dr', 'ZH_lbb1qq_dr', 'ZH_lbb2qq_dr', 'l_b2_mtb', 'ZH_closeb_invM', 'n_ak8jets', 'n_ak4jets', 'n_ak8_ZHbb', 'outZH_max_ak8pnetMass', 'outZH_b12_m', 'outZH_b12_dr', 'ht_b', 'ht_outZH', 'ak4_bestb_inZH', 'ak4_worstb_inZH', 'nonZHbb_q1_dr', 'nonZHbb_b1_dr', 'inZHb_outZHb_dr', 'ZH_l_dr', 'ZH_l_invM', 'l_b1_invM', 'l_b2_invM', 'l_b1_dr', 'l_b2_dr', 'spher', 'aplan', 'n_b_inZH', 'n_q_inZH', 'n_b_outZH', 'n_q_outZH', 'ZH_bbvLscore'], flatten=True, store_size=True, fill_none=True, fill_value=-999.0, pos_start=None, pos_end=None)]},
'TTbb_SemiLeptonic': {'baseline': [ColOut(collection='events', columns=['process', 'matchedGen_ZHbb_bb', 'tt_type', 'outZH_b1_pt', 'outZH_b2_pt', 'outZH_b1_score', 'outZH_b2_score', 'outZH_q1_pt', 'outZH_q2_pt', 'outZH_q1_score', 'outZH_q2_score', 'outZH_b1_q_mindr', 'outZH_b2_q_mindr', 'outZH_q_q_dr_nearb1', 'outZH_q_q_dr_nearb2', 'outZH_qq_M_nearb1', 'outZH_qq_M_nearb2', 'outZH_b1_qq_dr', 'outZH_b2_qq_dr', 'outZH_b1qq_M', 'outZH_b2qq_M', 'ZH_b1qq_dr', 'ZH_b2qq_dr', 'ZH_lbb1qq_dr', 'ZH_lbb2qq_dr', 'l_b2_mtb', 'ZH_closeb_invM', 'n_ak8jets', 'n_ak4jets', 'n_ak8_ZHbb', 'outZH_max_ak8pnetMass', 'outZH_b12_m', 'outZH_b12_dr', 'ht_b', 'ht_outZH', 'ak4_bestb_inZH', 'ak4_worstb_inZH', 'nonZHbb_q1_dr', 'nonZHbb_b1_dr', 'inZHb_outZHb_dr', 'ZH_l_dr', 'ZH_l_invM', 'l_b1_invM', 'l_b2_invM', 'l_b1_dr', 'l_b2_dr', 'spher', 'aplan', 'n_b_inZH', 'n_q_inZH', 'n_b_outZH', 'n_q_outZH', 'ZH_bbvLscore'], flatten=True, store_size=True, fill_none=True, fill_value=-999.0, pos_start=None, pos_end=None)],
                     'btag_mask': [ColOut(collection='events', columns=['process', 'matchedGen_ZHbb_bb', 'tt_type', 'outZH_b1_pt', 'outZH_b2_pt', 'outZH_b1_score', 'outZH_b2_score', 'outZH_q1_pt', 'outZH_q2_pt', 'outZH_q1_score', 'outZH_q2_score', 'outZH_b1_q_mindr', 'outZH_b2_q_mindr', 'outZH_q_q_dr_nearb1', 'outZH_q_q_dr_nearb2', 'outZH_qq_M_nearb1', 'outZH_qq_M_nearb2', 'outZH_b1_qq_dr', 'outZH_b2_qq_dr', 'outZH_b1qq_M', 'outZH_b2qq_M', 'ZH_b1qq_dr', 'ZH_b2qq_dr', 'ZH_lbb1qq_dr', 'ZH_lbb2qq_dr', 'l_b2_mtb', 'ZH_closeb_invM', 'n_ak8jets', 'n_ak4jets', 'n_ak8_ZHbb', 'outZH_max_ak8pnetMass', 'outZH_b12_m', 'outZH_b12_dr', 'ht_b', 'ht_outZH', 'ak4_bestb_inZH', 'ak4_worstb_inZH', 'nonZHbb_q1_dr', 'nonZHbb_b1_dr', 'inZHb_outZHb_dr', 'ZH_l_dr', 'ZH_l_invM', 'l_b1_invM', 'l_b2_invM', 'l_b1_dr', 'l_b2_dr', 'spher', 'aplan', 'n_b_inZH', 'n_q_inZH', 'n_b_outZH', 'n_q_outZH', 'ZH_bbvLscore'], flatten=True, store_size=True, fill_none=True, fill_value=-999.0, pos_start=None, pos_end=None)]},
'ttHToNonbb': {'baseline': [ColOut(collection='events', columns=['process', 'matchedGen_ZHbb_bb', 'tt_type', 'outZH_b1_pt', 'outZH_b2_pt', 'outZH_b1_score', 'outZH_b2_score', 'outZH_q1_pt', 'outZH_q2_pt', 'outZH_q1_score', 'outZH_q2_score', 'outZH_b1_q_mindr', 'outZH_b2_q_mindr', 'outZH_q_q_dr_nearb1', 'outZH_q_q_dr_nearb2', 'outZH_qq_M_nearb1', 'outZH_qq_M_nearb2', 'outZH_b1_qq_dr', 'outZH_b2_qq_dr', 'outZH_b1qq_M', 'outZH_b2qq_M', 'ZH_b1qq_dr', 'ZH_b2qq_dr', 'ZH_lbb1qq_dr', 'ZH_lbb2qq_dr', 'l_b2_mtb', 'ZH_closeb_invM', 'n_ak8jets', 'n_ak4jets', 'n_ak8_ZHbb', 'outZH_max_ak8pnetMass', 'outZH_b12_m', 'outZH_b12_dr', 'ht_b', 'ht_outZH', 'ak4_bestb_inZH', 'ak4_worstb_inZH', 'nonZHbb_q1_dr', 'nonZHbb_b1_dr', 'inZHb_outZHb_dr', 'ZH_l_dr', 'ZH_l_invM', 'l_b1_invM', 'l_b2_invM', 'l_b1_dr', 'l_b2_dr', 'spher', 'aplan', 'n_b_inZH', 'n_q_inZH', 'n_b_outZH', 'n_q_outZH', 'ZH_bbvLscore'], flatten=True, store_size=True, fill_none=True, fill_value=-999.0, pos_start=None, pos_end=None)],
              'btag_mask': [ColOut(collection='events', columns=['process', 'matchedGen_ZHbb_bb', 'tt_type', 'outZH_b1_pt', 'outZH_b2_pt', 'outZH_b1_score', 'outZH_b2_score', 'outZH_q1_pt', 'outZH_q2_pt', 'outZH_q1_score', 'outZH_q2_score', 'outZH_b1_q_mindr', 'outZH_b2_q_mindr', 'outZH_q_q_dr_nearb1', 'outZH_q_q_dr_nearb2', 'outZH_qq_M_nearb1', 'outZH_qq_M_nearb2', 'outZH_b1_qq_dr', 'outZH_b2_qq_dr', 'outZH_b1qq_M', 'outZH_b2qq_M', 'ZH_b1qq_dr', 'ZH_b2qq_dr', 'ZH_lbb1qq_dr', 'ZH_lbb2qq_dr', 'l_b2_mtb', 'ZH_closeb_invM', 'n_ak8jets', 'n_ak4jets', 'n_ak8_ZHbb', 'outZH_max_ak8pnetMass', 'outZH_b12_m', 'outZH_b12_dr', 'ht_b', 'ht_outZH', 'ak4_bestb_inZH', 'ak4_worstb_inZH', 'nonZHbb_q1_dr', 'nonZHbb_b1_dr', 'inZHb_outZHb_dr', 'ZH_l_dr', 'ZH_l_invM', 'l_b1_invM', 'l_b2_invM', 'l_b1_dr', 'l_b2_dr', 'spher', 'aplan', 'n_b_inZH', 'n_q_inZH', 'n_b_outZH', 'n_q_outZH', 'ZH_bbvLscore'], flatten=True, store_size=True, fill_none=True, fill_value=-999.0, pos_start=None, pos_end=None)]},
'ttHTobb': {'baseline': [ColOut(collection='events', columns=['process', 'matchedGen_ZHbb_bb', 'tt_type', 'outZH_b1_pt', 'outZH_b2_pt', 'outZH_b1_score', 'outZH_b2_score', 'outZH_q1_pt', 'outZH_q2_pt', 'outZH_q1_score', 'outZH_q2_score', 'outZH_b1_q_mindr', 'outZH_b2_q_mindr', 'outZH_q_q_dr_nearb1', 'outZH_q_q_dr_nearb2', 'outZH_qq_M_nearb1', 'outZH_qq_M_nearb2', 'outZH_b1_qq_dr', 'outZH_b2_qq_dr', 'outZH_b1qq_M', 'outZH_b2qq_M', 'ZH_b1qq_dr', 'ZH_b2qq_dr', 'ZH_lbb1qq_dr', 'ZH_lbb2qq_dr', 'l_b2_mtb', 'ZH_closeb_invM', 'n_ak8jets', 'n_ak4jets', 'n_ak8_ZHbb', 'outZH_max_ak8pnetMass', 'outZH_b12_m', 'outZH_b12_dr', 'ht_b', 'ht_outZH', 'ak4_bestb_inZH', 'ak4_worstb_inZH', 'nonZHbb_q1_dr', 'nonZHbb_b1_dr', 'inZHb_outZHb_dr', 'ZH_l_dr', 'ZH_l_invM', 'l_b1_invM', 'l_b2_invM', 'l_b1_dr', 'l_b2_dr', 'spher', 'aplan', 'n_b_inZH', 'n_q_inZH', 'n_b_outZH', 'n_q_outZH', 'ZH_bbvLscore'], flatten=True, store_size=True, fill_none=True, fill_value=-999.0, pos_start=None, pos_end=None)],
           'btag_mask': [ColOut(collection='events', columns=['process', 'matchedGen_ZHbb_bb', 'tt_type', 'outZH_b1_pt', 'outZH_b2_pt', 'outZH_b1_score', 'outZH_b2_score', 'outZH_q1_pt', 'outZH_q2_pt', 'outZH_q1_score', 'outZH_q2_score', 'outZH_b1_q_mindr', 'outZH_b2_q_mindr', 'outZH_q_q_dr_nearb1', 'outZH_q_q_dr_nearb2', 'outZH_qq_M_nearb1', 'outZH_qq_M_nearb2', 'outZH_b1_qq_dr', 'outZH_b2_qq_dr', 'outZH_b1qq_M', 'outZH_b2qq_M', 'ZH_b1qq_dr', 'ZH_b2qq_dr', 'ZH_lbb1qq_dr', 'ZH_lbb2qq_dr', 'l_b2_mtb', 'ZH_closeb_invM', 'n_ak8jets', 'n_ak4jets', 'n_ak8_ZHbb', 'outZH_max_ak8pnetMass', 'outZH_b12_m', 'outZH_b12_dr', 'ht_b', 'ht_outZH', 'ak4_bestb_inZH', 'ak4_worstb_inZH', 'nonZHbb_q1_dr', 'nonZHbb_b1_dr', 'inZHb_outZHb_dr', 'ZH_l_dr', 'ZH_l_invM', 'l_b1_invM', 'l_b2_invM', 'l_b1_dr', 'l_b2_dr', 'spher', 'aplan', 'n_b_inZH', 'n_q_inZH', 'n_b_outZH', 'n_q_outZH', 'ZH_bbvLscore'], flatten=True, store_size=True, fill_none=True, fill_value=-999.0, pos_start=None, pos_end=None)]}}
  - available weights variations: {'TTTo2L2Nu': ['nominal', 'pileup'],
'TTToHadronic': ['nominal', 'pileup'],
'TTToSemiLeptonic': ['nominal', 'pileup'],
'TTZToBB': ['nominal', 'pileup'],
'TTZToLLNuNu': ['nominal', 'pileup'],
'TTZToQQ': ['nominal', 'pileup'],
'TTbb_2L2Nu': ['nominal', 'pileup'],
'TTbb_Hadronic': ['nominal', 'pileup'],
'TTbb_SemiLeptonic': ['nominal', 'pileup'],
'ttHToNonbb': ['nominal', 'pileup'],
'ttHTobb': ['nominal', 'pileup']} 
  - available shape variations: {'TTTo2L2Nu': [],
'TTToHadronic': [],
'TTToSemiLeptonic': [],
'TTZToBB': [],
'TTZToLLNuNu': [],
'TTZToQQ': [],
'TTbb_2L2Nu': [],
'TTbb_Hadronic': [],
'TTbb_SemiLeptonic': [],
'ttHToNonbb': [],
'ttHTobb': []}
[INFO    ] Configurator instance:
  - Workflow: <class 'zhbbworkflow.ZHbbBaseProcessor'>
  - Workflow options: {}
  - N. datasets: 1 
   -- Dataset: ttHTobb_M125_M125_2017,  Sample: ttHTobb, N. files: 46, N. events: 7825000
  - Subsamples:
   -- Sample ttHTobb: StandardSelection ['ttHTobb'], (1 categories)
  - Skim: ['preSkimCut']
  - Preselection: ['eventSelection']
  - Categories: StandardSelection ['baseline', 'btag_mask'], (2 categories)
  - Variables:  ['mAK8', 'zhbbtag', 'zhbbtag_sorted', 'outZH_b1_pt']
  - Columns: {'ttHTobb': {'baseline': [ColOut(collection='events', columns=['process', 'matchedGen_ZHbb_bb', 'tt_type', 'outZH_b1_pt', 'outZH_b2_pt', 'outZH_b1_score', 'outZH_b2_score', 'outZH_q1_pt', 'outZH_q2_pt', 'outZH_q1_score', 'outZH_q2_score', 'outZH_b1_q_mindr', 'outZH_b2_q_mindr', 'outZH_q_q_dr_nearb1', 'outZH_q_q_dr_nearb2', 'outZH_qq_M_nearb1', 'outZH_qq_M_nearb2', 'outZH_b1_qq_dr', 'outZH_b2_qq_dr', 'outZH_b1qq_M', 'outZH_b2qq_M', 'ZH_b1qq_dr', 'ZH_b2qq_dr', 'ZH_lbb1qq_dr', 'ZH_lbb2qq_dr', 'l_b2_mtb', 'ZH_closeb_invM', 'n_ak8jets', 'n_ak4jets', 'n_ak8_ZHbb', 'outZH_max_ak8pnetMass', 'outZH_b12_m', 'outZH_b12_dr', 'ht_b', 'ht_outZH', 'ak4_bestb_inZH', 'ak4_worstb_inZH', 'nonZHbb_q1_dr', 'nonZHbb_b1_dr', 'inZHb_outZHb_dr', 'ZH_l_dr', 'ZH_l_invM', 'l_b1_invM', 'l_b2_invM', 'l_b1_dr', 'l_b2_dr', 'spher', 'aplan', 'n_b_inZH', 'n_q_inZH', 'n_b_outZH', 'n_q_outZH', 'ZH_bbvLscore'], flatten=True, store_size=True, fill_none=True, fill_value=-999.0, pos_start=None, pos_end=None)],
           'btag_mask': [ColOut(collection='events', columns=['process', 'matchedGen_ZHbb_bb', 'tt_type', 'outZH_b1_pt', 'outZH_b2_pt', 'outZH_b1_score', 'outZH_b2_score', 'outZH_q1_pt', 'outZH_q2_pt', 'outZH_q1_score', 'outZH_q2_score', 'outZH_b1_q_mindr', 'outZH_b2_q_mindr', 'outZH_q_q_dr_nearb1', 'outZH_q_q_dr_nearb2', 'outZH_qq_M_nearb1', 'outZH_qq_M_nearb2', 'outZH_b1_qq_dr', 'outZH_b2_qq_dr', 'outZH_b1qq_M', 'outZH_b2qq_M', 'ZH_b1qq_dr', 'ZH_b2qq_dr', 'ZH_lbb1qq_dr', 'ZH_lbb2qq_dr', 'l_b2_mtb', 'ZH_closeb_invM', 'n_ak8jets', 'n_ak4jets', 'n_ak8_ZHbb', 'outZH_max_ak8pnetMass', 'outZH_b12_m', 'outZH_b12_dr', 'ht_b', 'ht_outZH', 'ak4_bestb_inZH', 'ak4_worstb_inZH', 'nonZHbb_q1_dr', 'nonZHbb_b1_dr', 'inZHb_outZHb_dr', 'ZH_l_dr', 'ZH_l_invM', 'l_b1_invM', 'l_b2_invM', 'l_b1_dr', 'l_b2_dr', 'spher', 'aplan', 'n_b_inZH', 'n_q_inZH', 'n_b_outZH', 'n_q_outZH', 'ZH_bbvLscore'], flatten=True, store_size=True, fill_none=True, fill_value=-999.0, pos_start=None, pos_end=None)]}}
  - available weights variations: {'ttHTobb': ['nominal', 'pileup']} 
  - available shape variations: {'ttHTobb': []}
[INFO    ] Configurator instance:
  - Workflow: <class 'zhbbworkflow.ZHbbBaseProcessor'>
  - Workflow options: {}
  - N. datasets: 1 
   -- Dataset: ttHTobb_M125_M125_2017,  Sample: ttHTobb, N. files: 46, N. events: 7825000
  - Subsamples:
   -- Sample ttHTobb: StandardSelection ['ttHTobb'], (1 categories)
  - Skim: ['preSkimCut']
  - Preselection: ['eventSelection']
  - Categories: StandardSelection ['baseline', 'btag_mask'], (2 categories)
  - Variables:  ['mAK8', 'zhbbtag', 'zhbbtag_sorted', 'outZH_b1_pt']
  - Columns: {'ttHTobb': {'baseline': [ColOut(collection='events', columns=['process', 'matchedGen_ZHbb_bb', 'tt_type', 'outZH_b1_pt', 'outZH_b2_pt', 'outZH_b1_score', 'outZH_b2_score', 'outZH_q1_pt', 'outZH_q2_pt', 'outZH_q1_score', 'outZH_q2_score', 'outZH_b1_q_mindr', 'outZH_b2_q_mindr', 'outZH_q_q_dr_nearb1', 'outZH_q_q_dr_nearb2', 'outZH_qq_M_nearb1', 'outZH_qq_M_nearb2', 'outZH_b1_qq_dr', 'outZH_b2_qq_dr', 'outZH_b1qq_M', 'outZH_b2qq_M', 'ZH_b1qq_dr', 'ZH_b2qq_dr', 'ZH_lbb1qq_dr', 'ZH_lbb2qq_dr', 'l_b2_mtb', 'ZH_closeb_invM', 'n_ak8jets', 'n_ak4jets', 'n_ak8_ZHbb', 'outZH_max_ak8pnetMass', 'outZH_b12_m', 'outZH_b12_dr', 'ht_b', 'ht_outZH', 'ak4_bestb_inZH', 'ak4_worstb_inZH', 'nonZHbb_q1_dr', 'nonZHbb_b1_dr', 'inZHb_outZHb_dr', 'ZH_l_dr', 'ZH_l_invM', 'l_b1_invM', 'l_b2_invM', 'l_b1_dr', 'l_b2_dr', 'spher', 'aplan', 'n_b_inZH', 'n_q_inZH', 'n_b_outZH', 'n_q_outZH', 'ZH_bbvLscore'], flatten=True, store_size=True, fill_none=True, fill_value=-999.0, pos_start=None, pos_end=None)],
           'btag_mask': [ColOut(collection='events', columns=['process', 'matchedGen_ZHbb_bb', 'tt_type', 'outZH_b1_pt', 'outZH_b2_pt', 'outZH_b1_score', 'outZH_b2_score', 'outZH_q1_pt', 'outZH_q2_pt', 'outZH_q1_score', 'outZH_q2_score', 'outZH_b1_q_mindr', 'outZH_b2_q_mindr', 'outZH_q_q_dr_nearb1', 'outZH_q_q_dr_nearb2', 'outZH_qq_M_nearb1', 'outZH_qq_M_nearb2', 'outZH_b1_qq_dr', 'outZH_b2_qq_dr', 'outZH_b1qq_M', 'outZH_b2qq_M', 'ZH_b1qq_dr', 'ZH_b2qq_dr', 'ZH_lbb1qq_dr', 'ZH_lbb2qq_dr', 'l_b2_mtb', 'ZH_closeb_invM', 'n_ak8jets', 'n_ak4jets', 'n_ak8_ZHbb', 'outZH_max_ak8pnetMass', 'outZH_b12_m', 'outZH_b12_dr', 'ht_b', 'ht_outZH', 'ak4_bestb_inZH', 'ak4_worstb_inZH', 'nonZHbb_q1_dr', 'nonZHbb_b1_dr', 'inZHb_outZHb_dr', 'ZH_l_dr', 'ZH_l_invM', 'l_b1_invM', 'l_b2_invM', 'l_b1_dr', 'l_b2_dr', 'spher', 'aplan', 'n_b_inZH', 'n_q_inZH', 'n_b_outZH', 'n_q_outZH', 'ZH_bbvLscore'], flatten=True, store_size=True, fill_none=True, fill_value=-999.0, pos_start=None, pos_end=None)]}}
  - available weights variations: {'ttHTobb': ['pileup', 'nominal']} 
  - available shape variations: {'ttHTobb': []}
[INFO    ] Configurator instance:
  - Workflow: <class 'zhbbworkflow.ZHbbBaseProcessor'>
  - Workflow options: {}
  - N. datasets: 1 
   -- Dataset: ttHTobb_M125_M125_2017,  Sample: ttHTobb, N. files: 46, N. events: 7825000
  - Subsamples:
   -- Sample ttHTobb: StandardSelection ['ttHTobb'], (1 categories)
  - Skim: ['preSkimCut']
  - Preselection: ['eventSelection']
  - Categories: StandardSelection ['baseline', 'btag_mask'], (2 categories)
  - Variables:  ['mAK8', 'zhbbtag', 'zhbbtag_sorted', 'outZH_b1_pt']
  - Columns: {'ttHTobb': {'baseline': [ColOut(collection='events', columns=['process', 'matchedGen_ZHbb_bb', 'tt_type', 'outZH_b1_pt', 'outZH_b2_pt', 'outZH_b1_score', 'outZH_b2_score', 'outZH_q1_pt', 'outZH_q2_pt', 'outZH_q1_score', 'outZH_q2_score', 'outZH_b1_q_mindr', 'outZH_b2_q_mindr', 'outZH_q_q_dr_nearb1', 'outZH_q_q_dr_nearb2', 'outZH_qq_M_nearb1', 'outZH_qq_M_nearb2', 'outZH_b1_qq_dr', 'outZH_b2_qq_dr', 'outZH_b1qq_M', 'outZH_b2qq_M', 'ZH_b1qq_dr', 'ZH_b2qq_dr', 'ZH_lbb1qq_dr', 'ZH_lbb2qq_dr', 'l_b2_mtb', 'ZH_closeb_invM', 'n_ak8jets', 'n_ak4jets', 'n_ak8_ZHbb', 'outZH_max_ak8pnetMass', 'outZH_b12_m', 'outZH_b12_dr', 'ht_b', 'ht_outZH', 'ak4_bestb_inZH', 'ak4_worstb_inZH', 'nonZHbb_q1_dr', 'nonZHbb_b1_dr', 'inZHb_outZHb_dr', 'ZH_l_dr', 'ZH_l_invM', 'l_b1_invM', 'l_b2_invM', 'l_b1_dr', 'l_b2_dr', 'spher', 'aplan', 'n_b_inZH', 'n_q_inZH', 'n_b_outZH', 'n_q_outZH', 'ZH_bbvLscore'], flatten=True, store_size=True, fill_none=True, fill_value=-999.0, pos_start=None, pos_end=None)],
           'btag_mask': [ColOut(collection='events', columns=['process', 'matchedGen_ZHbb_bb', 'tt_type', 'outZH_b1_pt', 'outZH_b2_pt', 'outZH_b1_score', 'outZH_b2_score', 'outZH_q1_pt', 'outZH_q2_pt', 'outZH_q1_score', 'outZH_q2_score', 'outZH_b1_q_mindr', 'outZH_b2_q_mindr', 'outZH_q_q_dr_nearb1', 'outZH_q_q_dr_nearb2', 'outZH_qq_M_nearb1', 'outZH_qq_M_nearb2', 'outZH_b1_qq_dr', 'outZH_b2_qq_dr', 'outZH_b1qq_M', 'outZH_b2qq_M', 'ZH_b1qq_dr', 'ZH_b2qq_dr', 'ZH_lbb1qq_dr', 'ZH_lbb2qq_dr', 'l_b2_mtb', 'ZH_closeb_invM', 'n_ak8jets', 'n_ak4jets', 'n_ak8_ZHbb', 'outZH_max_ak8pnetMass', 'outZH_b12_m', 'outZH_b12_dr', 'ht_b', 'ht_outZH', 'ak4_bestb_inZH', 'ak4_worstb_inZH', 'nonZHbb_q1_dr', 'nonZHbb_b1_dr', 'inZHb_outZHb_dr', 'ZH_l_dr', 'ZH_l_invM', 'l_b1_invM', 'l_b2_invM', 'l_b1_dr', 'l_b2_dr', 'spher', 'aplan', 'n_b_inZH', 'n_q_inZH', 'n_b_outZH', 'n_q_outZH', 'ZH_bbvLscore'], flatten=True, store_size=True, fill_none=True, fill_value=-999.0, pos_start=None, pos_end=None)]}}
  - available weights variations: {'ttHTobb': ['pileup', 'nominal']} 
  - available shape variations: {'ttHTobb': []}
[INFO    ] Configurator instance:
  - Workflow: <class 'zhbbworkflow.ZHbbBaseProcessor'>
  - Workflow options: {}
  - N. datasets: 1 
   -- Dataset: ttHTobb_M125_M125_2017,  Sample: ttHTobb, N. files: 46, N. events: 7825000
  - Subsamples:
   -- Sample ttHTobb: StandardSelection ['ttHTobb'], (1 categories)
  - Skim: ['preSkimCut']
  - Preselection: ['eventSelection']
  - Categories: StandardSelection ['baseline', 'btag_mask'], (2 categories)
  - Variables:  ['mAK8', 'zhbbtag', 'zhbbtag_sorted', 'outZH_b1_pt']
  - Columns: {'ttHTobb': {'baseline': [ColOut(collection='events', columns=['process', 'matchedGen_ZHbb_bb', 'tt_type', 'outZH_b1_pt', 'outZH_b2_pt', 'outZH_b1_score', 'outZH_b2_score', 'outZH_q1_pt', 'outZH_q2_pt', 'outZH_q1_score', 'outZH_q2_score', 'outZH_b1_q_mindr', 'outZH_b2_q_mindr', 'outZH_q_q_dr_nearb1', 'outZH_q_q_dr_nearb2', 'outZH_qq_M_nearb1', 'outZH_qq_M_nearb2', 'outZH_b1_qq_dr', 'outZH_b2_qq_dr', 'outZH_b1qq_M', 'outZH_b2qq_M', 'ZH_b1qq_dr', 'ZH_b2qq_dr', 'ZH_lbb1qq_dr', 'ZH_lbb2qq_dr', 'l_b2_mtb', 'ZH_closeb_invM', 'n_ak8jets', 'n_ak4jets', 'n_ak8_ZHbb', 'outZH_max_ak8pnetMass', 'outZH_b12_m', 'outZH_b12_dr', 'ht_b', 'ht_outZH', 'ak4_bestb_inZH', 'ak4_worstb_inZH', 'nonZHbb_q1_dr', 'nonZHbb_b1_dr', 'inZHb_outZHb_dr', 'ZH_l_dr', 'ZH_l_invM', 'l_b1_invM', 'l_b2_invM', 'l_b1_dr', 'l_b2_dr', 'spher', 'aplan', 'n_b_inZH', 'n_q_inZH', 'n_b_outZH', 'n_q_outZH', 'ZH_bbvLscore'], flatten=True, store_size=True, fill_none=True, fill_value=-999.0, pos_start=None, pos_end=None)],
           'btag_mask': [ColOut(collection='events', columns=['process', 'matchedGen_ZHbb_bb', 'tt_type', 'outZH_b1_pt', 'outZH_b2_pt', 'outZH_b1_score', 'outZH_b2_score', 'outZH_q1_pt', 'outZH_q2_pt', 'outZH_q1_score', 'outZH_q2_score', 'outZH_b1_q_mindr', 'outZH_b2_q_mindr', 'outZH_q_q_dr_nearb1', 'outZH_q_q_dr_nearb2', 'outZH_qq_M_nearb1', 'outZH_qq_M_nearb2', 'outZH_b1_qq_dr', 'outZH_b2_qq_dr', 'outZH_b1qq_M', 'outZH_b2qq_M', 'ZH_b1qq_dr', 'ZH_b2qq_dr', 'ZH_lbb1qq_dr', 'ZH_lbb2qq_dr', 'l_b2_mtb', 'ZH_closeb_invM', 'n_ak8jets', 'n_ak4jets', 'n_ak8_ZHbb', 'outZH_max_ak8pnetMass', 'outZH_b12_m', 'outZH_b12_dr', 'ht_b', 'ht_outZH', 'ak4_bestb_inZH', 'ak4_worstb_inZH', 'nonZHbb_q1_dr', 'nonZHbb_b1_dr', 'inZHb_outZHb_dr', 'ZH_l_dr', 'ZH_l_invM', 'l_b1_invM', 'l_b2_invM', 'l_b1_dr', 'l_b2_dr', 'spher', 'aplan', 'n_b_inZH', 'n_q_inZH', 'n_b_outZH', 'n_q_outZH', 'ZH_bbvLscore'], flatten=True, store_size=True, fill_none=True, fill_value=-999.0, pos_start=None, pos_end=None)]}}
  - available weights variations: {'ttHTobb': ['pileup', 'nominal']} 
  - available shape variations: {'ttHTobb': []}
[INFO    ] Configurator instance:
  - Workflow: <class 'zhbbworkflow.ZHbbBaseProcessor'>
  - Workflow options: {}
  - N. datasets: 1 
   -- Dataset: ttHTobb_M125_M125_2017,  Sample: ttHTobb, N. files: 46, N. events: 7825000
  - Subsamples:
   -- Sample ttHTobb: StandardSelection ['ttHTobb'], (1 categories)
  - Skim: ['preSkimCut']
  - Preselection: ['eventSelection']
  - Categories: StandardSelection ['baseline', 'btag_mask'], (2 categories)
  - Variables:  ['mAK8', 'zhbbtag', 'zhbbtag_sorted', 'outZH_b1_pt']
  - Columns: {'ttHTobb': {'baseline': [ColOut(collection='events', columns=['process', 'matchedGen_ZHbb_bb', 'tt_type', 'outZH_b1_pt', 'outZH_b2_pt', 'outZH_b1_score', 'outZH_b2_score', 'outZH_q1_pt', 'outZH_q2_pt', 'outZH_q1_score', 'outZH_q2_score', 'outZH_b1_q_mindr', 'outZH_b2_q_mindr', 'outZH_q_q_dr_nearb1', 'outZH_q_q_dr_nearb2', 'outZH_qq_M_nearb1', 'outZH_qq_M_nearb2', 'outZH_b1_qq_dr', 'outZH_b2_qq_dr', 'outZH_b1qq_M', 'outZH_b2qq_M', 'ZH_b1qq_dr', 'ZH_b2qq_dr', 'ZH_lbb1qq_dr', 'ZH_lbb2qq_dr', 'l_b2_mtb', 'ZH_closeb_invM', 'n_ak8jets', 'n_ak4jets', 'n_ak8_ZHbb', 'outZH_max_ak8pnetMass', 'outZH_b12_m', 'outZH_b12_dr', 'ht_b', 'ht_outZH', 'ak4_bestb_inZH', 'ak4_worstb_inZH', 'nonZHbb_q1_dr', 'nonZHbb_b1_dr', 'inZHb_outZHb_dr', 'ZH_l_dr', 'ZH_l_invM', 'l_b1_invM', 'l_b2_invM', 'l_b1_dr', 'l_b2_dr', 'spher', 'aplan', 'n_b_inZH', 'n_q_inZH', 'n_b_outZH', 'n_q_outZH', 'ZH_bbvLscore'], flatten=True, store_size=True, fill_none=True, fill_value=-999.0, pos_start=None, pos_end=None)],
           'btag_mask': [ColOut(collection='events', columns=['process', 'matchedGen_ZHbb_bb', 'tt_type', 'outZH_b1_pt', 'outZH_b2_pt', 'outZH_b1_score', 'outZH_b2_score', 'outZH_q1_pt', 'outZH_q2_pt', 'outZH_q1_score', 'outZH_q2_score', 'outZH_b1_q_mindr', 'outZH_b2_q_mindr', 'outZH_q_q_dr_nearb1', 'outZH_q_q_dr_nearb2', 'outZH_qq_M_nearb1', 'outZH_qq_M_nearb2', 'outZH_b1_qq_dr', 'outZH_b2_qq_dr', 'outZH_b1qq_M', 'outZH_b2qq_M', 'ZH_b1qq_dr', 'ZH_b2qq_dr', 'ZH_lbb1qq_dr', 'ZH_lbb2qq_dr', 'l_b2_mtb', 'ZH_closeb_invM', 'n_ak8jets', 'n_ak4jets', 'n_ak8_ZHbb', 'outZH_max_ak8pnetMass', 'outZH_b12_m', 'outZH_b12_dr', 'ht_b', 'ht_outZH', 'ak4_bestb_inZH', 'ak4_worstb_inZH', 'nonZHbb_q1_dr', 'nonZHbb_b1_dr', 'inZHb_outZHb_dr', 'ZH_l_dr', 'ZH_l_invM', 'l_b1_invM', 'l_b2_invM', 'l_b1_dr', 'l_b2_dr', 'spher', 'aplan', 'n_b_inZH', 'n_q_inZH', 'n_b_outZH', 'n_q_outZH', 'ZH_bbvLscore'], flatten=True, store_size=True, fill_none=True, fill_value=-999.0, pos_start=None, pos_end=None)]}}
  - available weights variations: {'ttHTobb': ['pileup', 'nominal']} 
  - available shape variations: {'ttHTobb': []}
[INFO    ] Configurator instance:
  - Workflow: <class 'zhbbworkflow.ZHbbBaseProcessor'>
  - Workflow options: {}
  - N. datasets: 1 
   -- Dataset: ttHTobb_M125_M125_2017,  Sample: ttHTobb, N. files: 46, N. events: 7825000
  - Subsamples:
   -- Sample ttHTobb: StandardSelection ['ttHTobb'], (1 categories)
  - Skim: ['preSkimCut']
  - Preselection: ['eventSelection']
  - Categories: StandardSelection ['baseline', 'btag_mask'], (2 categories)
  - Variables:  ['mAK8', 'zhbbtag', 'zhbbtag_sorted', 'outZH_b1_pt']
  - Columns: {'ttHTobb': {'baseline': [ColOut(collection='events', columns=['process', 'matchedGen_ZHbb_bb', 'tt_type', 'outZH_b1_pt', 'outZH_b2_pt', 'outZH_b1_score', 'outZH_b2_score', 'outZH_q1_pt', 'outZH_q2_pt', 'outZH_q1_score', 'outZH_q2_score', 'outZH_b1_q_mindr', 'outZH_b2_q_mindr', 'outZH_q_q_dr_nearb1', 'outZH_q_q_dr_nearb2', 'outZH_qq_M_nearb1', 'outZH_qq_M_nearb2', 'outZH_b1_qq_dr', 'outZH_b2_qq_dr', 'outZH_b1qq_M', 'outZH_b2qq_M', 'ZH_b1qq_dr', 'ZH_b2qq_dr', 'ZH_lbb1qq_dr', 'ZH_lbb2qq_dr', 'l_b2_mtb', 'ZH_closeb_invM', 'n_ak8jets', 'n_ak4jets', 'n_ak8_ZHbb', 'outZH_max_ak8pnetMass', 'outZH_b12_m', 'outZH_b12_dr', 'ht_b', 'ht_outZH', 'ak4_bestb_inZH', 'ak4_worstb_inZH', 'nonZHbb_q1_dr', 'nonZHbb_b1_dr', 'inZHb_outZHb_dr', 'ZH_l_dr', 'ZH_l_invM', 'l_b1_invM', 'l_b2_invM', 'l_b1_dr', 'l_b2_dr', 'spher', 'aplan', 'n_b_inZH', 'n_q_inZH', 'n_b_outZH', 'n_q_outZH', 'ZH_bbvLscore'], flatten=True, store_size=True, fill_none=True, fill_value=-999.0, pos_start=None, pos_end=None)],
           'btag_mask': [ColOut(collection='events', columns=['process', 'matchedGen_ZHbb_bb', 'tt_type', 'outZH_b1_pt', 'outZH_b2_pt', 'outZH_b1_score', 'outZH_b2_score', 'outZH_q1_pt', 'outZH_q2_pt', 'outZH_q1_score', 'outZH_q2_score', 'outZH_b1_q_mindr', 'outZH_b2_q_mindr', 'outZH_q_q_dr_nearb1', 'outZH_q_q_dr_nearb2', 'outZH_qq_M_nearb1', 'outZH_qq_M_nearb2', 'outZH_b1_qq_dr', 'outZH_b2_qq_dr', 'outZH_b1qq_M', 'outZH_b2qq_M', 'ZH_b1qq_dr', 'ZH_b2qq_dr', 'ZH_lbb1qq_dr', 'ZH_lbb2qq_dr', 'l_b2_mtb', 'ZH_closeb_invM', 'n_ak8jets', 'n_ak4jets', 'n_ak8_ZHbb', 'outZH_max_ak8pnetMass', 'outZH_b12_m', 'outZH_b12_dr', 'ht_b', 'ht_outZH', 'ak4_bestb_inZH', 'ak4_worstb_inZH', 'nonZHbb_q1_dr', 'nonZHbb_b1_dr', 'inZHb_outZHb_dr', 'ZH_l_dr', 'ZH_l_invM', 'l_b1_invM', 'l_b2_invM', 'l_b1_dr', 'l_b2_dr', 'spher', 'aplan', 'n_b_inZH', 'n_q_inZH', 'n_b_outZH', 'n_q_outZH', 'ZH_bbvLscore'], flatten=True, store_size=True, fill_none=True, fill_value=-999.0, pos_start=None, pos_end=None)]}}
  - available weights variations: {'ttHTobb': ['nominal', 'pileup']} 
  - available shape variations: {'ttHTobb': []}
[INFO    ] Configurator instance:
  - Workflow: <class 'zhbbworkflow.ZHbbBaseProcessor'>
  - Workflow options: {}
  - N. datasets: 1 
   -- Dataset: ttHTobb_M125_M125_2017,  Sample: ttHTobb, N. files: 46, N. events: 7825000
  - Subsamples:
   -- Sample ttHTobb: StandardSelection ['ttHTobb'], (1 categories)
  - Skim: ['preSkimCut']
  - Preselection: ['eventSelection']
  - Categories: StandardSelection ['baseline', 'btag_mask'], (2 categories)
  - Variables:  ['mAK8', 'zhbbtag', 'zhbbtag_sorted', 'outZH_b1_pt']
  - Columns: {'ttHTobb': {'baseline': [ColOut(collection='events', columns=['process', 'matchedGen_ZHbb_bb', 'tt_type', 'outZH_b1_pt', 'outZH_b2_pt', 'outZH_b1_score', 'outZH_b2_score', 'outZH_q1_pt', 'outZH_q2_pt', 'outZH_q1_score', 'outZH_q2_score', 'outZH_b1_q_mindr', 'outZH_b2_q_mindr', 'outZH_q_q_dr_nearb1', 'outZH_q_q_dr_nearb2', 'outZH_qq_M_nearb1', 'outZH_qq_M_nearb2', 'outZH_b1_qq_dr', 'outZH_b2_qq_dr', 'outZH_b1qq_M', 'outZH_b2qq_M', 'ZH_b1qq_dr', 'ZH_b2qq_dr', 'ZH_lbb1qq_dr', 'ZH_lbb2qq_dr', 'l_b2_mtb', 'ZH_closeb_invM', 'n_ak8jets', 'n_ak4jets', 'n_ak8_ZHbb', 'outZH_max_ak8pnetMass', 'outZH_b12_m', 'outZH_b12_dr', 'ht_b', 'ht_outZH', 'ak4_bestb_inZH', 'ak4_worstb_inZH', 'nonZHbb_q1_dr', 'nonZHbb_b1_dr', 'inZHb_outZHb_dr', 'ZH_l_dr', 'ZH_l_invM', 'l_b1_invM', 'l_b2_invM', 'l_b1_dr', 'l_b2_dr', 'spher', 'aplan', 'n_b_inZH', 'n_q_inZH', 'n_b_outZH', 'n_q_outZH', 'ZH_bbvLscore'], flatten=True, store_size=True, fill_none=True, fill_value=-999.0, pos_start=None, pos_end=None)],
           'btag_mask': [ColOut(collection='events', columns=['process', 'matchedGen_ZHbb_bb', 'tt_type', 'outZH_b1_pt', 'outZH_b2_pt', 'outZH_b1_score', 'outZH_b2_score', 'outZH_q1_pt', 'outZH_q2_pt', 'outZH_q1_score', 'outZH_q2_score', 'outZH_b1_q_mindr', 'outZH_b2_q_mindr', 'outZH_q_q_dr_nearb1', 'outZH_q_q_dr_nearb2', 'outZH_qq_M_nearb1', 'outZH_qq_M_nearb2', 'outZH_b1_qq_dr', 'outZH_b2_qq_dr', 'outZH_b1qq_M', 'outZH_b2qq_M', 'ZH_b1qq_dr', 'ZH_b2qq_dr', 'ZH_lbb1qq_dr', 'ZH_lbb2qq_dr', 'l_b2_mtb', 'ZH_closeb_invM', 'n_ak8jets', 'n_ak4jets', 'n_ak8_ZHbb', 'outZH_max_ak8pnetMass', 'outZH_b12_m', 'outZH_b12_dr', 'ht_b', 'ht_outZH', 'ak4_bestb_inZH', 'ak4_worstb_inZH', 'nonZHbb_q1_dr', 'nonZHbb_b1_dr', 'inZHb_outZHb_dr', 'ZH_l_dr', 'ZH_l_invM', 'l_b1_invM', 'l_b2_invM', 'l_b1_dr', 'l_b2_dr', 'spher', 'aplan', 'n_b_inZH', 'n_q_inZH', 'n_b_outZH', 'n_q_outZH', 'ZH_bbvLscore'], flatten=True, store_size=True, fill_none=True, fill_value=-999.0, pos_start=None, pos_end=None)]}}
  - available weights variations: {'ttHTobb': ['nominal', 'pileup']} 
  - available shape variations: {'ttHTobb': []}
[INFO    ] Configurator instance:
  - Workflow: <class 'zhbbworkflow.ZHbbBaseProcessor'>
  - Workflow options: {}
  - N. datasets: 1 
   -- Dataset: ttHTobb_M125_M125_2017,  Sample: ttHTobb, N. files: 46, N. events: 7825000
  - Subsamples:
   -- Sample ttHTobb: StandardSelection ['ttHTobb'], (1 categories)
  - Skim: ['preSkimCut']
  - Preselection: ['eventSelection']
  - Categories: StandardSelection ['baseline', 'btag_mask'], (2 categories)
  - Variables:  ['mAK8', 'zhbbtag', 'zhbbtag_sorted', 'outZH_b1_pt']
  - Columns: {'ttHTobb': {'baseline': [ColOut(collection='events', columns=['process', 'matchedGen_ZHbb_bb', 'tt_type', 'outZH_b1_pt', 'outZH_b2_pt', 'outZH_b1_score', 'outZH_b2_score', 'outZH_q1_pt', 'outZH_q2_pt', 'outZH_q1_score', 'outZH_q2_score', 'outZH_b1_q_mindr', 'outZH_b2_q_mindr', 'outZH_q_q_dr_nearb1', 'outZH_q_q_dr_nearb2', 'outZH_qq_M_nearb1', 'outZH_qq_M_nearb2', 'outZH_b1_qq_dr', 'outZH_b2_qq_dr', 'outZH_b1qq_M', 'outZH_b2qq_M', 'ZH_b1qq_dr', 'ZH_b2qq_dr', 'ZH_lbb1qq_dr', 'ZH_lbb2qq_dr', 'l_b2_mtb', 'ZH_closeb_invM', 'n_ak8jets', 'n_ak4jets', 'n_ak8_ZHbb', 'outZH_max_ak8pnetMass', 'outZH_b12_m', 'outZH_b12_dr', 'ht_b', 'ht_outZH', 'ak4_bestb_inZH', 'ak4_worstb_inZH', 'nonZHbb_q1_dr', 'nonZHbb_b1_dr', 'inZHb_outZHb_dr', 'ZH_l_dr', 'ZH_l_invM', 'l_b1_invM', 'l_b2_invM', 'l_b1_dr', 'l_b2_dr', 'spher', 'aplan', 'n_b_inZH', 'n_q_inZH', 'n_b_outZH', 'n_q_outZH', 'ZH_bbvLscore'], flatten=True, store_size=True, fill_none=True, fill_value=-999.0, pos_start=None, pos_end=None)],
           'btag_mask': [ColOut(collection='events', columns=['process', 'matchedGen_ZHbb_bb', 'tt_type', 'outZH_b1_pt', 'outZH_b2_pt', 'outZH_b1_score', 'outZH_b2_score', 'outZH_q1_pt', 'outZH_q2_pt', 'outZH_q1_score', 'outZH_q2_score', 'outZH_b1_q_mindr', 'outZH_b2_q_mindr', 'outZH_q_q_dr_nearb1', 'outZH_q_q_dr_nearb2', 'outZH_qq_M_nearb1', 'outZH_qq_M_nearb2', 'outZH_b1_qq_dr', 'outZH_b2_qq_dr', 'outZH_b1qq_M', 'outZH_b2qq_M', 'ZH_b1qq_dr', 'ZH_b2qq_dr', 'ZH_lbb1qq_dr', 'ZH_lbb2qq_dr', 'l_b2_mtb', 'ZH_closeb_invM', 'n_ak8jets', 'n_ak4jets', 'n_ak8_ZHbb', 'outZH_max_ak8pnetMass', 'outZH_b12_m', 'outZH_b12_dr', 'ht_b', 'ht_outZH', 'ak4_bestb_inZH', 'ak4_worstb_inZH', 'nonZHbb_q1_dr', 'nonZHbb_b1_dr', 'inZHb_outZHb_dr', 'ZH_l_dr', 'ZH_l_invM', 'l_b1_invM', 'l_b2_invM', 'l_b1_dr', 'l_b2_dr', 'spher', 'aplan', 'n_b_inZH', 'n_q_inZH', 'n_b_outZH', 'n_q_outZH', 'ZH_bbvLscore'], flatten=True, store_size=True, fill_none=True, fill_value=-999.0, pos_start=None, pos_end=None)]}}
  - available weights variations: {'ttHTobb': ['pileup', 'nominal']} 
  - available shape variations: {'ttHTobb': []}
[INFO    ] Configurator instance:
  - Workflow: <class 'zhbbworkflow.ZHbbBaseProcessor'>
  - Workflow options: {}
  - N. datasets: 1 
   -- Dataset: ttHTobb_M125_M125_2017,  Sample: ttHTobb, N. files: 46, N. events: 7825000
  - Subsamples:
   -- Sample ttHTobb: StandardSelection ['ttHTobb'], (1 categories)
  - Skim: ['preSkimCut']
  - Preselection: ['eventSelection']
  - Categories: StandardSelection ['baseline', 'btag_mask'], (2 categories)
  - Variables:  ['mAK8', 'zhbbtag', 'zhbbtag_sorted', 'outZH_b1_pt']
  - Columns: {'ttHTobb': {'baseline': [ColOut(collection='events', columns=['process', 'matchedGen_ZHbb_bb', 'tt_type', 'outZH_b1_pt', 'outZH_b2_pt', 'outZH_b1_score', 'outZH_b2_score', 'outZH_q1_pt', 'outZH_q2_pt', 'outZH_q1_score', 'outZH_q2_score', 'outZH_b1_q_mindr', 'outZH_b2_q_mindr', 'outZH_q_q_dr_nearb1', 'outZH_q_q_dr_nearb2', 'outZH_qq_M_nearb1', 'outZH_qq_M_nearb2', 'outZH_b1_qq_dr', 'outZH_b2_qq_dr', 'outZH_b1qq_M', 'outZH_b2qq_M', 'ZH_b1qq_dr', 'ZH_b2qq_dr', 'ZH_lbb1qq_dr', 'ZH_lbb2qq_dr', 'l_b2_mtb', 'ZH_closeb_invM', 'n_ak8jets', 'n_ak4jets', 'n_ak8_ZHbb', 'outZH_max_ak8pnetMass', 'outZH_b12_m', 'outZH_b12_dr', 'ht_b', 'ht_outZH', 'ak4_bestb_inZH', 'ak4_worstb_inZH', 'nonZHbb_q1_dr', 'nonZHbb_b1_dr', 'inZHb_outZHb_dr', 'ZH_l_dr', 'ZH_l_invM', 'l_b1_invM', 'l_b2_invM', 'l_b1_dr', 'l_b2_dr', 'spher', 'aplan', 'n_b_inZH', 'n_q_inZH', 'n_b_outZH', 'n_q_outZH', 'ZH_bbvLscore'], flatten=True, store_size=True, fill_none=True, fill_value=-999.0, pos_start=None, pos_end=None)],
           'btag_mask': [ColOut(collection='events', columns=['process', 'matchedGen_ZHbb_bb', 'tt_type', 'outZH_b1_pt', 'outZH_b2_pt', 'outZH_b1_score', 'outZH_b2_score', 'outZH_q1_pt', 'outZH_q2_pt', 'outZH_q1_score', 'outZH_q2_score', 'outZH_b1_q_mindr', 'outZH_b2_q_mindr', 'outZH_q_q_dr_nearb1', 'outZH_q_q_dr_nearb2', 'outZH_qq_M_nearb1', 'outZH_qq_M_nearb2', 'outZH_b1_qq_dr', 'outZH_b2_qq_dr', 'outZH_b1qq_M', 'outZH_b2qq_M', 'ZH_b1qq_dr', 'ZH_b2qq_dr', 'ZH_lbb1qq_dr', 'ZH_lbb2qq_dr', 'l_b2_mtb', 'ZH_closeb_invM', 'n_ak8jets', 'n_ak4jets', 'n_ak8_ZHbb', 'outZH_max_ak8pnetMass', 'outZH_b12_m', 'outZH_b12_dr', 'ht_b', 'ht_outZH', 'ak4_bestb_inZH', 'ak4_worstb_inZH', 'nonZHbb_q1_dr', 'nonZHbb_b1_dr', 'inZHb_outZHb_dr', 'ZH_l_dr', 'ZH_l_invM', 'l_b1_invM', 'l_b2_invM', 'l_b1_dr', 'l_b2_dr', 'spher', 'aplan', 'n_b_inZH', 'n_q_inZH', 'n_b_outZH', 'n_q_outZH', 'ZH_bbvLscore'], flatten=True, store_size=True, fill_none=True, fill_value=-999.0, pos_start=None, pos_end=None)]}}
  - available weights variations: {'ttHTobb': ['pileup', 'nominal']} 
  - available shape variations: {'ttHTobb': []}
[INFO    ] Configurator instance:
  - Workflow: <class 'zhbbworkflow.ZHbbBaseProcessor'>
  - Workflow options: {}
  - N. datasets: 1 
   -- Dataset: ttHTobb_M125_M125_2017,  Sample: ttHTobb, N. files: 46, N. events: 7825000
  - Subsamples:
   -- Sample ttHTobb: StandardSelection ['ttHTobb'], (1 categories)
  - Skim: ['preSkimCut']
  - Preselection: ['eventSelection']
  - Categories: StandardSelection ['baseline', 'btag_mask'], (2 categories)
  - Variables:  ['mAK8', 'zhbbtag', 'zhbbtag_sorted', 'outZH_b1_pt']
  - Columns: {'ttHTobb': {'baseline': [ColOut(collection='events', columns=['process', 'matchedGen_ZHbb_bb', 'tt_type', 'outZH_b1_pt', 'outZH_b2_pt', 'outZH_b1_score', 'outZH_b2_score', 'outZH_q1_pt', 'outZH_q2_pt', 'outZH_q1_score', 'outZH_q2_score', 'outZH_b1_q_mindr', 'outZH_b2_q_mindr', 'outZH_q_q_dr_nearb1', 'outZH_q_q_dr_nearb2', 'outZH_qq_M_nearb1', 'outZH_qq_M_nearb2', 'outZH_b1_qq_dr', 'outZH_b2_qq_dr', 'outZH_b1qq_M', 'outZH_b2qq_M', 'ZH_b1qq_dr', 'ZH_b2qq_dr', 'ZH_lbb1qq_dr', 'ZH_lbb2qq_dr', 'l_b2_mtb', 'ZH_closeb_invM', 'n_ak8jets', 'n_ak4jets', 'n_ak8_ZHbb', 'outZH_max_ak8pnetMass', 'outZH_b12_m', 'outZH_b12_dr', 'ht_b', 'ht_outZH', 'ak4_bestb_inZH', 'ak4_worstb_inZH', 'nonZHbb_q1_dr', 'nonZHbb_b1_dr', 'inZHb_outZHb_dr', 'ZH_l_dr', 'ZH_l_invM', 'l_b1_invM', 'l_b2_invM', 'l_b1_dr', 'l_b2_dr', 'spher', 'aplan', 'n_b_inZH', 'n_q_inZH', 'n_b_outZH', 'n_q_outZH', 'ZH_bbvLscore'], flatten=True, store_size=True, fill_none=True, fill_value=-999.0, pos_start=None, pos_end=None)],
           'btag_mask': [ColOut(collection='events', columns=['process', 'matchedGen_ZHbb_bb', 'tt_type', 'outZH_b1_pt', 'outZH_b2_pt', 'outZH_b1_score', 'outZH_b2_score', 'outZH_q1_pt', 'outZH_q2_pt', 'outZH_q1_score', 'outZH_q2_score', 'outZH_b1_q_mindr', 'outZH_b2_q_mindr', 'outZH_q_q_dr_nearb1', 'outZH_q_q_dr_nearb2', 'outZH_qq_M_nearb1', 'outZH_qq_M_nearb2', 'outZH_b1_qq_dr', 'outZH_b2_qq_dr', 'outZH_b1qq_M', 'outZH_b2qq_M', 'ZH_b1qq_dr', 'ZH_b2qq_dr', 'ZH_lbb1qq_dr', 'ZH_lbb2qq_dr', 'l_b2_mtb', 'ZH_closeb_invM', 'n_ak8jets', 'n_ak4jets', 'n_ak8_ZHbb', 'outZH_max_ak8pnetMass', 'outZH_b12_m', 'outZH_b12_dr', 'ht_b', 'ht_outZH', 'ak4_bestb_inZH', 'ak4_worstb_inZH', 'nonZHbb_q1_dr', 'nonZHbb_b1_dr', 'inZHb_outZHb_dr', 'ZH_l_dr', 'ZH_l_invM', 'l_b1_invM', 'l_b2_invM', 'l_b1_dr', 'l_b2_dr', 'spher', 'aplan', 'n_b_inZH', 'n_q_inZH', 'n_b_outZH', 'n_q_outZH', 'ZH_bbvLscore'], flatten=True, store_size=True, fill_none=True, fill_value=-999.0, pos_start=None, pos_end=None)]}}
  - available weights variations: {'ttHTobb': ['nominal', 'pileup']} 
  - available shape variations: {'ttHTobb': []}
[INFO    ] Configurator instance:
  - Workflow: <class 'zhbbworkflow.ZHbbBaseProcessor'>
  - Workflow options: {}
  - N. datasets: 1 
   -- Dataset: ttHTobb_M125_M125_2017,  Sample: ttHTobb, N. files: 46, N. events: 7825000
  - Subsamples:
   -- Sample ttHTobb: StandardSelection ['ttHTobb'], (1 categories)
  - Skim: ['preSkimCut']
  - Preselection: ['eventSelection']
  - Categories: StandardSelection ['baseline', 'btag_mask'], (2 categories)
  - Variables:  ['mAK8', 'zhbbtag', 'zhbbtag_sorted', 'outZH_b1_pt']
  - Columns: {'ttHTobb': {'baseline': [ColOut(collection='events', columns=['process', 'matchedGen_ZHbb_bb', 'tt_type', 'outZH_b1_pt', 'outZH_b2_pt', 'outZH_b1_score', 'outZH_b2_score', 'outZH_q1_pt', 'outZH_q2_pt', 'outZH_q1_score', 'outZH_q2_score', 'outZH_b1_q_mindr', 'outZH_b2_q_mindr', 'outZH_q_q_dr_nearb1', 'outZH_q_q_dr_nearb2', 'outZH_qq_M_nearb1', 'outZH_qq_M_nearb2', 'outZH_b1_qq_dr', 'outZH_b2_qq_dr', 'outZH_b1qq_M', 'outZH_b2qq_M', 'ZH_b1qq_dr', 'ZH_b2qq_dr', 'ZH_lbb1qq_dr', 'ZH_lbb2qq_dr', 'l_b2_mtb', 'ZH_closeb_invM', 'n_ak8jets', 'n_ak4jets', 'n_ak8_ZHbb', 'outZH_max_ak8pnetMass', 'outZH_b12_m', 'outZH_b12_dr', 'ht_b', 'ht_outZH', 'ak4_bestb_inZH', 'ak4_worstb_inZH', 'nonZHbb_q1_dr', 'nonZHbb_b1_dr', 'inZHb_outZHb_dr', 'ZH_l_dr', 'ZH_l_invM', 'l_b1_invM', 'l_b2_invM', 'l_b1_dr', 'l_b2_dr', 'spher', 'aplan', 'n_b_inZH', 'n_q_inZH', 'n_b_outZH', 'n_q_outZH', 'ZH_bbvLscore'], flatten=True, store_size=True, fill_none=True, fill_value=-999.0, pos_start=None, pos_end=None)],
           'btag_mask': [ColOut(collection='events', columns=['process', 'matchedGen_ZHbb_bb', 'tt_type', 'outZH_b1_pt', 'outZH_b2_pt', 'outZH_b1_score', 'outZH_b2_score', 'outZH_q1_pt', 'outZH_q2_pt', 'outZH_q1_score', 'outZH_q2_score', 'outZH_b1_q_mindr', 'outZH_b2_q_mindr', 'outZH_q_q_dr_nearb1', 'outZH_q_q_dr_nearb2', 'outZH_qq_M_nearb1', 'outZH_qq_M_nearb2', 'outZH_b1_qq_dr', 'outZH_b2_qq_dr', 'outZH_b1qq_M', 'outZH_b2qq_M', 'ZH_b1qq_dr', 'ZH_b2qq_dr', 'ZH_lbb1qq_dr', 'ZH_lbb2qq_dr', 'l_b2_mtb', 'ZH_closeb_invM', 'n_ak8jets', 'n_ak4jets', 'n_ak8_ZHbb', 'outZH_max_ak8pnetMass', 'outZH_b12_m', 'outZH_b12_dr', 'ht_b', 'ht_outZH', 'ak4_bestb_inZH', 'ak4_worstb_inZH', 'nonZHbb_q1_dr', 'nonZHbb_b1_dr', 'inZHb_outZHb_dr', 'ZH_l_dr', 'ZH_l_invM', 'l_b1_invM', 'l_b2_invM', 'l_b1_dr', 'l_b2_dr', 'spher', 'aplan', 'n_b_inZH', 'n_q_inZH', 'n_b_outZH', 'n_q_outZH', 'ZH_bbvLscore'], flatten=True, store_size=True, fill_none=True, fill_value=-999.0, pos_start=None, pos_end=None)]}}
  - available weights variations: {'ttHTobb': ['pileup', 'nominal']} 
  - available shape variations: {'ttHTobb': []}
[INFO    ] Configurator instance:
  - Workflow: <class 'zhbbworkflow.ZHbbBaseProcessor'>
  - Workflow options: {}
  - N. datasets: 1 
   -- Dataset: ttHTobb_M125_M125_2017,  Sample: ttHTobb, N. files: 46, N. events: 7825000
  - Subsamples:
   -- Sample ttHTobb: StandardSelection ['ttHTobb'], (1 categories)
  - Skim: ['preSkimCut']
  - Preselection: ['eventSelection']
  - Categories: StandardSelection ['baseline', 'btag_mask'], (2 categories)
  - Variables:  ['mAK8', 'zhbbtag', 'zhbbtag_sorted', 'outZH_b1_pt']
  - Columns: {'ttHTobb': {'baseline': [ColOut(collection='events', columns=['process', 'matchedGen_ZHbb_bb', 'tt_type', 'outZH_b1_pt', 'outZH_b2_pt', 'outZH_b1_score', 'outZH_b2_score', 'outZH_q1_pt', 'outZH_q2_pt', 'outZH_q1_score', 'outZH_q2_score', 'outZH_b1_q_mindr', 'outZH_b2_q_mindr', 'outZH_q_q_dr_nearb1', 'outZH_q_q_dr_nearb2', 'outZH_qq_M_nearb1', 'outZH_qq_M_nearb2', 'outZH_b1_qq_dr', 'outZH_b2_qq_dr', 'outZH_b1qq_M', 'outZH_b2qq_M', 'ZH_b1qq_dr', 'ZH_b2qq_dr', 'ZH_lbb1qq_dr', 'ZH_lbb2qq_dr', 'l_b2_mtb', 'ZH_closeb_invM', 'n_ak8jets', 'n_ak4jets', 'n_ak8_ZHbb', 'outZH_max_ak8pnetMass', 'outZH_b12_m', 'outZH_b12_dr', 'ht_b', 'ht_outZH', 'ak4_bestb_inZH', 'ak4_worstb_inZH', 'nonZHbb_q1_dr', 'nonZHbb_b1_dr', 'inZHb_outZHb_dr', 'ZH_l_dr', 'ZH_l_invM', 'l_b1_invM', 'l_b2_invM', 'l_b1_dr', 'l_b2_dr', 'spher', 'aplan', 'n_b_inZH', 'n_q_inZH', 'n_b_outZH', 'n_q_outZH', 'ZH_bbvLscore'], flatten=True, store_size=True, fill_none=True, fill_value=-999.0, pos_start=None, pos_end=None)],
           'btag_mask': [ColOut(collection='events', columns=['process', 'matchedGen_ZHbb_bb', 'tt_type', 'outZH_b1_pt', 'outZH_b2_pt', 'outZH_b1_score', 'outZH_b2_score', 'outZH_q1_pt', 'outZH_q2_pt', 'outZH_q1_score', 'outZH_q2_score', 'outZH_b1_q_mindr', 'outZH_b2_q_mindr', 'outZH_q_q_dr_nearb1', 'outZH_q_q_dr_nearb2', 'outZH_qq_M_nearb1', 'outZH_qq_M_nearb2', 'outZH_b1_qq_dr', 'outZH_b2_qq_dr', 'outZH_b1qq_M', 'outZH_b2qq_M', 'ZH_b1qq_dr', 'ZH_b2qq_dr', 'ZH_lbb1qq_dr', 'ZH_lbb2qq_dr', 'l_b2_mtb', 'ZH_closeb_invM', 'n_ak8jets', 'n_ak4jets', 'n_ak8_ZHbb', 'outZH_max_ak8pnetMass', 'outZH_b12_m', 'outZH_b12_dr', 'ht_b', 'ht_outZH', 'ak4_bestb_inZH', 'ak4_worstb_inZH', 'nonZHbb_q1_dr', 'nonZHbb_b1_dr', 'inZHb_outZHb_dr', 'ZH_l_dr', 'ZH_l_invM', 'l_b1_invM', 'l_b2_invM', 'l_b1_dr', 'l_b2_dr', 'spher', 'aplan', 'n_b_inZH', 'n_q_inZH', 'n_b_outZH', 'n_q_outZH', 'ZH_bbvLscore'], flatten=True, store_size=True, fill_none=True, fill_value=-999.0, pos_start=None, pos_end=None)]}}
  - available weights variations: {'ttHTobb': ['pileup', 'nominal']} 
  - available shape variations: {'ttHTobb': []}
[INFO    ] Configurator instance:
  - Workflow: <class 'zhbbworkflow.ZHbbBaseProcessor'>
  - Workflow options: {}
  - N. datasets: 1 
   -- Dataset: ttHTobb_M125_M125_2017,  Sample: ttHTobb, N. files: 46, N. events: 7825000
  - Subsamples:
   -- Sample ttHTobb: StandardSelection ['ttHTobb'], (1 categories)
  - Skim: ['preSkimCut']
  - Preselection: ['eventSelection']
  - Categories: StandardSelection ['baseline', 'btag_mask'], (2 categories)
  - Variables:  ['mAK8', 'zhbbtag', 'zhbbtag_sorted', 'outZH_b1_pt']
  - Columns: {'ttHTobb': {'baseline': [ColOut(collection='events', columns=['process', 'matchedGen_ZHbb_bb', 'tt_type', 'outZH_b1_pt', 'outZH_b2_pt', 'outZH_b1_score', 'outZH_b2_score', 'outZH_q1_pt', 'outZH_q2_pt', 'outZH_q1_score', 'outZH_q2_score', 'outZH_b1_q_mindr', 'outZH_b2_q_mindr', 'outZH_q_q_dr_nearb1', 'outZH_q_q_dr_nearb2', 'outZH_qq_M_nearb1', 'outZH_qq_M_nearb2', 'outZH_b1_qq_dr', 'outZH_b2_qq_dr', 'outZH_b1qq_M', 'outZH_b2qq_M', 'ZH_b1qq_dr', 'ZH_b2qq_dr', 'ZH_lbb1qq_dr', 'ZH_lbb2qq_dr', 'l_b2_mtb', 'ZH_closeb_invM', 'n_ak8jets', 'n_ak4jets', 'n_ak8_ZHbb', 'outZH_max_ak8pnetMass', 'outZH_b12_m', 'outZH_b12_dr', 'ht_b', 'ht_outZH', 'ak4_bestb_inZH', 'ak4_worstb_inZH', 'nonZHbb_q1_dr', 'nonZHbb_b1_dr', 'inZHb_outZHb_dr', 'ZH_l_dr', 'ZH_l_invM', 'l_b1_invM', 'l_b2_invM', 'l_b1_dr', 'l_b2_dr', 'spher', 'aplan', 'n_b_inZH', 'n_q_inZH', 'n_b_outZH', 'n_q_outZH', 'ZH_bbvLscore'], flatten=True, store_size=True, fill_none=True, fill_value=-999.0, pos_start=None, pos_end=None)],
           'btag_mask': [ColOut(collection='events', columns=['process', 'matchedGen_ZHbb_bb', 'tt_type', 'outZH_b1_pt', 'outZH_b2_pt', 'outZH_b1_score', 'outZH_b2_score', 'outZH_q1_pt', 'outZH_q2_pt', 'outZH_q1_score', 'outZH_q2_score', 'outZH_b1_q_mindr', 'outZH_b2_q_mindr', 'outZH_q_q_dr_nearb1', 'outZH_q_q_dr_nearb2', 'outZH_qq_M_nearb1', 'outZH_qq_M_nearb2', 'outZH_b1_qq_dr', 'outZH_b2_qq_dr', 'outZH_b1qq_M', 'outZH_b2qq_M', 'ZH_b1qq_dr', 'ZH_b2qq_dr', 'ZH_lbb1qq_dr', 'ZH_lbb2qq_dr', 'l_b2_mtb', 'ZH_closeb_invM', 'n_ak8jets', 'n_ak4jets', 'n_ak8_ZHbb', 'outZH_max_ak8pnetMass', 'outZH_b12_m', 'outZH_b12_dr', 'ht_b', 'ht_outZH', 'ak4_bestb_inZH', 'ak4_worstb_inZH', 'nonZHbb_q1_dr', 'nonZHbb_b1_dr', 'inZHb_outZHb_dr', 'ZH_l_dr', 'ZH_l_invM', 'l_b1_invM', 'l_b2_invM', 'l_b1_dr', 'l_b2_dr', 'spher', 'aplan', 'n_b_inZH', 'n_q_inZH', 'n_b_outZH', 'n_q_outZH', 'ZH_bbvLscore'], flatten=True, store_size=True, fill_none=True, fill_value=-999.0, pos_start=None, pos_end=None)]}}
  - available weights variations: {'ttHTobb': ['nominal', 'pileup']} 
  - available shape variations: {'ttHTobb': []}
[INFO    ] Configurator instance:
  - Workflow: <class 'zhbbworkflow.ZHbbBaseProcessor'>
  - Workflow options: {}
  - N. datasets: 1 
   -- Dataset: ttHTobb_M125_M125_2017,  Sample: ttHTobb, N. files: 46, N. events: 7825000
  - Subsamples:
   -- Sample ttHTobb: StandardSelection ['ttHTobb'], (1 categories)
  - Skim: ['preSkimCut']
  - Preselection: ['eventSelection']
  - Categories: StandardSelection ['baseline', 'btag_mask'], (2 categories)
  - Variables:  ['mAK8', 'zhbbtag', 'zhbbtag_sorted', 'outZH_b1_pt']
  - Columns: {'ttHTobb': {'baseline': [ColOut(collection='events', columns=['process', 'matchedGen_ZHbb_bb', 'tt_type', 'outZH_b1_pt', 'outZH_b2_pt', 'outZH_b1_score', 'outZH_b2_score', 'outZH_q1_pt', 'outZH_q2_pt', 'outZH_q1_score', 'outZH_q2_score', 'outZH_b1_q_mindr', 'outZH_b2_q_mindr', 'outZH_q_q_dr_nearb1', 'outZH_q_q_dr_nearb2', 'outZH_qq_M_nearb1', 'outZH_qq_M_nearb2', 'outZH_b1_qq_dr', 'outZH_b2_qq_dr', 'outZH_b1qq_M', 'outZH_b2qq_M', 'ZH_b1qq_dr', 'ZH_b2qq_dr', 'ZH_lbb1qq_dr', 'ZH_lbb2qq_dr', 'l_b2_mtb', 'ZH_closeb_invM', 'n_ak8jets', 'n_ak4jets', 'n_ak8_ZHbb', 'outZH_max_ak8pnetMass', 'outZH_b12_m', 'outZH_b12_dr', 'ht_b', 'ht_outZH', 'ak4_bestb_inZH', 'ak4_worstb_inZH', 'nonZHbb_q1_dr', 'nonZHbb_b1_dr', 'inZHb_outZHb_dr', 'ZH_l_dr', 'ZH_l_invM', 'l_b1_invM', 'l_b2_invM', 'l_b1_dr', 'l_b2_dr', 'spher', 'aplan', 'n_b_inZH', 'n_q_inZH', 'n_b_outZH', 'n_q_outZH', 'ZH_bbvLscore'], flatten=True, store_size=True, fill_none=True, fill_value=-999.0, pos_start=None, pos_end=None)],
           'btag_mask': [ColOut(collection='events', columns=['process', 'matchedGen_ZHbb_bb', 'tt_type', 'outZH_b1_pt', 'outZH_b2_pt', 'outZH_b1_score', 'outZH_b2_score', 'outZH_q1_pt', 'outZH_q2_pt', 'outZH_q1_score', 'outZH_q2_score', 'outZH_b1_q_mindr', 'outZH_b2_q_mindr', 'outZH_q_q_dr_nearb1', 'outZH_q_q_dr_nearb2', 'outZH_qq_M_nearb1', 'outZH_qq_M_nearb2', 'outZH_b1_qq_dr', 'outZH_b2_qq_dr', 'outZH_b1qq_M', 'outZH_b2qq_M', 'ZH_b1qq_dr', 'ZH_b2qq_dr', 'ZH_lbb1qq_dr', 'ZH_lbb2qq_dr', 'l_b2_mtb', 'ZH_closeb_invM', 'n_ak8jets', 'n_ak4jets', 'n_ak8_ZHbb', 'outZH_max_ak8pnetMass', 'outZH_b12_m', 'outZH_b12_dr', 'ht_b', 'ht_outZH', 'ak4_bestb_inZH', 'ak4_worstb_inZH', 'nonZHbb_q1_dr', 'nonZHbb_b1_dr', 'inZHb_outZHb_dr', 'ZH_l_dr', 'ZH_l_invM', 'l_b1_invM', 'l_b2_invM', 'l_b1_dr', 'l_b2_dr', 'spher', 'aplan', 'n_b_inZH', 'n_q_inZH', 'n_b_outZH', 'n_q_outZH', 'ZH_bbvLscore'], flatten=True, store_size=True, fill_none=True, fill_value=-999.0, pos_start=None, pos_end=None)]}}
  - available weights variations: {'ttHTobb': ['nominal', 'pileup']} 
  - available shape variations: {'ttHTobb': []}
[INFO    ] Configurator instance:
  - Workflow: <class 'zhbbworkflow.ZHbbBaseProcessor'>
  - Workflow options: {}
  - N. datasets: 1 
   -- Dataset: ttHTobb_M125_M125_2017,  Sample: ttHTobb, N. files: 46, N. events: 7825000
  - Subsamples:
   -- Sample ttHTobb: StandardSelection ['ttHTobb'], (1 categories)
  - Skim: ['preSkimCut']
  - Preselection: ['eventSelection']
  - Categories: StandardSelection ['baseline', 'btag_mask'], (2 categories)
  - Variables:  ['mAK8', 'zhbbtag', 'zhbbtag_sorted', 'outZH_b1_pt']
  - Columns: {'ttHTobb': {'baseline': [ColOut(collection='events', columns=['process', 'matchedGen_ZHbb_bb', 'tt_type', 'outZH_b1_pt', 'outZH_b2_pt', 'outZH_b1_score', 'outZH_b2_score', 'outZH_q1_pt', 'outZH_q2_pt', 'outZH_q1_score', 'outZH_q2_score', 'outZH_b1_q_mindr', 'outZH_b2_q_mindr', 'outZH_q_q_dr_nearb1', 'outZH_q_q_dr_nearb2', 'outZH_qq_M_nearb1', 'outZH_qq_M_nearb2', 'outZH_b1_qq_dr', 'outZH_b2_qq_dr', 'outZH_b1qq_M', 'outZH_b2qq_M', 'ZH_b1qq_dr', 'ZH_b2qq_dr', 'ZH_lbb1qq_dr', 'ZH_lbb2qq_dr', 'l_b2_mtb', 'ZH_closeb_invM', 'n_ak8jets', 'n_ak4jets', 'n_ak8_ZHbb', 'outZH_max_ak8pnetMass', 'outZH_b12_m', 'outZH_b12_dr', 'ht_b', 'ht_outZH', 'ak4_bestb_inZH', 'ak4_worstb_inZH', 'nonZHbb_q1_dr', 'nonZHbb_b1_dr', 'inZHb_outZHb_dr', 'ZH_l_dr', 'ZH_l_invM', 'l_b1_invM', 'l_b2_invM', 'l_b1_dr', 'l_b2_dr', 'spher', 'aplan', 'n_b_inZH', 'n_q_inZH', 'n_b_outZH', 'n_q_outZH', 'ZH_bbvLscore'], flatten=True, store_size=True, fill_none=True, fill_value=-999.0, pos_start=None, pos_end=None)],
           'btag_mask': [ColOut(collection='events', columns=['process', 'matchedGen_ZHbb_bb', 'tt_type', 'outZH_b1_pt', 'outZH_b2_pt', 'outZH_b1_score', 'outZH_b2_score', 'outZH_q1_pt', 'outZH_q2_pt', 'outZH_q1_score', 'outZH_q2_score', 'outZH_b1_q_mindr', 'outZH_b2_q_mindr', 'outZH_q_q_dr_nearb1', 'outZH_q_q_dr_nearb2', 'outZH_qq_M_nearb1', 'outZH_qq_M_nearb2', 'outZH_b1_qq_dr', 'outZH_b2_qq_dr', 'outZH_b1qq_M', 'outZH_b2qq_M', 'ZH_b1qq_dr', 'ZH_b2qq_dr', 'ZH_lbb1qq_dr', 'ZH_lbb2qq_dr', 'l_b2_mtb', 'ZH_closeb_invM', 'n_ak8jets', 'n_ak4jets', 'n_ak8_ZHbb', 'outZH_max_ak8pnetMass', 'outZH_b12_m', 'outZH_b12_dr', 'ht_b', 'ht_outZH', 'ak4_bestb_inZH', 'ak4_worstb_inZH', 'nonZHbb_q1_dr', 'nonZHbb_b1_dr', 'inZHb_outZHb_dr', 'ZH_l_dr', 'ZH_l_invM', 'l_b1_invM', 'l_b2_invM', 'l_b1_dr', 'l_b2_dr', 'spher', 'aplan', 'n_b_inZH', 'n_q_inZH', 'n_b_outZH', 'n_q_outZH', 'ZH_bbvLscore'], flatten=True, store_size=True, fill_none=True, fill_value=-999.0, pos_start=None, pos_end=None)]}}
  - available weights variations: {'ttHTobb': ['nominal', 'pileup']} 
  - available shape variations: {'ttHTobb': []}
[INFO    ] Configurator instance:
  - Workflow: <class 'zhbbworkflow.ZHbbBaseProcessor'>
  - Workflow options: {}
  - N. datasets: 1 
   -- Dataset: ttHTobb_M125_M125_2017,  Sample: ttHTobb, N. files: 46, N. events: 7825000
  - Subsamples:
   -- Sample ttHTobb: StandardSelection ['ttHTobb'], (1 categories)
  - Skim: ['preSkimCut']
  - Preselection: ['eventSelection']
  - Categories: StandardSelection ['baseline', 'btag_mask'], (2 categories)
  - Variables:  ['mAK8', 'zhbbtag', 'zhbbtag_sorted', 'outZH_b1_pt']
  - Columns: {'ttHTobb': {'baseline': [ColOut(collection='events', columns=['process', 'matchedGen_ZHbb_bb', 'tt_type', 'outZH_b1_pt', 'outZH_b2_pt', 'outZH_b1_score', 'outZH_b2_score', 'outZH_q1_pt', 'outZH_q2_pt', 'outZH_q1_score', 'outZH_q2_score', 'outZH_b1_q_mindr', 'outZH_b2_q_mindr', 'outZH_q_q_dr_nearb1', 'outZH_q_q_dr_nearb2', 'outZH_qq_M_nearb1', 'outZH_qq_M_nearb2', 'outZH_b1_qq_dr', 'outZH_b2_qq_dr', 'outZH_b1qq_M', 'outZH_b2qq_M', 'ZH_b1qq_dr', 'ZH_b2qq_dr', 'ZH_lbb1qq_dr', 'ZH_lbb2qq_dr', 'l_b2_mtb', 'ZH_closeb_invM', 'n_ak8jets', 'n_ak4jets', 'n_ak8_ZHbb', 'outZH_max_ak8pnetMass', 'outZH_b12_m', 'outZH_b12_dr', 'ht_b', 'ht_outZH', 'ak4_bestb_inZH', 'ak4_worstb_inZH', 'nonZHbb_q1_dr', 'nonZHbb_b1_dr', 'inZHb_outZHb_dr', 'ZH_l_dr', 'ZH_l_invM', 'l_b1_invM', 'l_b2_invM', 'l_b1_dr', 'l_b2_dr', 'spher', 'aplan', 'n_b_inZH', 'n_q_inZH', 'n_b_outZH', 'n_q_outZH', 'ZH_bbvLscore'], flatten=True, store_size=True, fill_none=True, fill_value=-999.0, pos_start=None, pos_end=None)],
           'btag_mask': [ColOut(collection='events', columns=['process', 'matchedGen_ZHbb_bb', 'tt_type', 'outZH_b1_pt', 'outZH_b2_pt', 'outZH_b1_score', 'outZH_b2_score', 'outZH_q1_pt', 'outZH_q2_pt', 'outZH_q1_score', 'outZH_q2_score', 'outZH_b1_q_mindr', 'outZH_b2_q_mindr', 'outZH_q_q_dr_nearb1', 'outZH_q_q_dr_nearb2', 'outZH_qq_M_nearb1', 'outZH_qq_M_nearb2', 'outZH_b1_qq_dr', 'outZH_b2_qq_dr', 'outZH_b1qq_M', 'outZH_b2qq_M', 'ZH_b1qq_dr', 'ZH_b2qq_dr', 'ZH_lbb1qq_dr', 'ZH_lbb2qq_dr', 'l_b2_mtb', 'ZH_closeb_invM', 'n_ak8jets', 'n_ak4jets', 'n_ak8_ZHbb', 'outZH_max_ak8pnetMass', 'outZH_b12_m', 'outZH_b12_dr', 'ht_b', 'ht_outZH', 'ak4_bestb_inZH', 'ak4_worstb_inZH', 'nonZHbb_q1_dr', 'nonZHbb_b1_dr', 'inZHb_outZHb_dr', 'ZH_l_dr', 'ZH_l_invM', 'l_b1_invM', 'l_b2_invM', 'l_b1_dr', 'l_b2_dr', 'spher', 'aplan', 'n_b_inZH', 'n_q_inZH', 'n_b_outZH', 'n_q_outZH', 'ZH_bbvLscore'], flatten=True, store_size=True, fill_none=True, fill_value=-999.0, pos_start=None, pos_end=None)]}}
  - available weights variations: {'ttHTobb': ['nominal', 'pileup']} 
  - available shape variations: {'ttHTobb': []}
[INFO    ] Configurator instance:
  - Workflow: <class 'zhbbworkflow.ZHbbBaseProcessor'>
  - Workflow options: {}
  - N. datasets: 1 
   -- Dataset: ttHTobb_M125_M125_2017,  Sample: ttHTobb, N. files: 46, N. events: 7825000
  - Subsamples:
   -- Sample ttHTobb: StandardSelection ['ttHTobb'], (1 categories)
  - Skim: ['preSkimCut']
  - Preselection: ['eventSelection']
  - Categories: StandardSelection ['baseline', 'btag_mask'], (2 categories)
  - Variables:  ['mAK8', 'zhbbtag', 'zhbbtag_sorted', 'outZH_b1_pt']
  - Columns: {'ttHTobb': {'baseline': [ColOut(collection='events', columns=['process', 'matchedGen_ZHbb_bb', 'tt_type', 'outZH_b1_pt', 'outZH_b2_pt', 'outZH_b1_score', 'outZH_b2_score', 'outZH_q1_pt', 'outZH_q2_pt', 'outZH_q1_score', 'outZH_q2_score', 'outZH_b1_q_mindr', 'outZH_b2_q_mindr', 'outZH_q_q_dr_nearb1', 'outZH_q_q_dr_nearb2', 'outZH_qq_M_nearb1', 'outZH_qq_M_nearb2', 'outZH_b1_qq_dr', 'outZH_b2_qq_dr', 'outZH_b1qq_M', 'outZH_b2qq_M', 'ZH_b1qq_dr', 'ZH_b2qq_dr', 'ZH_lbb1qq_dr', 'ZH_lbb2qq_dr', 'l_b2_mtb', 'ZH_closeb_invM', 'n_ak8jets', 'n_ak4jets', 'n_ak8_ZHbb', 'outZH_max_ak8pnetMass', 'outZH_b12_m', 'outZH_b12_dr', 'ht_b', 'ht_outZH', 'ak4_bestb_inZH', 'ak4_worstb_inZH', 'nonZHbb_q1_dr', 'nonZHbb_b1_dr', 'inZHb_outZHb_dr', 'ZH_l_dr', 'ZH_l_invM', 'l_b1_invM', 'l_b2_invM', 'l_b1_dr', 'l_b2_dr', 'spher', 'aplan', 'n_b_inZH', 'n_q_inZH', 'n_b_outZH', 'n_q_outZH', 'ZH_bbvLscore'], flatten=True, store_size=True, fill_none=True, fill_value=-999.0, pos_start=None, pos_end=None)],
           'btag_mask': [ColOut(collection='events', columns=['process', 'matchedGen_ZHbb_bb', 'tt_type', 'outZH_b1_pt', 'outZH_b2_pt', 'outZH_b1_score', 'outZH_b2_score', 'outZH_q1_pt', 'outZH_q2_pt', 'outZH_q1_score', 'outZH_q2_score', 'outZH_b1_q_mindr', 'outZH_b2_q_mindr', 'outZH_q_q_dr_nearb1', 'outZH_q_q_dr_nearb2', 'outZH_qq_M_nearb1', 'outZH_qq_M_nearb2', 'outZH_b1_qq_dr', 'outZH_b2_qq_dr', 'outZH_b1qq_M', 'outZH_b2qq_M', 'ZH_b1qq_dr', 'ZH_b2qq_dr', 'ZH_lbb1qq_dr', 'ZH_lbb2qq_dr', 'l_b2_mtb', 'ZH_closeb_invM', 'n_ak8jets', 'n_ak4jets', 'n_ak8_ZHbb', 'outZH_max_ak8pnetMass', 'outZH_b12_m', 'outZH_b12_dr', 'ht_b', 'ht_outZH', 'ak4_bestb_inZH', 'ak4_worstb_inZH', 'nonZHbb_q1_dr', 'nonZHbb_b1_dr', 'inZHb_outZHb_dr', 'ZH_l_dr', 'ZH_l_invM', 'l_b1_invM', 'l_b2_invM', 'l_b1_dr', 'l_b2_dr', 'spher', 'aplan', 'n_b_inZH', 'n_q_inZH', 'n_b_outZH', 'n_q_outZH', 'ZH_bbvLscore'], flatten=True, store_size=True, fill_none=True, fill_value=-999.0, pos_start=None, pos_end=None)]}}
  - available weights variations: {'ttHTobb': ['nominal', 'pileup']} 
  - available shape variations: {'ttHTobb': []}
[INFO    ] Configurator instance:
  - Workflow: <class 'zhbbworkflow.ZHbbBaseProcessor'>
  - Workflow options: {}
  - N. datasets: 1 
   -- Dataset: ttHTobb_M125_M125_2017,  Sample: ttHTobb, N. files: 46, N. events: 7825000
  - Subsamples:
   -- Sample ttHTobb: StandardSelection ['ttHTobb'], (1 categories)
  - Skim: ['preSkimCut']
  - Preselection: ['eventSelection']
  - Categories: StandardSelection ['baseline', 'btag_mask'], (2 categories)
  - Variables:  ['mAK8', 'zhbbtag', 'zhbbtag_sorted', 'outZH_b1_pt']
  - Columns: {'ttHTobb': {'baseline': [ColOut(collection='events', columns=['process', 'matchedGen_ZHbb_bb', 'tt_type', 'outZH_b1_pt', 'outZH_b2_pt', 'outZH_b1_score', 'outZH_b2_score', 'outZH_q1_pt', 'outZH_q2_pt', 'outZH_q1_score', 'outZH_q2_score', 'outZH_b1_q_mindr', 'outZH_b2_q_mindr', 'outZH_q_q_dr_nearb1', 'outZH_q_q_dr_nearb2', 'outZH_qq_M_nearb1', 'outZH_qq_M_nearb2', 'outZH_b1_qq_dr', 'outZH_b2_qq_dr', 'outZH_b1qq_M', 'outZH_b2qq_M', 'ZH_b1qq_dr', 'ZH_b2qq_dr', 'ZH_lbb1qq_dr', 'ZH_lbb2qq_dr', 'l_b2_mtb', 'ZH_closeb_invM', 'n_ak8jets', 'n_ak4jets', 'n_ak8_ZHbb', 'outZH_max_ak8pnetMass', 'outZH_b12_m', 'outZH_b12_dr', 'ht_b', 'ht_outZH', 'ak4_bestb_inZH', 'ak4_worstb_inZH', 'nonZHbb_q1_dr', 'nonZHbb_b1_dr', 'inZHb_outZHb_dr', 'ZH_l_dr', 'ZH_l_invM', 'l_b1_invM', 'l_b2_invM', 'l_b1_dr', 'l_b2_dr', 'spher', 'aplan', 'n_b_inZH', 'n_q_inZH', 'n_b_outZH', 'n_q_outZH', 'ZH_bbvLscore'], flatten=True, store_size=True, fill_none=True, fill_value=-999.0, pos_start=None, pos_end=None)],
           'btag_mask': [ColOut(collection='events', columns=['process', 'matchedGen_ZHbb_bb', 'tt_type', 'outZH_b1_pt', 'outZH_b2_pt', 'outZH_b1_score', 'outZH_b2_score', 'outZH_q1_pt', 'outZH_q2_pt', 'outZH_q1_score', 'outZH_q2_score', 'outZH_b1_q_mindr', 'outZH_b2_q_mindr', 'outZH_q_q_dr_nearb1', 'outZH_q_q_dr_nearb2', 'outZH_qq_M_nearb1', 'outZH_qq_M_nearb2', 'outZH_b1_qq_dr', 'outZH_b2_qq_dr', 'outZH_b1qq_M', 'outZH_b2qq_M', 'ZH_b1qq_dr', 'ZH_b2qq_dr', 'ZH_lbb1qq_dr', 'ZH_lbb2qq_dr', 'l_b2_mtb', 'ZH_closeb_invM', 'n_ak8jets', 'n_ak4jets', 'n_ak8_ZHbb', 'outZH_max_ak8pnetMass', 'outZH_b12_m', 'outZH_b12_dr', 'ht_b', 'ht_outZH', 'ak4_bestb_inZH', 'ak4_worstb_inZH', 'nonZHbb_q1_dr', 'nonZHbb_b1_dr', 'inZHb_outZHb_dr', 'ZH_l_dr', 'ZH_l_invM', 'l_b1_invM', 'l_b2_invM', 'l_b1_dr', 'l_b2_dr', 'spher', 'aplan', 'n_b_inZH', 'n_q_inZH', 'n_b_outZH', 'n_q_outZH', 'ZH_bbvLscore'], flatten=True, store_size=True, fill_none=True, fill_value=-999.0, pos_start=None, pos_end=None)]}}
  - available weights variations: {'ttHTobb': ['nominal', 'pileup']} 
  - available shape variations: {'ttHTobb': []}
[INFO    ] Configurator instance:
  - Workflow: <class 'zhbbworkflow.ZHbbBaseProcessor'>
  - Workflow options: {}
  - N. datasets: 1 
   -- Dataset: ttHTobb_M125_M125_2017,  Sample: ttHTobb, N. files: 46, N. events: 7825000
  - Subsamples:
   -- Sample ttHTobb: StandardSelection ['ttHTobb'], (1 categories)
  - Skim: ['preSkimCut']
  - Preselection: ['eventSelection']
  - Categories: StandardSelection ['baseline', 'btag_mask'], (2 categories)
  - Variables:  ['mAK8', 'zhbbtag', 'zhbbtag_sorted', 'outZH_b1_pt']
  - Columns: {'ttHTobb': {'baseline': [ColOut(collection='events', columns=['process', 'matchedGen_ZHbb_bb', 'tt_type', 'outZH_b1_pt', 'outZH_b2_pt', 'outZH_b1_score', 'outZH_b2_score', 'outZH_q1_pt', 'outZH_q2_pt', 'outZH_q1_score', 'outZH_q2_score', 'outZH_b1_q_mindr', 'outZH_b2_q_mindr', 'outZH_q_q_dr_nearb1', 'outZH_q_q_dr_nearb2', 'outZH_qq_M_nearb1', 'outZH_qq_M_nearb2', 'outZH_b1_qq_dr', 'outZH_b2_qq_dr', 'outZH_b1qq_M', 'outZH_b2qq_M', 'ZH_b1qq_dr', 'ZH_b2qq_dr', 'ZH_lbb1qq_dr', 'ZH_lbb2qq_dr', 'l_b2_mtb', 'ZH_closeb_invM', 'n_ak8jets', 'n_ak4jets', 'n_ak8_ZHbb', 'outZH_max_ak8pnetMass', 'outZH_b12_m', 'outZH_b12_dr', 'ht_b', 'ht_outZH', 'ak4_bestb_inZH', 'ak4_worstb_inZH', 'nonZHbb_q1_dr', 'nonZHbb_b1_dr', 'inZHb_outZHb_dr', 'ZH_l_dr', 'ZH_l_invM', 'l_b1_invM', 'l_b2_invM', 'l_b1_dr', 'l_b2_dr', 'spher', 'aplan', 'n_b_inZH', 'n_q_inZH', 'n_b_outZH', 'n_q_outZH', 'ZH_bbvLscore'], flatten=True, store_size=True, fill_none=True, fill_value=-999.0, pos_start=None, pos_end=None)],
           'btag_mask': [ColOut(collection='events', columns=['process', 'matchedGen_ZHbb_bb', 'tt_type', 'outZH_b1_pt', 'outZH_b2_pt', 'outZH_b1_score', 'outZH_b2_score', 'outZH_q1_pt', 'outZH_q2_pt', 'outZH_q1_score', 'outZH_q2_score', 'outZH_b1_q_mindr', 'outZH_b2_q_mindr', 'outZH_q_q_dr_nearb1', 'outZH_q_q_dr_nearb2', 'outZH_qq_M_nearb1', 'outZH_qq_M_nearb2', 'outZH_b1_qq_dr', 'outZH_b2_qq_dr', 'outZH_b1qq_M', 'outZH_b2qq_M', 'ZH_b1qq_dr', 'ZH_b2qq_dr', 'ZH_lbb1qq_dr', 'ZH_lbb2qq_dr', 'l_b2_mtb', 'ZH_closeb_invM', 'n_ak8jets', 'n_ak4jets', 'n_ak8_ZHbb', 'outZH_max_ak8pnetMass', 'outZH_b12_m', 'outZH_b12_dr', 'ht_b', 'ht_outZH', 'ak4_bestb_inZH', 'ak4_worstb_inZH', 'nonZHbb_q1_dr', 'nonZHbb_b1_dr', 'inZHb_outZHb_dr', 'ZH_l_dr', 'ZH_l_invM', 'l_b1_invM', 'l_b2_invM', 'l_b1_dr', 'l_b2_dr', 'spher', 'aplan', 'n_b_inZH', 'n_q_inZH', 'n_b_outZH', 'n_q_outZH', 'ZH_bbvLscore'], flatten=True, store_size=True, fill_none=True, fill_value=-999.0, pos_start=None, pos_end=None)]}}
  - available weights variations: {'ttHTobb': ['nominal', 'pileup']} 
  - available shape variations: {'ttHTobb': []}
[INFO    ] Configurator instance:
  - Workflow: <class 'zhbbworkflow.ZHbbBaseProcessor'>
  - Workflow options: {}
  - N. datasets: 1 
   -- Dataset: ttHTobb_M125_M125_2017,  Sample: ttHTobb, N. files: 46, N. events: 7825000
  - Subsamples:
   -- Sample ttHTobb: StandardSelection ['ttHTobb'], (1 categories)
  - Skim: ['preSkimCut']
  - Preselection: ['eventSelection']
  - Categories: StandardSelection ['baseline', 'btag_mask'], (2 categories)
  - Variables:  ['mAK8', 'zhbbtag', 'zhbbtag_sorted', 'outZH_b1_pt']
  - Columns: {'ttHTobb': {'baseline': [ColOut(collection='events', columns=['process', 'matchedGen_ZHbb_bb', 'tt_type', 'outZH_b1_pt', 'outZH_b2_pt', 'outZH_b1_score', 'outZH_b2_score', 'outZH_q1_pt', 'outZH_q2_pt', 'outZH_q1_score', 'outZH_q2_score', 'outZH_b1_q_mindr', 'outZH_b2_q_mindr', 'outZH_q_q_dr_nearb1', 'outZH_q_q_dr_nearb2', 'outZH_qq_M_nearb1', 'outZH_qq_M_nearb2', 'outZH_b1_qq_dr', 'outZH_b2_qq_dr', 'outZH_b1qq_M', 'outZH_b2qq_M', 'ZH_b1qq_dr', 'ZH_b2qq_dr', 'ZH_lbb1qq_dr', 'ZH_lbb2qq_dr', 'l_b2_mtb', 'ZH_closeb_invM', 'n_ak8jets', 'n_ak4jets', 'n_ak8_ZHbb', 'outZH_max_ak8pnetMass', 'outZH_b12_m', 'outZH_b12_dr', 'ht_b', 'ht_outZH', 'ak4_bestb_inZH', 'ak4_worstb_inZH', 'nonZHbb_q1_dr', 'nonZHbb_b1_dr', 'inZHb_outZHb_dr', 'ZH_l_dr', 'ZH_l_invM', 'l_b1_invM', 'l_b2_invM', 'l_b1_dr', 'l_b2_dr', 'spher', 'aplan', 'n_b_inZH', 'n_q_inZH', 'n_b_outZH', 'n_q_outZH', 'ZH_bbvLscore'], flatten=True, store_size=True, fill_none=True, fill_value=-999.0, pos_start=None, pos_end=None)],
           'btag_mask': [ColOut(collection='events', columns=['process', 'matchedGen_ZHbb_bb', 'tt_type', 'outZH_b1_pt', 'outZH_b2_pt', 'outZH_b1_score', 'outZH_b2_score', 'outZH_q1_pt', 'outZH_q2_pt', 'outZH_q1_score', 'outZH_q2_score', 'outZH_b1_q_mindr', 'outZH_b2_q_mindr', 'outZH_q_q_dr_nearb1', 'outZH_q_q_dr_nearb2', 'outZH_qq_M_nearb1', 'outZH_qq_M_nearb2', 'outZH_b1_qq_dr', 'outZH_b2_qq_dr', 'outZH_b1qq_M', 'outZH_b2qq_M', 'ZH_b1qq_dr', 'ZH_b2qq_dr', 'ZH_lbb1qq_dr', 'ZH_lbb2qq_dr', 'l_b2_mtb', 'ZH_closeb_invM', 'n_ak8jets', 'n_ak4jets', 'n_ak8_ZHbb', 'outZH_max_ak8pnetMass', 'outZH_b12_m', 'outZH_b12_dr', 'ht_b', 'ht_outZH', 'ak4_bestb_inZH', 'ak4_worstb_inZH', 'nonZHbb_q1_dr', 'nonZHbb_b1_dr', 'inZHb_outZHb_dr', 'ZH_l_dr', 'ZH_l_invM', 'l_b1_invM', 'l_b2_invM', 'l_b1_dr', 'l_b2_dr', 'spher', 'aplan', 'n_b_inZH', 'n_q_inZH', 'n_b_outZH', 'n_q_outZH', 'ZH_bbvLscore'], flatten=True, store_size=True, fill_none=True, fill_value=-999.0, pos_start=None, pos_end=None)]}}
  - available weights variations: {'ttHTobb': ['pileup', 'nominal']} 
  - available shape variations: {'ttHTobb': []}
[INFO    ] Configurator instance:
  - Workflow: <class 'zhbbworkflow.ZHbbBaseProcessor'>
  - Workflow options: {}
  - N. datasets: 1 
   -- Dataset: ttHTobb_M125_M125_2017,  Sample: ttHTobb, N. files: 46, N. events: 7825000
  - Subsamples:
   -- Sample ttHTobb: StandardSelection ['ttHTobb'], (1 categories)
  - Skim: ['preSkimCut']
  - Preselection: ['eventSelection']
  - Categories: StandardSelection ['baseline', 'btag_mask'], (2 categories)
  - Variables:  ['mAK8', 'zhbbtag', 'zhbbtag_sorted', 'outZH_b1_pt']
  - Columns: {'ttHTobb': {'baseline': [ColOut(collection='events', columns=['process', 'matchedGen_ZHbb_bb', 'tt_type', 'outZH_b1_pt', 'outZH_b2_pt', 'outZH_b1_score', 'outZH_b2_score', 'outZH_q1_pt', 'outZH_q2_pt', 'outZH_q1_score', 'outZH_q2_score', 'outZH_b1_q_mindr', 'outZH_b2_q_mindr', 'outZH_q_q_dr_nearb1', 'outZH_q_q_dr_nearb2', 'outZH_qq_M_nearb1', 'outZH_qq_M_nearb2', 'outZH_b1_qq_dr', 'outZH_b2_qq_dr', 'outZH_b1qq_M', 'outZH_b2qq_M', 'ZH_b1qq_dr', 'ZH_b2qq_dr', 'ZH_lbb1qq_dr', 'ZH_lbb2qq_dr', 'l_b2_mtb', 'ZH_closeb_invM', 'n_ak8jets', 'n_ak4jets', 'n_ak8_ZHbb', 'outZH_max_ak8pnetMass', 'outZH_b12_m', 'outZH_b12_dr', 'ht_b', 'ht_outZH', 'ak4_bestb_inZH', 'ak4_worstb_inZH', 'nonZHbb_q1_dr', 'nonZHbb_b1_dr', 'inZHb_outZHb_dr', 'ZH_l_dr', 'ZH_l_invM', 'l_b1_invM', 'l_b2_invM', 'l_b1_dr', 'l_b2_dr', 'spher', 'aplan', 'n_b_inZH', 'n_q_inZH', 'n_b_outZH', 'n_q_outZH', 'ZH_bbvLscore'], flatten=True, store_size=True, fill_none=True, fill_value=-999.0, pos_start=None, pos_end=None)],
           'btag_mask': [ColOut(collection='events', columns=['process', 'matchedGen_ZHbb_bb', 'tt_type', 'outZH_b1_pt', 'outZH_b2_pt', 'outZH_b1_score', 'outZH_b2_score', 'outZH_q1_pt', 'outZH_q2_pt', 'outZH_q1_score', 'outZH_q2_score', 'outZH_b1_q_mindr', 'outZH_b2_q_mindr', 'outZH_q_q_dr_nearb1', 'outZH_q_q_dr_nearb2', 'outZH_qq_M_nearb1', 'outZH_qq_M_nearb2', 'outZH_b1_qq_dr', 'outZH_b2_qq_dr', 'outZH_b1qq_M', 'outZH_b2qq_M', 'ZH_b1qq_dr', 'ZH_b2qq_dr', 'ZH_lbb1qq_dr', 'ZH_lbb2qq_dr', 'l_b2_mtb', 'ZH_closeb_invM', 'n_ak8jets', 'n_ak4jets', 'n_ak8_ZHbb', 'outZH_max_ak8pnetMass', 'outZH_b12_m', 'outZH_b12_dr', 'ht_b', 'ht_outZH', 'ak4_bestb_inZH', 'ak4_worstb_inZH', 'nonZHbb_q1_dr', 'nonZHbb_b1_dr', 'inZHb_outZHb_dr', 'ZH_l_dr', 'ZH_l_invM', 'l_b1_invM', 'l_b2_invM', 'l_b1_dr', 'l_b2_dr', 'spher', 'aplan', 'n_b_inZH', 'n_q_inZH', 'n_b_outZH', 'n_q_outZH', 'ZH_bbvLscore'], flatten=True, store_size=True, fill_none=True, fill_value=-999.0, pos_start=None, pos_end=None)]}}
  - available weights variations: {'ttHTobb': ['pileup', 'nominal']} 
  - available shape variations: {'ttHTobb': []}
[INFO    ] Configurator instance:
  - Workflow: <class 'zhbbworkflow.ZHbbBaseProcessor'>
  - Workflow options: {}
  - N. datasets: 1 
   -- Dataset: ttHTobb_M125_M125_2017,  Sample: ttHTobb, N. files: 46, N. events: 7825000
  - Subsamples:
   -- Sample ttHTobb: StandardSelection ['ttHTobb'], (1 categories)
  - Skim: ['preSkimCut']
  - Preselection: ['eventSelection']
  - Categories: StandardSelection ['baseline', 'btag_mask'], (2 categories)
  - Variables:  ['mAK8', 'zhbbtag', 'zhbbtag_sorted', 'outZH_b1_pt']
  - Columns: {'ttHTobb': {'baseline': [ColOut(collection='events', columns=['process', 'matchedGen_ZHbb_bb', 'tt_type', 'outZH_b1_pt', 'outZH_b2_pt', 'outZH_b1_score', 'outZH_b2_score', 'outZH_q1_pt', 'outZH_q2_pt', 'outZH_q1_score', 'outZH_q2_score', 'outZH_b1_q_mindr', 'outZH_b2_q_mindr', 'outZH_q_q_dr_nearb1', 'outZH_q_q_dr_nearb2', 'outZH_qq_M_nearb1', 'outZH_qq_M_nearb2', 'outZH_b1_qq_dr', 'outZH_b2_qq_dr', 'outZH_b1qq_M', 'outZH_b2qq_M', 'ZH_b1qq_dr', 'ZH_b2qq_dr', 'ZH_lbb1qq_dr', 'ZH_lbb2qq_dr', 'l_b2_mtb', 'ZH_closeb_invM', 'n_ak8jets', 'n_ak4jets', 'n_ak8_ZHbb', 'outZH_max_ak8pnetMass', 'outZH_b12_m', 'outZH_b12_dr', 'ht_b', 'ht_outZH', 'ak4_bestb_inZH', 'ak4_worstb_inZH', 'nonZHbb_q1_dr', 'nonZHbb_b1_dr', 'inZHb_outZHb_dr', 'ZH_l_dr', 'ZH_l_invM', 'l_b1_invM', 'l_b2_invM', 'l_b1_dr', 'l_b2_dr', 'spher', 'aplan', 'n_b_inZH', 'n_q_inZH', 'n_b_outZH', 'n_q_outZH', 'ZH_bbvLscore'], flatten=True, store_size=True, fill_none=True, fill_value=-999.0, pos_start=None, pos_end=None)],
           'btag_mask': [ColOut(collection='events', columns=['process', 'matchedGen_ZHbb_bb', 'tt_type', 'outZH_b1_pt', 'outZH_b2_pt', 'outZH_b1_score', 'outZH_b2_score', 'outZH_q1_pt', 'outZH_q2_pt', 'outZH_q1_score', 'outZH_q2_score', 'outZH_b1_q_mindr', 'outZH_b2_q_mindr', 'outZH_q_q_dr_nearb1', 'outZH_q_q_dr_nearb2', 'outZH_qq_M_nearb1', 'outZH_qq_M_nearb2', 'outZH_b1_qq_dr', 'outZH_b2_qq_dr', 'outZH_b1qq_M', 'outZH_b2qq_M', 'ZH_b1qq_dr', 'ZH_b2qq_dr', 'ZH_lbb1qq_dr', 'ZH_lbb2qq_dr', 'l_b2_mtb', 'ZH_closeb_invM', 'n_ak8jets', 'n_ak4jets', 'n_ak8_ZHbb', 'outZH_max_ak8pnetMass', 'outZH_b12_m', 'outZH_b12_dr', 'ht_b', 'ht_outZH', 'ak4_bestb_inZH', 'ak4_worstb_inZH', 'nonZHbb_q1_dr', 'nonZHbb_b1_dr', 'inZHb_outZHb_dr', 'ZH_l_dr', 'ZH_l_invM', 'l_b1_invM', 'l_b2_invM', 'l_b1_dr', 'l_b2_dr', 'spher', 'aplan', 'n_b_inZH', 'n_q_inZH', 'n_b_outZH', 'n_q_outZH', 'ZH_bbvLscore'], flatten=True, store_size=True, fill_none=True, fill_value=-999.0, pos_start=None, pos_end=None)]}}
  - available weights variations: {'ttHTobb': ['pileup', 'nominal']} 
  - available shape variations: {'ttHTobb': []}
[INFO    ] Configurator instance:
  - Workflow: <class 'zhbbworkflow.ZHbbBaseProcessor'>
  - Workflow options: {}
  - N. datasets: 1 
   -- Dataset: ttHTobb_M125_M125_2017,  Sample: ttHTobb, N. files: 46, N. events: 7825000
  - Subsamples:
   -- Sample ttHTobb: StandardSelection ['ttHTobb'], (1 categories)
  - Skim: ['preSkimCut']
  - Preselection: ['eventSelection']
  - Categories: StandardSelection ['baseline', 'btag_mask'], (2 categories)
  - Variables:  ['mAK8', 'zhbbtag', 'zhbbtag_sorted', 'outZH_b1_pt']
  - Columns: {'ttHTobb': {'baseline': [ColOut(collection='events', columns=['process', 'matchedGen_ZHbb_bb', 'tt_type', 'outZH_b1_pt', 'outZH_b2_pt', 'outZH_b1_score', 'outZH_b2_score', 'outZH_q1_pt', 'outZH_q2_pt', 'outZH_q1_score', 'outZH_q2_score', 'outZH_b1_q_mindr', 'outZH_b2_q_mindr', 'outZH_q_q_dr_nearb1', 'outZH_q_q_dr_nearb2', 'outZH_qq_M_nearb1', 'outZH_qq_M_nearb2', 'outZH_b1_qq_dr', 'outZH_b2_qq_dr', 'outZH_b1qq_M', 'outZH_b2qq_M', 'ZH_b1qq_dr', 'ZH_b2qq_dr', 'ZH_lbb1qq_dr', 'ZH_lbb2qq_dr', 'l_b2_mtb', 'ZH_closeb_invM', 'n_ak8jets', 'n_ak4jets', 'n_ak8_ZHbb', 'outZH_max_ak8pnetMass', 'outZH_b12_m', 'outZH_b12_dr', 'ht_b', 'ht_outZH', 'ak4_bestb_inZH', 'ak4_worstb_inZH', 'nonZHbb_q1_dr', 'nonZHbb_b1_dr', 'inZHb_outZHb_dr', 'ZH_l_dr', 'ZH_l_invM', 'l_b1_invM', 'l_b2_invM', 'l_b1_dr', 'l_b2_dr', 'spher', 'aplan', 'n_b_inZH', 'n_q_inZH', 'n_b_outZH', 'n_q_outZH', 'ZH_bbvLscore'], flatten=True, store_size=True, fill_none=True, fill_value=-999.0, pos_start=None, pos_end=None)],
           'btag_mask': [ColOut(collection='events', columns=['process', 'matchedGen_ZHbb_bb', 'tt_type', 'outZH_b1_pt', 'outZH_b2_pt', 'outZH_b1_score', 'outZH_b2_score', 'outZH_q1_pt', 'outZH_q2_pt', 'outZH_q1_score', 'outZH_q2_score', 'outZH_b1_q_mindr', 'outZH_b2_q_mindr', 'outZH_q_q_dr_nearb1', 'outZH_q_q_dr_nearb2', 'outZH_qq_M_nearb1', 'outZH_qq_M_nearb2', 'outZH_b1_qq_dr', 'outZH_b2_qq_dr', 'outZH_b1qq_M', 'outZH_b2qq_M', 'ZH_b1qq_dr', 'ZH_b2qq_dr', 'ZH_lbb1qq_dr', 'ZH_lbb2qq_dr', 'l_b2_mtb', 'ZH_closeb_invM', 'n_ak8jets', 'n_ak4jets', 'n_ak8_ZHbb', 'outZH_max_ak8pnetMass', 'outZH_b12_m', 'outZH_b12_dr', 'ht_b', 'ht_outZH', 'ak4_bestb_inZH', 'ak4_worstb_inZH', 'nonZHbb_q1_dr', 'nonZHbb_b1_dr', 'inZHb_outZHb_dr', 'ZH_l_dr', 'ZH_l_invM', 'l_b1_invM', 'l_b2_invM', 'l_b1_dr', 'l_b2_dr', 'spher', 'aplan', 'n_b_inZH', 'n_q_inZH', 'n_b_outZH', 'n_q_outZH', 'ZH_bbvLscore'], flatten=True, store_size=True, fill_none=True, fill_value=-999.0, pos_start=None, pos_end=None)]}}
  - available weights variations: {'ttHTobb': ['nominal', 'pileup']} 
  - available shape variations: {'ttHTobb': []}
[INFO    ] Configurator instance:
  - Workflow: <class 'zhbbworkflow.ZHbbBaseProcessor'>
  - Workflow options: {}
  - N. datasets: 1 
   -- Dataset: ttHTobb_M125_M125_2017,  Sample: ttHTobb, N. files: 46, N. events: 7825000
  - Subsamples:
   -- Sample ttHTobb: StandardSelection ['ttHTobb'], (1 categories)
  - Skim: ['preSkimCut']
  - Preselection: ['eventSelection']
  - Categories: StandardSelection ['baseline', 'btag_mask'], (2 categories)
  - Variables:  ['mAK8', 'zhbbtag', 'zhbbtag_sorted', 'outZH_b1_pt']
  - Columns: {'ttHTobb': {'baseline': [ColOut(collection='events', columns=['process', 'matchedGen_ZHbb_bb', 'tt_type', 'outZH_b1_pt', 'outZH_b2_pt', 'outZH_b1_score', 'outZH_b2_score', 'outZH_q1_pt', 'outZH_q2_pt', 'outZH_q1_score', 'outZH_q2_score', 'outZH_b1_q_mindr', 'outZH_b2_q_mindr', 'outZH_q_q_dr_nearb1', 'outZH_q_q_dr_nearb2', 'outZH_qq_M_nearb1', 'outZH_qq_M_nearb2', 'outZH_b1_qq_dr', 'outZH_b2_qq_dr', 'outZH_b1qq_M', 'outZH_b2qq_M', 'ZH_b1qq_dr', 'ZH_b2qq_dr', 'ZH_lbb1qq_dr', 'ZH_lbb2qq_dr', 'l_b2_mtb', 'ZH_closeb_invM', 'n_ak8jets', 'n_ak4jets', 'n_ak8_ZHbb', 'outZH_max_ak8pnetMass', 'outZH_b12_m', 'outZH_b12_dr', 'ht_b', 'ht_outZH', 'ak4_bestb_inZH', 'ak4_worstb_inZH', 'nonZHbb_q1_dr', 'nonZHbb_b1_dr', 'inZHb_outZHb_dr', 'ZH_l_dr', 'ZH_l_invM', 'l_b1_invM', 'l_b2_invM', 'l_b1_dr', 'l_b2_dr', 'spher', 'aplan', 'n_b_inZH', 'n_q_inZH', 'n_b_outZH', 'n_q_outZH', 'ZH_bbvLscore'], flatten=True, store_size=True, fill_none=True, fill_value=-999.0, pos_start=None, pos_end=None)],
           'btag_mask': [ColOut(collection='events', columns=['process', 'matchedGen_ZHbb_bb', 'tt_type', 'outZH_b1_pt', 'outZH_b2_pt', 'outZH_b1_score', 'outZH_b2_score', 'outZH_q1_pt', 'outZH_q2_pt', 'outZH_q1_score', 'outZH_q2_score', 'outZH_b1_q_mindr', 'outZH_b2_q_mindr', 'outZH_q_q_dr_nearb1', 'outZH_q_q_dr_nearb2', 'outZH_qq_M_nearb1', 'outZH_qq_M_nearb2', 'outZH_b1_qq_dr', 'outZH_b2_qq_dr', 'outZH_b1qq_M', 'outZH_b2qq_M', 'ZH_b1qq_dr', 'ZH_b2qq_dr', 'ZH_lbb1qq_dr', 'ZH_lbb2qq_dr', 'l_b2_mtb', 'ZH_closeb_invM', 'n_ak8jets', 'n_ak4jets', 'n_ak8_ZHbb', 'outZH_max_ak8pnetMass', 'outZH_b12_m', 'outZH_b12_dr', 'ht_b', 'ht_outZH', 'ak4_bestb_inZH', 'ak4_worstb_inZH', 'nonZHbb_q1_dr', 'nonZHbb_b1_dr', 'inZHb_outZHb_dr', 'ZH_l_dr', 'ZH_l_invM', 'l_b1_invM', 'l_b2_invM', 'l_b1_dr', 'l_b2_dr', 'spher', 'aplan', 'n_b_inZH', 'n_q_inZH', 'n_b_outZH', 'n_q_outZH', 'ZH_bbvLscore'], flatten=True, store_size=True, fill_none=True, fill_value=-999.0, pos_start=None, pos_end=None)]}}
  - available weights variations: {'ttHTobb': ['pileup', 'nominal']} 
  - available shape variations: {'ttHTobb': []}
[INFO    ] Configurator instance:
  - Workflow: <class 'zhbbworkflow.ZHbbBaseProcessor'>
  - Workflow options: {}
  - N. datasets: 1 
   -- Dataset: ttHTobb_M125_M125_2017,  Sample: ttHTobb, N. files: 46, N. events: 7825000
  - Subsamples:
   -- Sample ttHTobb: StandardSelection ['ttHTobb'], (1 categories)
  - Skim: ['preSkimCut']
  - Preselection: ['eventSelection']
  - Categories: StandardSelection ['baseline', 'btag_mask'], (2 categories)
  - Variables:  ['mAK8', 'zhbbtag', 'zhbbtag_sorted', 'outZH_b1_pt']
  - Columns: {'ttHTobb': {'baseline': [ColOut(collection='events', columns=['process', 'matchedGen_ZHbb_bb', 'tt_type', 'outZH_b1_pt', 'outZH_b2_pt', 'outZH_b1_score', 'outZH_b2_score', 'outZH_q1_pt', 'outZH_q2_pt', 'outZH_q1_score', 'outZH_q2_score', 'outZH_b1_q_mindr', 'outZH_b2_q_mindr', 'outZH_q_q_dr_nearb1', 'outZH_q_q_dr_nearb2', 'outZH_qq_M_nearb1', 'outZH_qq_M_nearb2', 'outZH_b1_qq_dr', 'outZH_b2_qq_dr', 'outZH_b1qq_M', 'outZH_b2qq_M', 'ZH_b1qq_dr', 'ZH_b2qq_dr', 'ZH_lbb1qq_dr', 'ZH_lbb2qq_dr', 'l_b2_mtb', 'ZH_closeb_invM', 'n_ak8jets', 'n_ak4jets', 'n_ak8_ZHbb', 'outZH_max_ak8pnetMass', 'outZH_b12_m', 'outZH_b12_dr', 'ht_b', 'ht_outZH', 'ak4_bestb_inZH', 'ak4_worstb_inZH', 'nonZHbb_q1_dr', 'nonZHbb_b1_dr', 'inZHb_outZHb_dr', 'ZH_l_dr', 'ZH_l_invM', 'l_b1_invM', 'l_b2_invM', 'l_b1_dr', 'l_b2_dr', 'spher', 'aplan', 'n_b_inZH', 'n_q_inZH', 'n_b_outZH', 'n_q_outZH', 'ZH_bbvLscore'], flatten=True, store_size=True, fill_none=True, fill_value=-999.0, pos_start=None, pos_end=None)],
           'btag_mask': [ColOut(collection='events', columns=['process', 'matchedGen_ZHbb_bb', 'tt_type', 'outZH_b1_pt', 'outZH_b2_pt', 'outZH_b1_score', 'outZH_b2_score', 'outZH_q1_pt', 'outZH_q2_pt', 'outZH_q1_score', 'outZH_q2_score', 'outZH_b1_q_mindr', 'outZH_b2_q_mindr', 'outZH_q_q_dr_nearb1', 'outZH_q_q_dr_nearb2', 'outZH_qq_M_nearb1', 'outZH_qq_M_nearb2', 'outZH_b1_qq_dr', 'outZH_b2_qq_dr', 'outZH_b1qq_M', 'outZH_b2qq_M', 'ZH_b1qq_dr', 'ZH_b2qq_dr', 'ZH_lbb1qq_dr', 'ZH_lbb2qq_dr', 'l_b2_mtb', 'ZH_closeb_invM', 'n_ak8jets', 'n_ak4jets', 'n_ak8_ZHbb', 'outZH_max_ak8pnetMass', 'outZH_b12_m', 'outZH_b12_dr', 'ht_b', 'ht_outZH', 'ak4_bestb_inZH', 'ak4_worstb_inZH', 'nonZHbb_q1_dr', 'nonZHbb_b1_dr', 'inZHb_outZHb_dr', 'ZH_l_dr', 'ZH_l_invM', 'l_b1_invM', 'l_b2_invM', 'l_b1_dr', 'l_b2_dr', 'spher', 'aplan', 'n_b_inZH', 'n_q_inZH', 'n_b_outZH', 'n_q_outZH', 'ZH_bbvLscore'], flatten=True, store_size=True, fill_none=True, fill_value=-999.0, pos_start=None, pos_end=None)]}}
  - available weights variations: {'ttHTobb': ['pileup', 'nominal']} 
  - available shape variations: {'ttHTobb': []}
[INFO    ] Configurator instance:
  - Workflow: <class 'zhbbworkflow.ZHbbBaseProcessor'>
  - Workflow options: {}
  - N. datasets: 1 
   -- Dataset: ttHTobb_M125_M125_2017,  Sample: ttHTobb, N. files: 46, N. events: 7825000
  - Subsamples:
   -- Sample ttHTobb: StandardSelection ['ttHTobb'], (1 categories)
  - Skim: ['preSkimCut']
  - Preselection: ['eventSelection']
  - Categories: StandardSelection ['baseline', 'btag_mask'], (2 categories)
  - Variables:  ['mAK8', 'zhbbtag', 'zhbbtag_sorted', 'outZH_b1_pt']
  - Columns: {'ttHTobb': {'baseline': [ColOut(collection='events', columns=['process', 'matchedGen_ZHbb_bb', 'tt_type', 'outZH_b1_pt', 'outZH_b2_pt', 'outZH_b1_score', 'outZH_b2_score', 'outZH_q1_pt', 'outZH_q2_pt', 'outZH_q1_score', 'outZH_q2_score', 'outZH_b1_q_mindr', 'outZH_b2_q_mindr', 'outZH_q_q_dr_nearb1', 'outZH_q_q_dr_nearb2', 'outZH_qq_M_nearb1', 'outZH_qq_M_nearb2', 'outZH_b1_qq_dr', 'outZH_b2_qq_dr', 'outZH_b1qq_M', 'outZH_b2qq_M', 'ZH_b1qq_dr', 'ZH_b2qq_dr', 'ZH_lbb1qq_dr', 'ZH_lbb2qq_dr', 'l_b2_mtb', 'ZH_closeb_invM', 'n_ak8jets', 'n_ak4jets', 'n_ak8_ZHbb', 'outZH_max_ak8pnetMass', 'outZH_b12_m', 'outZH_b12_dr', 'ht_b', 'ht_outZH', 'ak4_bestb_inZH', 'ak4_worstb_inZH', 'nonZHbb_q1_dr', 'nonZHbb_b1_dr', 'inZHb_outZHb_dr', 'ZH_l_dr', 'ZH_l_invM', 'l_b1_invM', 'l_b2_invM', 'l_b1_dr', 'l_b2_dr', 'spher', 'aplan', 'n_b_inZH', 'n_q_inZH', 'n_b_outZH', 'n_q_outZH', 'ZH_bbvLscore'], flatten=True, store_size=True, fill_none=True, fill_value=-999.0, pos_start=None, pos_end=None)],
           'btag_mask': [ColOut(collection='events', columns=['process', 'matchedGen_ZHbb_bb', 'tt_type', 'outZH_b1_pt', 'outZH_b2_pt', 'outZH_b1_score', 'outZH_b2_score', 'outZH_q1_pt', 'outZH_q2_pt', 'outZH_q1_score', 'outZH_q2_score', 'outZH_b1_q_mindr', 'outZH_b2_q_mindr', 'outZH_q_q_dr_nearb1', 'outZH_q_q_dr_nearb2', 'outZH_qq_M_nearb1', 'outZH_qq_M_nearb2', 'outZH_b1_qq_dr', 'outZH_b2_qq_dr', 'outZH_b1qq_M', 'outZH_b2qq_M', 'ZH_b1qq_dr', 'ZH_b2qq_dr', 'ZH_lbb1qq_dr', 'ZH_lbb2qq_dr', 'l_b2_mtb', 'ZH_closeb_invM', 'n_ak8jets', 'n_ak4jets', 'n_ak8_ZHbb', 'outZH_max_ak8pnetMass', 'outZH_b12_m', 'outZH_b12_dr', 'ht_b', 'ht_outZH', 'ak4_bestb_inZH', 'ak4_worstb_inZH', 'nonZHbb_q1_dr', 'nonZHbb_b1_dr', 'inZHb_outZHb_dr', 'ZH_l_dr', 'ZH_l_invM', 'l_b1_invM', 'l_b2_invM', 'l_b1_dr', 'l_b2_dr', 'spher', 'aplan', 'n_b_inZH', 'n_q_inZH', 'n_b_outZH', 'n_q_outZH', 'ZH_bbvLscore'], flatten=True, store_size=True, fill_none=True, fill_value=-999.0, pos_start=None, pos_end=None)]}}
  - available weights variations: {'ttHTobb': ['nominal', 'pileup']} 
  - available shape variations: {'ttHTobb': []}
[INFO    ] Configurator instance:
  - Workflow: <class 'zhbbworkflow.ZHbbBaseProcessor'>
  - Workflow options: {}
  - N. datasets: 1 
   -- Dataset: ttHTobb_M125_M125_2017,  Sample: ttHTobb, N. files: 46, N. events: 7825000
  - Subsamples:
   -- Sample ttHTobb: StandardSelection ['ttHTobb'], (1 categories)
  - Skim: ['preSkimCut']
  - Preselection: ['eventSelection']
  - Categories: StandardSelection ['baseline', 'btag_mask'], (2 categories)
  - Variables:  ['mAK8', 'zhbbtag', 'zhbbtag_sorted', 'outZH_b1_pt']
  - Columns: {'ttHTobb': {'baseline': [ColOut(collection='events', columns=['process', 'matchedGen_ZHbb_bb', 'tt_type', 'outZH_b1_pt', 'outZH_b2_pt', 'outZH_b1_score', 'outZH_b2_score', 'outZH_q1_pt', 'outZH_q2_pt', 'outZH_q1_score', 'outZH_q2_score', 'outZH_b1_q_mindr', 'outZH_b2_q_mindr', 'outZH_q_q_dr_nearb1', 'outZH_q_q_dr_nearb2', 'outZH_qq_M_nearb1', 'outZH_qq_M_nearb2', 'outZH_b1_qq_dr', 'outZH_b2_qq_dr', 'outZH_b1qq_M', 'outZH_b2qq_M', 'ZH_b1qq_dr', 'ZH_b2qq_dr', 'ZH_lbb1qq_dr', 'ZH_lbb2qq_dr', 'l_b2_mtb', 'ZH_closeb_invM', 'n_ak8jets', 'n_ak4jets', 'n_ak8_ZHbb', 'outZH_max_ak8pnetMass', 'outZH_b12_m', 'outZH_b12_dr', 'ht_b', 'ht_outZH', 'ak4_bestb_inZH', 'ak4_worstb_inZH', 'nonZHbb_q1_dr', 'nonZHbb_b1_dr', 'inZHb_outZHb_dr', 'ZH_l_dr', 'ZH_l_invM', 'l_b1_invM', 'l_b2_invM', 'l_b1_dr', 'l_b2_dr', 'spher', 'aplan', 'n_b_inZH', 'n_q_inZH', 'n_b_outZH', 'n_q_outZH', 'ZH_bbvLscore'], flatten=True, store_size=True, fill_none=True, fill_value=-999.0, pos_start=None, pos_end=None)],
           'btag_mask': [ColOut(collection='events', columns=['process', 'matchedGen_ZHbb_bb', 'tt_type', 'outZH_b1_pt', 'outZH_b2_pt', 'outZH_b1_score', 'outZH_b2_score', 'outZH_q1_pt', 'outZH_q2_pt', 'outZH_q1_score', 'outZH_q2_score', 'outZH_b1_q_mindr', 'outZH_b2_q_mindr', 'outZH_q_q_dr_nearb1', 'outZH_q_q_dr_nearb2', 'outZH_qq_M_nearb1', 'outZH_qq_M_nearb2', 'outZH_b1_qq_dr', 'outZH_b2_qq_dr', 'outZH_b1qq_M', 'outZH_b2qq_M', 'ZH_b1qq_dr', 'ZH_b2qq_dr', 'ZH_lbb1qq_dr', 'ZH_lbb2qq_dr', 'l_b2_mtb', 'ZH_closeb_invM', 'n_ak8jets', 'n_ak4jets', 'n_ak8_ZHbb', 'outZH_max_ak8pnetMass', 'outZH_b12_m', 'outZH_b12_dr', 'ht_b', 'ht_outZH', 'ak4_bestb_inZH', 'ak4_worstb_inZH', 'nonZHbb_q1_dr', 'nonZHbb_b1_dr', 'inZHb_outZHb_dr', 'ZH_l_dr', 'ZH_l_invM', 'l_b1_invM', 'l_b2_invM', 'l_b1_dr', 'l_b2_dr', 'spher', 'aplan', 'n_b_inZH', 'n_q_inZH', 'n_b_outZH', 'n_q_outZH', 'ZH_bbvLscore'], flatten=True, store_size=True, fill_none=True, fill_value=-999.0, pos_start=None, pos_end=None)]}}
  - available weights variations: {'ttHTobb': ['pileup', 'nominal']} 
  - available shape variations: {'ttHTobb': []}
[INFO    ] Configurator instance:
  - Workflow: <class 'zhbbworkflow.ZHbbBaseProcessor'>
  - Workflow options: {}
  - N. datasets: 1 
   -- Dataset: ttHTobb_M125_M125_2017,  Sample: ttHTobb, N. files: 46, N. events: 7825000
  - Subsamples:
   -- Sample ttHTobb: StandardSelection ['ttHTobb'], (1 categories)
  - Skim: ['preSkimCut']
  - Preselection: ['eventSelection']
  - Categories: StandardSelection ['baseline', 'btag_mask'], (2 categories)
  - Variables:  ['mAK8', 'zhbbtag', 'zhbbtag_sorted', 'outZH_b1_pt']
  - Columns: {'ttHTobb': {'baseline': [ColOut(collection='events', columns=['process', 'matchedGen_ZHbb_bb', 'tt_type', 'outZH_b1_pt', 'outZH_b2_pt', 'outZH_b1_score', 'outZH_b2_score', 'outZH_q1_pt', 'outZH_q2_pt', 'outZH_q1_score', 'outZH_q2_score', 'outZH_b1_q_mindr', 'outZH_b2_q_mindr', 'outZH_q_q_dr_nearb1', 'outZH_q_q_dr_nearb2', 'outZH_qq_M_nearb1', 'outZH_qq_M_nearb2', 'outZH_b1_qq_dr', 'outZH_b2_qq_dr', 'outZH_b1qq_M', 'outZH_b2qq_M', 'ZH_b1qq_dr', 'ZH_b2qq_dr', 'ZH_lbb1qq_dr', 'ZH_lbb2qq_dr', 'l_b2_mtb', 'ZH_closeb_invM', 'n_ak8jets', 'n_ak4jets', 'n_ak8_ZHbb', 'outZH_max_ak8pnetMass', 'outZH_b12_m', 'outZH_b12_dr', 'ht_b', 'ht_outZH', 'ak4_bestb_inZH', 'ak4_worstb_inZH', 'nonZHbb_q1_dr', 'nonZHbb_b1_dr', 'inZHb_outZHb_dr', 'ZH_l_dr', 'ZH_l_invM', 'l_b1_invM', 'l_b2_invM', 'l_b1_dr', 'l_b2_dr', 'spher', 'aplan', 'n_b_inZH', 'n_q_inZH', 'n_b_outZH', 'n_q_outZH', 'ZH_bbvLscore'], flatten=True, store_size=True, fill_none=True, fill_value=-999.0, pos_start=None, pos_end=None)],
           'btag_mask': [ColOut(collection='events', columns=['process', 'matchedGen_ZHbb_bb', 'tt_type', 'outZH_b1_pt', 'outZH_b2_pt', 'outZH_b1_score', 'outZH_b2_score', 'outZH_q1_pt', 'outZH_q2_pt', 'outZH_q1_score', 'outZH_q2_score', 'outZH_b1_q_mindr', 'outZH_b2_q_mindr', 'outZH_q_q_dr_nearb1', 'outZH_q_q_dr_nearb2', 'outZH_qq_M_nearb1', 'outZH_qq_M_nearb2', 'outZH_b1_qq_dr', 'outZH_b2_qq_dr', 'outZH_b1qq_M', 'outZH_b2qq_M', 'ZH_b1qq_dr', 'ZH_b2qq_dr', 'ZH_lbb1qq_dr', 'ZH_lbb2qq_dr', 'l_b2_mtb', 'ZH_closeb_invM', 'n_ak8jets', 'n_ak4jets', 'n_ak8_ZHbb', 'outZH_max_ak8pnetMass', 'outZH_b12_m', 'outZH_b12_dr', 'ht_b', 'ht_outZH', 'ak4_bestb_inZH', 'ak4_worstb_inZH', 'nonZHbb_q1_dr', 'nonZHbb_b1_dr', 'inZHb_outZHb_dr', 'ZH_l_dr', 'ZH_l_invM', 'l_b1_invM', 'l_b2_invM', 'l_b1_dr', 'l_b2_dr', 'spher', 'aplan', 'n_b_inZH', 'n_q_inZH', 'n_b_outZH', 'n_q_outZH', 'ZH_bbvLscore'], flatten=True, store_size=True, fill_none=True, fill_value=-999.0, pos_start=None, pos_end=None)]}}
  - available weights variations: {'ttHTobb': ['nominal', 'pileup']} 
  - available shape variations: {'ttHTobb': []}
[INFO    ] Configurator instance:
  - Workflow: <class 'zhbbworkflow.ZHbbBaseProcessor'>
  - Workflow options: {}
  - N. datasets: 1 
   -- Dataset: ttHTobb_M125_M125_2017,  Sample: ttHTobb, N. files: 46, N. events: 7825000
  - Subsamples:
   -- Sample ttHTobb: StandardSelection ['ttHTobb'], (1 categories)
  - Skim: ['preSkimCut']
  - Preselection: ['eventSelection']
  - Categories: StandardSelection ['baseline', 'btag_mask'], (2 categories)
  - Variables:  ['mAK8', 'zhbbtag', 'zhbbtag_sorted', 'outZH_b1_pt']
  - Columns: {'ttHTobb': {'baseline': [ColOut(collection='events', columns=['process', 'matchedGen_ZHbb_bb', 'tt_type', 'outZH_b1_pt', 'outZH_b2_pt', 'outZH_b1_score', 'outZH_b2_score', 'outZH_q1_pt', 'outZH_q2_pt', 'outZH_q1_score', 'outZH_q2_score', 'outZH_b1_q_mindr', 'outZH_b2_q_mindr', 'outZH_q_q_dr_nearb1', 'outZH_q_q_dr_nearb2', 'outZH_qq_M_nearb1', 'outZH_qq_M_nearb2', 'outZH_b1_qq_dr', 'outZH_b2_qq_dr', 'outZH_b1qq_M', 'outZH_b2qq_M', 'ZH_b1qq_dr', 'ZH_b2qq_dr', 'ZH_lbb1qq_dr', 'ZH_lbb2qq_dr', 'l_b2_mtb', 'ZH_closeb_invM', 'n_ak8jets', 'n_ak4jets', 'n_ak8_ZHbb', 'outZH_max_ak8pnetMass', 'outZH_b12_m', 'outZH_b12_dr', 'ht_b', 'ht_outZH', 'ak4_bestb_inZH', 'ak4_worstb_inZH', 'nonZHbb_q1_dr', 'nonZHbb_b1_dr', 'inZHb_outZHb_dr', 'ZH_l_dr', 'ZH_l_invM', 'l_b1_invM', 'l_b2_invM', 'l_b1_dr', 'l_b2_dr', 'spher', 'aplan', 'n_b_inZH', 'n_q_inZH', 'n_b_outZH', 'n_q_outZH', 'ZH_bbvLscore'], flatten=True, store_size=True, fill_none=True, fill_value=-999.0, pos_start=None, pos_end=None)],
           'btag_mask': [ColOut(collection='events', columns=['process', 'matchedGen_ZHbb_bb', 'tt_type', 'outZH_b1_pt', 'outZH_b2_pt', 'outZH_b1_score', 'outZH_b2_score', 'outZH_q1_pt', 'outZH_q2_pt', 'outZH_q1_score', 'outZH_q2_score', 'outZH_b1_q_mindr', 'outZH_b2_q_mindr', 'outZH_q_q_dr_nearb1', 'outZH_q_q_dr_nearb2', 'outZH_qq_M_nearb1', 'outZH_qq_M_nearb2', 'outZH_b1_qq_dr', 'outZH_b2_qq_dr', 'outZH_b1qq_M', 'outZH_b2qq_M', 'ZH_b1qq_dr', 'ZH_b2qq_dr', 'ZH_lbb1qq_dr', 'ZH_lbb2qq_dr', 'l_b2_mtb', 'ZH_closeb_invM', 'n_ak8jets', 'n_ak4jets', 'n_ak8_ZHbb', 'outZH_max_ak8pnetMass', 'outZH_b12_m', 'outZH_b12_dr', 'ht_b', 'ht_outZH', 'ak4_bestb_inZH', 'ak4_worstb_inZH', 'nonZHbb_q1_dr', 'nonZHbb_b1_dr', 'inZHb_outZHb_dr', 'ZH_l_dr', 'ZH_l_invM', 'l_b1_invM', 'l_b2_invM', 'l_b1_dr', 'l_b2_dr', 'spher', 'aplan', 'n_b_inZH', 'n_q_inZH', 'n_b_outZH', 'n_q_outZH', 'ZH_bbvLscore'], flatten=True, store_size=True, fill_none=True, fill_value=-999.0, pos_start=None, pos_end=None)]}}
  - available weights variations: {'ttHTobb': ['pileup', 'nominal']} 
  - available shape variations: {'ttHTobb': []}
[INFO    ] Configurator instance:
  - Workflow: <class 'zhbbworkflow.ZHbbBaseProcessor'>
  - Workflow options: {}
  - N. datasets: 1 
   -- Dataset: ttHTobb_M125_M125_2017,  Sample: ttHTobb, N. files: 46, N. events: 7825000
  - Subsamples:
   -- Sample ttHTobb: StandardSelection ['ttHTobb'], (1 categories)
  - Skim: ['preSkimCut']
  - Preselection: ['eventSelection']
  - Categories: StandardSelection ['baseline', 'btag_mask'], (2 categories)
  - Variables:  ['mAK8', 'zhbbtag', 'zhbbtag_sorted', 'outZH_b1_pt']
  - Columns: {'ttHTobb': {'baseline': [ColOut(collection='events', columns=['process', 'matchedGen_ZHbb_bb', 'tt_type', 'outZH_b1_pt', 'outZH_b2_pt', 'outZH_b1_score', 'outZH_b2_score', 'outZH_q1_pt', 'outZH_q2_pt', 'outZH_q1_score', 'outZH_q2_score', 'outZH_b1_q_mindr', 'outZH_b2_q_mindr', 'outZH_q_q_dr_nearb1', 'outZH_q_q_dr_nearb2', 'outZH_qq_M_nearb1', 'outZH_qq_M_nearb2', 'outZH_b1_qq_dr', 'outZH_b2_qq_dr', 'outZH_b1qq_M', 'outZH_b2qq_M', 'ZH_b1qq_dr', 'ZH_b2qq_dr', 'ZH_lbb1qq_dr', 'ZH_lbb2qq_dr', 'l_b2_mtb', 'ZH_closeb_invM', 'n_ak8jets', 'n_ak4jets', 'n_ak8_ZHbb', 'outZH_max_ak8pnetMass', 'outZH_b12_m', 'outZH_b12_dr', 'ht_b', 'ht_outZH', 'ak4_bestb_inZH', 'ak4_worstb_inZH', 'nonZHbb_q1_dr', 'nonZHbb_b1_dr', 'inZHb_outZHb_dr', 'ZH_l_dr', 'ZH_l_invM', 'l_b1_invM', 'l_b2_invM', 'l_b1_dr', 'l_b2_dr', 'spher', 'aplan', 'n_b_inZH', 'n_q_inZH', 'n_b_outZH', 'n_q_outZH', 'ZH_bbvLscore'], flatten=True, store_size=True, fill_none=True, fill_value=-999.0, pos_start=None, pos_end=None)],
           'btag_mask': [ColOut(collection='events', columns=['process', 'matchedGen_ZHbb_bb', 'tt_type', 'outZH_b1_pt', 'outZH_b2_pt', 'outZH_b1_score', 'outZH_b2_score', 'outZH_q1_pt', 'outZH_q2_pt', 'outZH_q1_score', 'outZH_q2_score', 'outZH_b1_q_mindr', 'outZH_b2_q_mindr', 'outZH_q_q_dr_nearb1', 'outZH_q_q_dr_nearb2', 'outZH_qq_M_nearb1', 'outZH_qq_M_nearb2', 'outZH_b1_qq_dr', 'outZH_b2_qq_dr', 'outZH_b1qq_M', 'outZH_b2qq_M', 'ZH_b1qq_dr', 'ZH_b2qq_dr', 'ZH_lbb1qq_dr', 'ZH_lbb2qq_dr', 'l_b2_mtb', 'ZH_closeb_invM', 'n_ak8jets', 'n_ak4jets', 'n_ak8_ZHbb', 'outZH_max_ak8pnetMass', 'outZH_b12_m', 'outZH_b12_dr', 'ht_b', 'ht_outZH', 'ak4_bestb_inZH', 'ak4_worstb_inZH', 'nonZHbb_q1_dr', 'nonZHbb_b1_dr', 'inZHb_outZHb_dr', 'ZH_l_dr', 'ZH_l_invM', 'l_b1_invM', 'l_b2_invM', 'l_b1_dr', 'l_b2_dr', 'spher', 'aplan', 'n_b_inZH', 'n_q_inZH', 'n_b_outZH', 'n_q_outZH', 'ZH_bbvLscore'], flatten=True, store_size=True, fill_none=True, fill_value=-999.0, pos_start=None, pos_end=None)]}}
  - available weights variations: {'ttHTobb': ['nominal', 'pileup']} 
  - available shape variations: {'ttHTobb': []}
[INFO    ] Configurator instance:
  - Workflow: <class 'zhbbworkflow.ZHbbBaseProcessor'>
  - Workflow options: {}
  - N. datasets: 1 
   -- Dataset: ttHTobb_M125_M125_2017,  Sample: ttHTobb, N. files: 46, N. events: 7825000
  - Subsamples:
   -- Sample ttHTobb: StandardSelection ['ttHTobb'], (1 categories)
  - Skim: ['preSkimCut']
  - Preselection: ['eventSelection']
  - Categories: StandardSelection ['baseline', 'btag_mask'], (2 categories)
  - Variables:  ['mAK8', 'zhbbtag', 'zhbbtag_sorted', 'outZH_b1_pt']
  - Columns: {'ttHTobb': {'baseline': [ColOut(collection='events', columns=['process', 'matchedGen_ZHbb_bb', 'tt_type', 'outZH_b1_pt', 'outZH_b2_pt', 'outZH_b1_score', 'outZH_b2_score', 'outZH_q1_pt', 'outZH_q2_pt', 'outZH_q1_score', 'outZH_q2_score', 'outZH_b1_q_mindr', 'outZH_b2_q_mindr', 'outZH_q_q_dr_nearb1', 'outZH_q_q_dr_nearb2', 'outZH_qq_M_nearb1', 'outZH_qq_M_nearb2', 'outZH_b1_qq_dr', 'outZH_b2_qq_dr', 'outZH_b1qq_M', 'outZH_b2qq_M', 'ZH_b1qq_dr', 'ZH_b2qq_dr', 'ZH_lbb1qq_dr', 'ZH_lbb2qq_dr', 'l_b2_mtb', 'ZH_closeb_invM', 'n_ak8jets', 'n_ak4jets', 'n_ak8_ZHbb', 'outZH_max_ak8pnetMass', 'outZH_b12_m', 'outZH_b12_dr', 'ht_b', 'ht_outZH', 'ak4_bestb_inZH', 'ak4_worstb_inZH', 'nonZHbb_q1_dr', 'nonZHbb_b1_dr', 'inZHb_outZHb_dr', 'ZH_l_dr', 'ZH_l_invM', 'l_b1_invM', 'l_b2_invM', 'l_b1_dr', 'l_b2_dr', 'spher', 'aplan', 'n_b_inZH', 'n_q_inZH', 'n_b_outZH', 'n_q_outZH', 'ZH_bbvLscore'], flatten=True, store_size=True, fill_none=True, fill_value=-999.0, pos_start=None, pos_end=None)],
           'btag_mask': [ColOut(collection='events', columns=['process', 'matchedGen_ZHbb_bb', 'tt_type', 'outZH_b1_pt', 'outZH_b2_pt', 'outZH_b1_score', 'outZH_b2_score', 'outZH_q1_pt', 'outZH_q2_pt', 'outZH_q1_score', 'outZH_q2_score', 'outZH_b1_q_mindr', 'outZH_b2_q_mindr', 'outZH_q_q_dr_nearb1', 'outZH_q_q_dr_nearb2', 'outZH_qq_M_nearb1', 'outZH_qq_M_nearb2', 'outZH_b1_qq_dr', 'outZH_b2_qq_dr', 'outZH_b1qq_M', 'outZH_b2qq_M', 'ZH_b1qq_dr', 'ZH_b2qq_dr', 'ZH_lbb1qq_dr', 'ZH_lbb2qq_dr', 'l_b2_mtb', 'ZH_closeb_invM', 'n_ak8jets', 'n_ak4jets', 'n_ak8_ZHbb', 'outZH_max_ak8pnetMass', 'outZH_b12_m', 'outZH_b12_dr', 'ht_b', 'ht_outZH', 'ak4_bestb_inZH', 'ak4_worstb_inZH', 'nonZHbb_q1_dr', 'nonZHbb_b1_dr', 'inZHb_outZHb_dr', 'ZH_l_dr', 'ZH_l_invM', 'l_b1_invM', 'l_b2_invM', 'l_b1_dr', 'l_b2_dr', 'spher', 'aplan', 'n_b_inZH', 'n_q_inZH', 'n_b_outZH', 'n_q_outZH', 'ZH_bbvLscore'], flatten=True, store_size=True, fill_none=True, fill_value=-999.0, pos_start=None, pos_end=None)]}}
  - available weights variations: {'ttHTobb': ['nominal', 'pileup']} 
  - available shape variations: {'ttHTobb': []}
[INFO    ] Configurator instance:
  - Workflow: <class 'zhbbworkflow.ZHbbBaseProcessor'>
  - Workflow options: {}
  - N. datasets: 1 
   -- Dataset: ttHTobb_M125_M125_2017,  Sample: ttHTobb, N. files: 46, N. events: 7825000
  - Subsamples:
   -- Sample ttHTobb: StandardSelection ['ttHTobb'], (1 categories)
  - Skim: ['preSkimCut']
  - Preselection: ['eventSelection']
  - Categories: StandardSelection ['baseline', 'btag_mask', 'veto'], (3 categories)
  - Variables:  ['mAK8', 'zhbbtag', 'zhbbtag_sorted', 'outZH_b1_pt']
  - Columns: {'ttHTobb': {'baseline': [ColOut(collection='events', columns=['process', 'matchedGen_ZHbb_bb', 'tt_type', 'outZH_b1_pt', 'outZH_b2_pt', 'outZH_b1_score', 'outZH_b2_score', 'outZH_q1_pt', 'outZH_q2_pt', 'outZH_q1_score', 'outZH_q2_score', 'outZH_b1_q_mindr', 'outZH_b2_q_mindr', 'outZH_q_q_dr_nearb1', 'outZH_q_q_dr_nearb2', 'outZH_qq_M_nearb1', 'outZH_qq_M_nearb2', 'outZH_b1_qq_dr', 'outZH_b2_qq_dr', 'outZH_b1qq_M', 'outZH_b2qq_M', 'ZH_b1qq_dr', 'ZH_b2qq_dr', 'ZH_lbb1qq_dr', 'ZH_lbb2qq_dr', 'l_b2_mtb', 'ZH_closeb_invM', 'n_ak8jets', 'n_ak4jets', 'n_ak8_ZHbb', 'outZH_max_ak8pnetMass', 'outZH_b12_m', 'outZH_b12_dr', 'ht_b', 'ht_outZH', 'ak4_bestb_inZH', 'ak4_worstb_inZH', 'nonZHbb_q1_dr', 'nonZHbb_b1_dr', 'inZHb_outZHb_dr', 'ZH_l_dr', 'ZH_l_invM', 'l_b1_invM', 'l_b2_invM', 'l_b1_dr', 'l_b2_dr', 'spher', 'aplan', 'n_b_inZH', 'n_q_inZH', 'n_b_outZH', 'n_q_outZH', 'ZH_bbvLscore'], flatten=True, store_size=True, fill_none=True, fill_value=-999.0, pos_start=None, pos_end=None)],
           'btag_mask': [ColOut(collection='events', columns=['process', 'matchedGen_ZHbb_bb', 'tt_type', 'outZH_b1_pt', 'outZH_b2_pt', 'outZH_b1_score', 'outZH_b2_score', 'outZH_q1_pt', 'outZH_q2_pt', 'outZH_q1_score', 'outZH_q2_score', 'outZH_b1_q_mindr', 'outZH_b2_q_mindr', 'outZH_q_q_dr_nearb1', 'outZH_q_q_dr_nearb2', 'outZH_qq_M_nearb1', 'outZH_qq_M_nearb2', 'outZH_b1_qq_dr', 'outZH_b2_qq_dr', 'outZH_b1qq_M', 'outZH_b2qq_M', 'ZH_b1qq_dr', 'ZH_b2qq_dr', 'ZH_lbb1qq_dr', 'ZH_lbb2qq_dr', 'l_b2_mtb', 'ZH_closeb_invM', 'n_ak8jets', 'n_ak4jets', 'n_ak8_ZHbb', 'outZH_max_ak8pnetMass', 'outZH_b12_m', 'outZH_b12_dr', 'ht_b', 'ht_outZH', 'ak4_bestb_inZH', 'ak4_worstb_inZH', 'nonZHbb_q1_dr', 'nonZHbb_b1_dr', 'inZHb_outZHb_dr', 'ZH_l_dr', 'ZH_l_invM', 'l_b1_invM', 'l_b2_invM', 'l_b1_dr', 'l_b2_dr', 'spher', 'aplan', 'n_b_inZH', 'n_q_inZH', 'n_b_outZH', 'n_q_outZH', 'ZH_bbvLscore'], flatten=True, store_size=True, fill_none=True, fill_value=-999.0, pos_start=None, pos_end=None)],
           'veto': [ColOut(collection='events', columns=['process', 'matchedGen_ZHbb_bb', 'tt_type', 'outZH_b1_pt', 'outZH_b2_pt', 'outZH_b1_score', 'outZH_b2_score', 'outZH_q1_pt', 'outZH_q2_pt', 'outZH_q1_score', 'outZH_q2_score', 'outZH_b1_q_mindr', 'outZH_b2_q_mindr', 'outZH_q_q_dr_nearb1', 'outZH_q_q_dr_nearb2', 'outZH_qq_M_nearb1', 'outZH_qq_M_nearb2', 'outZH_b1_qq_dr', 'outZH_b2_qq_dr', 'outZH_b1qq_M', 'outZH_b2qq_M', 'ZH_b1qq_dr', 'ZH_b2qq_dr', 'ZH_lbb1qq_dr', 'ZH_lbb2qq_dr', 'l_b2_mtb', 'ZH_closeb_invM', 'n_ak8jets', 'n_ak4jets', 'n_ak8_ZHbb', 'outZH_max_ak8pnetMass', 'outZH_b12_m', 'outZH_b12_dr', 'ht_b', 'ht_outZH', 'ak4_bestb_inZH', 'ak4_worstb_inZH', 'nonZHbb_q1_dr', 'nonZHbb_b1_dr', 'inZHb_outZHb_dr', 'ZH_l_dr', 'ZH_l_invM', 'l_b1_invM', 'l_b2_invM', 'l_b1_dr', 'l_b2_dr', 'spher', 'aplan', 'n_b_inZH', 'n_q_inZH', 'n_b_outZH', 'n_q_outZH', 'ZH_bbvLscore'], flatten=True, store_size=True, fill_none=True, fill_value=-999.0, pos_start=None, pos_end=None)]}}
  - available weights variations: {'ttHTobb': ['nominal', 'pileup']} 
  - available shape variations: {'ttHTobb': []}
[INFO    ] Configurator instance:
  - Workflow: <class 'zhbbworkflow.ZHbbBaseProcessor'>
  - Workflow options: {}
  - N. datasets: 1 
   -- Dataset: ttHTobb_M125_M125_2017,  Sample: ttHTobb, N. files: 46, N. events: 7825000
  - Subsamples:
   -- Sample ttHTobb: StandardSelection ['ttHTobb'], (1 categories)
  - Skim: ['preSkimCut']
  - Preselection: ['eventSelection']
  - Categories: StandardSelection ['baseline', 'btag_mask', 'veto'], (3 categories)
  - Variables:  ['mAK8', 'zhbbtag', 'zhbbtag_sorted', 'outZH_b1_pt']
  - Columns: {'ttHTobb': {'baseline': [ColOut(collection='events', columns=['process', 'matchedGen_ZHbb_bb', 'tt_type', 'outZH_b1_pt', 'outZH_b2_pt', 'outZH_b1_score', 'outZH_b2_score', 'outZH_q1_pt', 'outZH_q2_pt', 'outZH_q1_score', 'outZH_q2_score', 'outZH_b1_q_mindr', 'outZH_b2_q_mindr', 'outZH_q_q_dr_nearb1', 'outZH_q_q_dr_nearb2', 'outZH_qq_M_nearb1', 'outZH_qq_M_nearb2', 'outZH_b1_qq_dr', 'outZH_b2_qq_dr', 'outZH_b1qq_M', 'outZH_b2qq_M', 'ZH_b1qq_dr', 'ZH_b2qq_dr', 'ZH_lbb1qq_dr', 'ZH_lbb2qq_dr', 'l_b2_mtb', 'ZH_closeb_invM', 'n_ak8jets', 'n_ak4jets', 'n_ak8_ZHbb', 'outZH_max_ak8pnetMass', 'outZH_b12_m', 'outZH_b12_dr', 'ht_b', 'ht_outZH', 'ak4_bestb_inZH', 'ak4_worstb_inZH', 'nonZHbb_q1_dr', 'nonZHbb_b1_dr', 'inZHb_outZHb_dr', 'ZH_l_dr', 'ZH_l_invM', 'l_b1_invM', 'l_b2_invM', 'l_b1_dr', 'l_b2_dr', 'spher', 'aplan', 'n_b_inZH', 'n_q_inZH', 'n_b_outZH', 'n_q_outZH', 'ZH_bbvLscore'], flatten=True, store_size=True, fill_none=True, fill_value=-999.0, pos_start=None, pos_end=None)],
           'btag_mask': [ColOut(collection='events', columns=['process', 'matchedGen_ZHbb_bb', 'tt_type', 'outZH_b1_pt', 'outZH_b2_pt', 'outZH_b1_score', 'outZH_b2_score', 'outZH_q1_pt', 'outZH_q2_pt', 'outZH_q1_score', 'outZH_q2_score', 'outZH_b1_q_mindr', 'outZH_b2_q_mindr', 'outZH_q_q_dr_nearb1', 'outZH_q_q_dr_nearb2', 'outZH_qq_M_nearb1', 'outZH_qq_M_nearb2', 'outZH_b1_qq_dr', 'outZH_b2_qq_dr', 'outZH_b1qq_M', 'outZH_b2qq_M', 'ZH_b1qq_dr', 'ZH_b2qq_dr', 'ZH_lbb1qq_dr', 'ZH_lbb2qq_dr', 'l_b2_mtb', 'ZH_closeb_invM', 'n_ak8jets', 'n_ak4jets', 'n_ak8_ZHbb', 'outZH_max_ak8pnetMass', 'outZH_b12_m', 'outZH_b12_dr', 'ht_b', 'ht_outZH', 'ak4_bestb_inZH', 'ak4_worstb_inZH', 'nonZHbb_q1_dr', 'nonZHbb_b1_dr', 'inZHb_outZHb_dr', 'ZH_l_dr', 'ZH_l_invM', 'l_b1_invM', 'l_b2_invM', 'l_b1_dr', 'l_b2_dr', 'spher', 'aplan', 'n_b_inZH', 'n_q_inZH', 'n_b_outZH', 'n_q_outZH', 'ZH_bbvLscore'], flatten=True, store_size=True, fill_none=True, fill_value=-999.0, pos_start=None, pos_end=None)],
           'veto': [ColOut(collection='events', columns=['process', 'matchedGen_ZHbb_bb', 'tt_type', 'outZH_b1_pt', 'outZH_b2_pt', 'outZH_b1_score', 'outZH_b2_score', 'outZH_q1_pt', 'outZH_q2_pt', 'outZH_q1_score', 'outZH_q2_score', 'outZH_b1_q_mindr', 'outZH_b2_q_mindr', 'outZH_q_q_dr_nearb1', 'outZH_q_q_dr_nearb2', 'outZH_qq_M_nearb1', 'outZH_qq_M_nearb2', 'outZH_b1_qq_dr', 'outZH_b2_qq_dr', 'outZH_b1qq_M', 'outZH_b2qq_M', 'ZH_b1qq_dr', 'ZH_b2qq_dr', 'ZH_lbb1qq_dr', 'ZH_lbb2qq_dr', 'l_b2_mtb', 'ZH_closeb_invM', 'n_ak8jets', 'n_ak4jets', 'n_ak8_ZHbb', 'outZH_max_ak8pnetMass', 'outZH_b12_m', 'outZH_b12_dr', 'ht_b', 'ht_outZH', 'ak4_bestb_inZH', 'ak4_worstb_inZH', 'nonZHbb_q1_dr', 'nonZHbb_b1_dr', 'inZHb_outZHb_dr', 'ZH_l_dr', 'ZH_l_invM', 'l_b1_invM', 'l_b2_invM', 'l_b1_dr', 'l_b2_dr', 'spher', 'aplan', 'n_b_inZH', 'n_q_inZH', 'n_b_outZH', 'n_q_outZH', 'ZH_bbvLscore'], flatten=True, store_size=True, fill_none=True, fill_value=-999.0, pos_start=None, pos_end=None)]}}
  - available weights variations: {'ttHTobb': ['nominal', 'pileup']} 
  - available shape variations: {'ttHTobb': []}
[INFO    ] Configurator instance:
  - Workflow: <class 'zhbbworkflow.ZHbbBaseProcessor'>
  - Workflow options: {}
  - N. datasets: 1 
   -- Dataset: ttHTobb_M125_M125_2017,  Sample: ttHTobb, N. files: 46, N. events: 7825000
  - Subsamples:
   -- Sample ttHTobb: StandardSelection ['ttHTobb'], (1 categories)
  - Skim: ['preSkimCut']
  - Preselection: ['eventSelection']
  - Categories: StandardSelection ['baseline', 'btag_mask', 'veto'], (3 categories)
  - Variables:  ['mAK8', 'zhbbtag', 'zhbbtag_sorted', 'outZH_b1_pt']
  - Columns: {'ttHTobb': {'baseline': [ColOut(collection='events', columns=['process', 'matchedGen_ZHbb_bb', 'tt_type', 'outZH_b1_pt', 'outZH_b2_pt', 'outZH_b1_score', 'outZH_b2_score', 'outZH_q1_pt', 'outZH_q2_pt', 'outZH_q1_score', 'outZH_q2_score', 'outZH_b1_q_mindr', 'outZH_b2_q_mindr', 'outZH_q_q_dr_nearb1', 'outZH_q_q_dr_nearb2', 'outZH_qq_M_nearb1', 'outZH_qq_M_nearb2', 'outZH_b1_qq_dr', 'outZH_b2_qq_dr', 'outZH_b1qq_M', 'outZH_b2qq_M', 'ZH_b1qq_dr', 'ZH_b2qq_dr', 'ZH_lbb1qq_dr', 'ZH_lbb2qq_dr', 'l_b2_mtb', 'ZH_closeb_invM', 'n_ak8jets', 'n_ak4jets', 'n_ak8_ZHbb', 'outZH_max_ak8pnetMass', 'outZH_b12_m', 'outZH_b12_dr', 'ht_b', 'ht_outZH', 'ak4_bestb_inZH', 'ak4_worstb_inZH', 'nonZHbb_q1_dr', 'nonZHbb_b1_dr', 'inZHb_outZHb_dr', 'ZH_l_dr', 'ZH_l_invM', 'l_b1_invM', 'l_b2_invM', 'l_b1_dr', 'l_b2_dr', 'spher', 'aplan', 'n_b_inZH', 'n_q_inZH', 'n_b_outZH', 'n_q_outZH', 'ZH_bbvLscore'], flatten=True, store_size=True, fill_none=True, fill_value=-999.0, pos_start=None, pos_end=None)],
           'btag_mask': [ColOut(collection='events', columns=['process', 'matchedGen_ZHbb_bb', 'tt_type', 'outZH_b1_pt', 'outZH_b2_pt', 'outZH_b1_score', 'outZH_b2_score', 'outZH_q1_pt', 'outZH_q2_pt', 'outZH_q1_score', 'outZH_q2_score', 'outZH_b1_q_mindr', 'outZH_b2_q_mindr', 'outZH_q_q_dr_nearb1', 'outZH_q_q_dr_nearb2', 'outZH_qq_M_nearb1', 'outZH_qq_M_nearb2', 'outZH_b1_qq_dr', 'outZH_b2_qq_dr', 'outZH_b1qq_M', 'outZH_b2qq_M', 'ZH_b1qq_dr', 'ZH_b2qq_dr', 'ZH_lbb1qq_dr', 'ZH_lbb2qq_dr', 'l_b2_mtb', 'ZH_closeb_invM', 'n_ak8jets', 'n_ak4jets', 'n_ak8_ZHbb', 'outZH_max_ak8pnetMass', 'outZH_b12_m', 'outZH_b12_dr', 'ht_b', 'ht_outZH', 'ak4_bestb_inZH', 'ak4_worstb_inZH', 'nonZHbb_q1_dr', 'nonZHbb_b1_dr', 'inZHb_outZHb_dr', 'ZH_l_dr', 'ZH_l_invM', 'l_b1_invM', 'l_b2_invM', 'l_b1_dr', 'l_b2_dr', 'spher', 'aplan', 'n_b_inZH', 'n_q_inZH', 'n_b_outZH', 'n_q_outZH', 'ZH_bbvLscore'], flatten=True, store_size=True, fill_none=True, fill_value=-999.0, pos_start=None, pos_end=None)],
           'veto': [ColOut(collection='events', columns=['process', 'matchedGen_ZHbb_bb', 'tt_type', 'outZH_b1_pt', 'outZH_b2_pt', 'outZH_b1_score', 'outZH_b2_score', 'outZH_q1_pt', 'outZH_q2_pt', 'outZH_q1_score', 'outZH_q2_score', 'outZH_b1_q_mindr', 'outZH_b2_q_mindr', 'outZH_q_q_dr_nearb1', 'outZH_q_q_dr_nearb2', 'outZH_qq_M_nearb1', 'outZH_qq_M_nearb2', 'outZH_b1_qq_dr', 'outZH_b2_qq_dr', 'outZH_b1qq_M', 'outZH_b2qq_M', 'ZH_b1qq_dr', 'ZH_b2qq_dr', 'ZH_lbb1qq_dr', 'ZH_lbb2qq_dr', 'l_b2_mtb', 'ZH_closeb_invM', 'n_ak8jets', 'n_ak4jets', 'n_ak8_ZHbb', 'outZH_max_ak8pnetMass', 'outZH_b12_m', 'outZH_b12_dr', 'ht_b', 'ht_outZH', 'ak4_bestb_inZH', 'ak4_worstb_inZH', 'nonZHbb_q1_dr', 'nonZHbb_b1_dr', 'inZHb_outZHb_dr', 'ZH_l_dr', 'ZH_l_invM', 'l_b1_invM', 'l_b2_invM', 'l_b1_dr', 'l_b2_dr', 'spher', 'aplan', 'n_b_inZH', 'n_q_inZH', 'n_b_outZH', 'n_q_outZH', 'ZH_bbvLscore'], flatten=True, store_size=True, fill_none=True, fill_value=-999.0, pos_start=None, pos_end=None)]}}
  - available weights variations: {'ttHTobb': ['nominal', 'pileup']} 
  - available shape variations: {'ttHTobb': []}
[INFO    ] Configurator instance:
  - Workflow: <class 'zhbbworkflow.ZHbbBaseProcessor'>
  - Workflow options: {}
  - N. datasets: 1 
   -- Dataset: ttHTobb_M125_M125_2017,  Sample: ttHTobb, N. files: 46, N. events: 7825000
  - Subsamples:
   -- Sample ttHTobb: StandardSelection ['ttHTobb'], (1 categories)
  - Skim: ['preSkimCut']
  - Preselection: ['eventSelection']
  - Categories: StandardSelection ['baseline', 'btag_mask', 'veto'], (3 categories)
  - Variables:  ['mAK8', 'zhbbtag', 'zhbbtag_sorted', 'outZH_b1_pt']
  - Columns: {'ttHTobb': {'baseline': [ColOut(collection='events', columns=['process', 'matchedGen_ZHbb_bb', 'tt_type', 'outZH_b1_pt', 'outZH_b2_pt', 'outZH_b1_score', 'outZH_b2_score', 'outZH_q1_pt', 'outZH_q2_pt', 'outZH_q1_score', 'outZH_q2_score', 'outZH_b1_q_mindr', 'outZH_b2_q_mindr', 'outZH_q_q_dr_nearb1', 'outZH_q_q_dr_nearb2', 'outZH_qq_M_nearb1', 'outZH_qq_M_nearb2', 'outZH_b1_qq_dr', 'outZH_b2_qq_dr', 'outZH_b1qq_M', 'outZH_b2qq_M', 'ZH_b1qq_dr', 'ZH_b2qq_dr', 'ZH_lbb1qq_dr', 'ZH_lbb2qq_dr', 'l_b2_mtb', 'ZH_closeb_invM', 'n_ak8jets', 'n_ak4jets', 'n_ak8_ZHbb', 'outZH_max_ak8pnetMass', 'outZH_b12_m', 'outZH_b12_dr', 'ht_b', 'ht_outZH', 'ak4_bestb_inZH', 'ak4_worstb_inZH', 'nonZHbb_q1_dr', 'nonZHbb_b1_dr', 'inZHb_outZHb_dr', 'ZH_l_dr', 'ZH_l_invM', 'l_b1_invM', 'l_b2_invM', 'l_b1_dr', 'l_b2_dr', 'spher', 'aplan', 'n_b_inZH', 'n_q_inZH', 'n_b_outZH', 'n_q_outZH', 'ZH_bbvLscore'], flatten=True, store_size=True, fill_none=True, fill_value=-999.0, pos_start=None, pos_end=None)],
           'btag_mask': [ColOut(collection='events', columns=['process', 'matchedGen_ZHbb_bb', 'tt_type', 'outZH_b1_pt', 'outZH_b2_pt', 'outZH_b1_score', 'outZH_b2_score', 'outZH_q1_pt', 'outZH_q2_pt', 'outZH_q1_score', 'outZH_q2_score', 'outZH_b1_q_mindr', 'outZH_b2_q_mindr', 'outZH_q_q_dr_nearb1', 'outZH_q_q_dr_nearb2', 'outZH_qq_M_nearb1', 'outZH_qq_M_nearb2', 'outZH_b1_qq_dr', 'outZH_b2_qq_dr', 'outZH_b1qq_M', 'outZH_b2qq_M', 'ZH_b1qq_dr', 'ZH_b2qq_dr', 'ZH_lbb1qq_dr', 'ZH_lbb2qq_dr', 'l_b2_mtb', 'ZH_closeb_invM', 'n_ak8jets', 'n_ak4jets', 'n_ak8_ZHbb', 'outZH_max_ak8pnetMass', 'outZH_b12_m', 'outZH_b12_dr', 'ht_b', 'ht_outZH', 'ak4_bestb_inZH', 'ak4_worstb_inZH', 'nonZHbb_q1_dr', 'nonZHbb_b1_dr', 'inZHb_outZHb_dr', 'ZH_l_dr', 'ZH_l_invM', 'l_b1_invM', 'l_b2_invM', 'l_b1_dr', 'l_b2_dr', 'spher', 'aplan', 'n_b_inZH', 'n_q_inZH', 'n_b_outZH', 'n_q_outZH', 'ZH_bbvLscore'], flatten=True, store_size=True, fill_none=True, fill_value=-999.0, pos_start=None, pos_end=None)],
           'veto': [ColOut(collection='events', columns=['process', 'matchedGen_ZHbb_bb', 'tt_type', 'outZH_b1_pt', 'outZH_b2_pt', 'outZH_b1_score', 'outZH_b2_score', 'outZH_q1_pt', 'outZH_q2_pt', 'outZH_q1_score', 'outZH_q2_score', 'outZH_b1_q_mindr', 'outZH_b2_q_mindr', 'outZH_q_q_dr_nearb1', 'outZH_q_q_dr_nearb2', 'outZH_qq_M_nearb1', 'outZH_qq_M_nearb2', 'outZH_b1_qq_dr', 'outZH_b2_qq_dr', 'outZH_b1qq_M', 'outZH_b2qq_M', 'ZH_b1qq_dr', 'ZH_b2qq_dr', 'ZH_lbb1qq_dr', 'ZH_lbb2qq_dr', 'l_b2_mtb', 'ZH_closeb_invM', 'n_ak8jets', 'n_ak4jets', 'n_ak8_ZHbb', 'outZH_max_ak8pnetMass', 'outZH_b12_m', 'outZH_b12_dr', 'ht_b', 'ht_outZH', 'ak4_bestb_inZH', 'ak4_worstb_inZH', 'nonZHbb_q1_dr', 'nonZHbb_b1_dr', 'inZHb_outZHb_dr', 'ZH_l_dr', 'ZH_l_invM', 'l_b1_invM', 'l_b2_invM', 'l_b1_dr', 'l_b2_dr', 'spher', 'aplan', 'n_b_inZH', 'n_q_inZH', 'n_b_outZH', 'n_q_outZH', 'ZH_bbvLscore'], flatten=True, store_size=True, fill_none=True, fill_value=-999.0, pos_start=None, pos_end=None)]}}
  - available weights variations: {'ttHTobb': ['pileup', 'nominal']} 
  - available shape variations: {'ttHTobb': []}
[INFO    ] Configurator instance:
  - Workflow: <class 'zhbbworkflow.ZHbbBaseProcessor'>
  - Workflow options: {}
  - N. datasets: 1 
   -- Dataset: ttHTobb_M125_M125_2017,  Sample: ttHTobb, N. files: 46, N. events: 7825000
  - Subsamples:
   -- Sample ttHTobb: StandardSelection ['ttHTobb'], (1 categories)
  - Skim: ['preSkimCut']
  - Preselection: ['eventSelection']
  - Categories: StandardSelection ['baseline', 'btag_mask', 'veto'], (3 categories)
  - Variables:  ['mAK8', 'zhbbtag', 'zhbbtag_sorted', 'outZH_b1_pt']
  - Columns: {'ttHTobb': {'baseline': [ColOut(collection='events', columns=['process', 'matchedGen_ZHbb_bb', 'tt_type', 'outZH_b1_pt', 'outZH_b2_pt', 'outZH_b1_score', 'outZH_b2_score', 'outZH_q1_pt', 'outZH_q2_pt', 'outZH_q1_score', 'outZH_q2_score', 'outZH_b1_q_mindr', 'outZH_b2_q_mindr', 'outZH_q_q_dr_nearb1', 'outZH_q_q_dr_nearb2', 'outZH_qq_M_nearb1', 'outZH_qq_M_nearb2', 'outZH_b1_qq_dr', 'outZH_b2_qq_dr', 'outZH_b1qq_M', 'outZH_b2qq_M', 'ZH_b1qq_dr', 'ZH_b2qq_dr', 'ZH_lbb1qq_dr', 'ZH_lbb2qq_dr', 'l_b2_mtb', 'ZH_closeb_invM', 'n_ak8jets', 'n_ak4jets', 'n_ak8_ZHbb', 'outZH_max_ak8pnetMass', 'outZH_b12_m', 'outZH_b12_dr', 'ht_b', 'ht_outZH', 'ak4_bestb_inZH', 'ak4_worstb_inZH', 'nonZHbb_q1_dr', 'nonZHbb_b1_dr', 'inZHb_outZHb_dr', 'ZH_l_dr', 'ZH_l_invM', 'l_b1_invM', 'l_b2_invM', 'l_b1_dr', 'l_b2_dr', 'spher', 'aplan', 'n_b_inZH', 'n_q_inZH', 'n_b_outZH', 'n_q_outZH', 'ZH_bbvLscore'], flatten=True, store_size=True, fill_none=True, fill_value=-999.0, pos_start=None, pos_end=None)],
           'btag_mask': [ColOut(collection='events', columns=['process', 'matchedGen_ZHbb_bb', 'tt_type', 'outZH_b1_pt', 'outZH_b2_pt', 'outZH_b1_score', 'outZH_b2_score', 'outZH_q1_pt', 'outZH_q2_pt', 'outZH_q1_score', 'outZH_q2_score', 'outZH_b1_q_mindr', 'outZH_b2_q_mindr', 'outZH_q_q_dr_nearb1', 'outZH_q_q_dr_nearb2', 'outZH_qq_M_nearb1', 'outZH_qq_M_nearb2', 'outZH_b1_qq_dr', 'outZH_b2_qq_dr', 'outZH_b1qq_M', 'outZH_b2qq_M', 'ZH_b1qq_dr', 'ZH_b2qq_dr', 'ZH_lbb1qq_dr', 'ZH_lbb2qq_dr', 'l_b2_mtb', 'ZH_closeb_invM', 'n_ak8jets', 'n_ak4jets', 'n_ak8_ZHbb', 'outZH_max_ak8pnetMass', 'outZH_b12_m', 'outZH_b12_dr', 'ht_b', 'ht_outZH', 'ak4_bestb_inZH', 'ak4_worstb_inZH', 'nonZHbb_q1_dr', 'nonZHbb_b1_dr', 'inZHb_outZHb_dr', 'ZH_l_dr', 'ZH_l_invM', 'l_b1_invM', 'l_b2_invM', 'l_b1_dr', 'l_b2_dr', 'spher', 'aplan', 'n_b_inZH', 'n_q_inZH', 'n_b_outZH', 'n_q_outZH', 'ZH_bbvLscore'], flatten=True, store_size=True, fill_none=True, fill_value=-999.0, pos_start=None, pos_end=None)],
           'veto': [ColOut(collection='events', columns=['process', 'matchedGen_ZHbb_bb', 'tt_type', 'outZH_b1_pt', 'outZH_b2_pt', 'outZH_b1_score', 'outZH_b2_score', 'outZH_q1_pt', 'outZH_q2_pt', 'outZH_q1_score', 'outZH_q2_score', 'outZH_b1_q_mindr', 'outZH_b2_q_mindr', 'outZH_q_q_dr_nearb1', 'outZH_q_q_dr_nearb2', 'outZH_qq_M_nearb1', 'outZH_qq_M_nearb2', 'outZH_b1_qq_dr', 'outZH_b2_qq_dr', 'outZH_b1qq_M', 'outZH_b2qq_M', 'ZH_b1qq_dr', 'ZH_b2qq_dr', 'ZH_lbb1qq_dr', 'ZH_lbb2qq_dr', 'l_b2_mtb', 'ZH_closeb_invM', 'n_ak8jets', 'n_ak4jets', 'n_ak8_ZHbb', 'outZH_max_ak8pnetMass', 'outZH_b12_m', 'outZH_b12_dr', 'ht_b', 'ht_outZH', 'ak4_bestb_inZH', 'ak4_worstb_inZH', 'nonZHbb_q1_dr', 'nonZHbb_b1_dr', 'inZHb_outZHb_dr', 'ZH_l_dr', 'ZH_l_invM', 'l_b1_invM', 'l_b2_invM', 'l_b1_dr', 'l_b2_dr', 'spher', 'aplan', 'n_b_inZH', 'n_q_inZH', 'n_b_outZH', 'n_q_outZH', 'ZH_bbvLscore'], flatten=True, store_size=True, fill_none=True, fill_value=-999.0, pos_start=None, pos_end=None)]}}
  - available weights variations: {'ttHTobb': ['nominal', 'pileup']} 
  - available shape variations: {'ttHTobb': []}
[INFO    ] Configurator instance:
  - Workflow: <class 'zhbbworkflow.ZHbbBaseProcessor'>
  - Workflow options: {}
  - N. datasets: 1 
   -- Dataset: ttHTobb_M125_M125_2017,  Sample: ttHTobb, N. files: 46, N. events: 7825000
  - Subsamples:
   -- Sample ttHTobb: StandardSelection ['ttHTobb'], (1 categories)
  - Skim: ['preSkimCut']
  - Preselection: ['eventSelection']
  - Categories: StandardSelection ['baseline', 'btag_mask', 'veto'], (3 categories)
  - Variables:  ['mAK8', 'zhbbtag', 'zhbbtag_sorted', 'outZH_b1_pt']
  - Columns: {'ttHTobb': {'baseline': [ColOut(collection='events', columns=['process', 'matchedGen_ZHbb_bb', 'tt_type', 'outZH_b1_pt', 'outZH_b2_pt', 'outZH_b1_score', 'outZH_b2_score', 'outZH_q1_pt', 'outZH_q2_pt', 'outZH_q1_score', 'outZH_q2_score', 'outZH_b1_q_mindr', 'outZH_b2_q_mindr', 'outZH_q_q_dr_nearb1', 'outZH_q_q_dr_nearb2', 'outZH_qq_M_nearb1', 'outZH_qq_M_nearb2', 'outZH_b1_qq_dr', 'outZH_b2_qq_dr', 'outZH_b1qq_M', 'outZH_b2qq_M', 'ZH_b1qq_dr', 'ZH_b2qq_dr', 'ZH_lbb1qq_dr', 'ZH_lbb2qq_dr', 'l_b2_mtb', 'ZH_closeb_invM', 'n_ak8jets', 'n_ak4jets', 'n_ak8_ZHbb', 'outZH_max_ak8pnetMass', 'outZH_b12_m', 'outZH_b12_dr', 'ht_b', 'ht_outZH', 'ak4_bestb_inZH', 'ak4_worstb_inZH', 'nonZHbb_q1_dr', 'nonZHbb_b1_dr', 'inZHb_outZHb_dr', 'ZH_l_dr', 'ZH_l_invM', 'l_b1_invM', 'l_b2_invM', 'l_b1_dr', 'l_b2_dr', 'spher', 'aplan', 'n_b_inZH', 'n_q_inZH', 'n_b_outZH', 'n_q_outZH', 'ZH_bbvLscore'], flatten=True, store_size=True, fill_none=True, fill_value=-999.0, pos_start=None, pos_end=None)],
           'btag_mask': [ColOut(collection='events', columns=['process', 'matchedGen_ZHbb_bb', 'tt_type', 'outZH_b1_pt', 'outZH_b2_pt', 'outZH_b1_score', 'outZH_b2_score', 'outZH_q1_pt', 'outZH_q2_pt', 'outZH_q1_score', 'outZH_q2_score', 'outZH_b1_q_mindr', 'outZH_b2_q_mindr', 'outZH_q_q_dr_nearb1', 'outZH_q_q_dr_nearb2', 'outZH_qq_M_nearb1', 'outZH_qq_M_nearb2', 'outZH_b1_qq_dr', 'outZH_b2_qq_dr', 'outZH_b1qq_M', 'outZH_b2qq_M', 'ZH_b1qq_dr', 'ZH_b2qq_dr', 'ZH_lbb1qq_dr', 'ZH_lbb2qq_dr', 'l_b2_mtb', 'ZH_closeb_invM', 'n_ak8jets', 'n_ak4jets', 'n_ak8_ZHbb', 'outZH_max_ak8pnetMass', 'outZH_b12_m', 'outZH_b12_dr', 'ht_b', 'ht_outZH', 'ak4_bestb_inZH', 'ak4_worstb_inZH', 'nonZHbb_q1_dr', 'nonZHbb_b1_dr', 'inZHb_outZHb_dr', 'ZH_l_dr', 'ZH_l_invM', 'l_b1_invM', 'l_b2_invM', 'l_b1_dr', 'l_b2_dr', 'spher', 'aplan', 'n_b_inZH', 'n_q_inZH', 'n_b_outZH', 'n_q_outZH', 'ZH_bbvLscore'], flatten=True, store_size=True, fill_none=True, fill_value=-999.0, pos_start=None, pos_end=None)],
           'veto': [ColOut(collection='events', columns=['process', 'matchedGen_ZHbb_bb', 'tt_type', 'outZH_b1_pt', 'outZH_b2_pt', 'outZH_b1_score', 'outZH_b2_score', 'outZH_q1_pt', 'outZH_q2_pt', 'outZH_q1_score', 'outZH_q2_score', 'outZH_b1_q_mindr', 'outZH_b2_q_mindr', 'outZH_q_q_dr_nearb1', 'outZH_q_q_dr_nearb2', 'outZH_qq_M_nearb1', 'outZH_qq_M_nearb2', 'outZH_b1_qq_dr', 'outZH_b2_qq_dr', 'outZH_b1qq_M', 'outZH_b2qq_M', 'ZH_b1qq_dr', 'ZH_b2qq_dr', 'ZH_lbb1qq_dr', 'ZH_lbb2qq_dr', 'l_b2_mtb', 'ZH_closeb_invM', 'n_ak8jets', 'n_ak4jets', 'n_ak8_ZHbb', 'outZH_max_ak8pnetMass', 'outZH_b12_m', 'outZH_b12_dr', 'ht_b', 'ht_outZH', 'ak4_bestb_inZH', 'ak4_worstb_inZH', 'nonZHbb_q1_dr', 'nonZHbb_b1_dr', 'inZHb_outZHb_dr', 'ZH_l_dr', 'ZH_l_invM', 'l_b1_invM', 'l_b2_invM', 'l_b1_dr', 'l_b2_dr', 'spher', 'aplan', 'n_b_inZH', 'n_q_inZH', 'n_b_outZH', 'n_q_outZH', 'ZH_bbvLscore'], flatten=True, store_size=True, fill_none=True, fill_value=-999.0, pos_start=None, pos_end=None)]}}
  - available weights variations: {'ttHTobb': ['pileup', 'nominal']} 
  - available shape variations: {'ttHTobb': []}
[INFO    ] Configurator instance:
  - Workflow: <class 'zhbbworkflow.ZHbbBaseProcessor'>
  - Workflow options: {}
  - N. datasets: 1 
   -- Dataset: ttHTobb_M125_M125_2017,  Sample: ttHTobb, N. files: 46, N. events: 7825000
  - Subsamples:
   -- Sample ttHTobb: StandardSelection ['ttHTobb'], (1 categories)
  - Skim: ['preSkimCut']
  - Preselection: ['eventSelection']
  - Categories: StandardSelection ['baseline', 'btag_mask', 'veto'], (3 categories)
  - Variables:  ['mAK8', 'zhbbtag', 'zhbbtag_sorted', 'outZH_b1_pt']
  - Columns: {'ttHTobb': {'baseline': [ColOut(collection='events', columns=['process', 'matchedGen_ZHbb_bb', 'tt_type', 'outZH_b1_pt', 'outZH_b2_pt', 'outZH_b1_score', 'outZH_b2_score', 'outZH_q1_pt', 'outZH_q2_pt', 'outZH_q1_score', 'outZH_q2_score', 'outZH_b1_q_mindr', 'outZH_b2_q_mindr', 'outZH_q_q_dr_nearb1', 'outZH_q_q_dr_nearb2', 'outZH_qq_M_nearb1', 'outZH_qq_M_nearb2', 'outZH_b1_qq_dr', 'outZH_b2_qq_dr', 'outZH_b1qq_M', 'outZH_b2qq_M', 'ZH_b1qq_dr', 'ZH_b2qq_dr', 'ZH_lbb1qq_dr', 'ZH_lbb2qq_dr', 'l_b2_mtb', 'ZH_closeb_invM', 'n_ak8jets', 'n_ak4jets', 'n_ak8_ZHbb', 'outZH_max_ak8pnetMass', 'outZH_b12_m', 'outZH_b12_dr', 'ht_b', 'ht_outZH', 'ak4_bestb_inZH', 'ak4_worstb_inZH', 'nonZHbb_q1_dr', 'nonZHbb_b1_dr', 'inZHb_outZHb_dr', 'ZH_l_dr', 'ZH_l_invM', 'l_b1_invM', 'l_b2_invM', 'l_b1_dr', 'l_b2_dr', 'spher', 'aplan', 'n_b_inZH', 'n_q_inZH', 'n_b_outZH', 'n_q_outZH', 'ZH_bbvLscore'], flatten=True, store_size=True, fill_none=True, fill_value=-999.0, pos_start=None, pos_end=None)],
           'btag_mask': [ColOut(collection='events', columns=['process', 'matchedGen_ZHbb_bb', 'tt_type', 'outZH_b1_pt', 'outZH_b2_pt', 'outZH_b1_score', 'outZH_b2_score', 'outZH_q1_pt', 'outZH_q2_pt', 'outZH_q1_score', 'outZH_q2_score', 'outZH_b1_q_mindr', 'outZH_b2_q_mindr', 'outZH_q_q_dr_nearb1', 'outZH_q_q_dr_nearb2', 'outZH_qq_M_nearb1', 'outZH_qq_M_nearb2', 'outZH_b1_qq_dr', 'outZH_b2_qq_dr', 'outZH_b1qq_M', 'outZH_b2qq_M', 'ZH_b1qq_dr', 'ZH_b2qq_dr', 'ZH_lbb1qq_dr', 'ZH_lbb2qq_dr', 'l_b2_mtb', 'ZH_closeb_invM', 'n_ak8jets', 'n_ak4jets', 'n_ak8_ZHbb', 'outZH_max_ak8pnetMass', 'outZH_b12_m', 'outZH_b12_dr', 'ht_b', 'ht_outZH', 'ak4_bestb_inZH', 'ak4_worstb_inZH', 'nonZHbb_q1_dr', 'nonZHbb_b1_dr', 'inZHb_outZHb_dr', 'ZH_l_dr', 'ZH_l_invM', 'l_b1_invM', 'l_b2_invM', 'l_b1_dr', 'l_b2_dr', 'spher', 'aplan', 'n_b_inZH', 'n_q_inZH', 'n_b_outZH', 'n_q_outZH', 'ZH_bbvLscore'], flatten=True, store_size=True, fill_none=True, fill_value=-999.0, pos_start=None, pos_end=None)],
           'veto': [ColOut(collection='events', columns=['process', 'matchedGen_ZHbb_bb', 'tt_type', 'outZH_b1_pt', 'outZH_b2_pt', 'outZH_b1_score', 'outZH_b2_score', 'outZH_q1_pt', 'outZH_q2_pt', 'outZH_q1_score', 'outZH_q2_score', 'outZH_b1_q_mindr', 'outZH_b2_q_mindr', 'outZH_q_q_dr_nearb1', 'outZH_q_q_dr_nearb2', 'outZH_qq_M_nearb1', 'outZH_qq_M_nearb2', 'outZH_b1_qq_dr', 'outZH_b2_qq_dr', 'outZH_b1qq_M', 'outZH_b2qq_M', 'ZH_b1qq_dr', 'ZH_b2qq_dr', 'ZH_lbb1qq_dr', 'ZH_lbb2qq_dr', 'l_b2_mtb', 'ZH_closeb_invM', 'n_ak8jets', 'n_ak4jets', 'n_ak8_ZHbb', 'outZH_max_ak8pnetMass', 'outZH_b12_m', 'outZH_b12_dr', 'ht_b', 'ht_outZH', 'ak4_bestb_inZH', 'ak4_worstb_inZH', 'nonZHbb_q1_dr', 'nonZHbb_b1_dr', 'inZHb_outZHb_dr', 'ZH_l_dr', 'ZH_l_invM', 'l_b1_invM', 'l_b2_invM', 'l_b1_dr', 'l_b2_dr', 'spher', 'aplan', 'n_b_inZH', 'n_q_inZH', 'n_b_outZH', 'n_q_outZH', 'ZH_bbvLscore'], flatten=True, store_size=True, fill_none=True, fill_value=-999.0, pos_start=None, pos_end=None)]}}
  - available weights variations: {'ttHTobb': ['nominal', 'pileup']} 
  - available shape variations: {'ttHTobb': []}
[INFO    ] Configurator instance:
  - Workflow: <class 'zhbbworkflow.ZHbbBaseProcessor'>
  - Workflow options: {}
  - N. datasets: 1 
   -- Dataset: ttHTobb_M125_M125_2017,  Sample: ttHTobb, N. files: 46, N. events: 7825000
  - Subsamples:
   -- Sample ttHTobb: StandardSelection ['ttHTobb'], (1 categories)
  - Skim: ['preSkimCut']
  - Preselection: ['eventSelection']
  - Categories: StandardSelection ['baseline', 'btag_mask', 'veto'], (3 categories)
  - Variables:  ['mAK8', 'zhbbtag', 'zhbbtag_sorted', 'outZH_b1_pt']
  - Columns: {'ttHTobb': {'baseline': [ColOut(collection='events', columns=['process', 'matchedGen_ZHbb_bb', 'tt_type', 'outZH_b1_pt', 'outZH_b2_pt', 'outZH_b1_score', 'outZH_b2_score', 'outZH_q1_pt', 'outZH_q2_pt', 'outZH_q1_score', 'outZH_q2_score', 'outZH_b1_q_mindr', 'outZH_b2_q_mindr', 'outZH_q_q_dr_nearb1', 'outZH_q_q_dr_nearb2', 'outZH_qq_M_nearb1', 'outZH_qq_M_nearb2', 'outZH_b1_qq_dr', 'outZH_b2_qq_dr', 'outZH_b1qq_M', 'outZH_b2qq_M', 'ZH_b1qq_dr', 'ZH_b2qq_dr', 'ZH_lbb1qq_dr', 'ZH_lbb2qq_dr', 'l_b2_mtb', 'ZH_closeb_invM', 'n_ak8jets', 'n_ak4jets', 'n_ak8_ZHbb', 'outZH_max_ak8pnetMass', 'outZH_b12_m', 'outZH_b12_dr', 'ht_b', 'ht_outZH', 'ak4_bestb_inZH', 'ak4_worstb_inZH', 'nonZHbb_q1_dr', 'nonZHbb_b1_dr', 'inZHb_outZHb_dr', 'ZH_l_dr', 'ZH_l_invM', 'l_b1_invM', 'l_b2_invM', 'l_b1_dr', 'l_b2_dr', 'spher', 'aplan', 'n_b_inZH', 'n_q_inZH', 'n_b_outZH', 'n_q_outZH', 'ZH_bbvLscore'], flatten=True, store_size=True, fill_none=True, fill_value=-999.0, pos_start=None, pos_end=None)],
           'btag_mask': [ColOut(collection='events', columns=['process', 'matchedGen_ZHbb_bb', 'tt_type', 'outZH_b1_pt', 'outZH_b2_pt', 'outZH_b1_score', 'outZH_b2_score', 'outZH_q1_pt', 'outZH_q2_pt', 'outZH_q1_score', 'outZH_q2_score', 'outZH_b1_q_mindr', 'outZH_b2_q_mindr', 'outZH_q_q_dr_nearb1', 'outZH_q_q_dr_nearb2', 'outZH_qq_M_nearb1', 'outZH_qq_M_nearb2', 'outZH_b1_qq_dr', 'outZH_b2_qq_dr', 'outZH_b1qq_M', 'outZH_b2qq_M', 'ZH_b1qq_dr', 'ZH_b2qq_dr', 'ZH_lbb1qq_dr', 'ZH_lbb2qq_dr', 'l_b2_mtb', 'ZH_closeb_invM', 'n_ak8jets', 'n_ak4jets', 'n_ak8_ZHbb', 'outZH_max_ak8pnetMass', 'outZH_b12_m', 'outZH_b12_dr', 'ht_b', 'ht_outZH', 'ak4_bestb_inZH', 'ak4_worstb_inZH', 'nonZHbb_q1_dr', 'nonZHbb_b1_dr', 'inZHb_outZHb_dr', 'ZH_l_dr', 'ZH_l_invM', 'l_b1_invM', 'l_b2_invM', 'l_b1_dr', 'l_b2_dr', 'spher', 'aplan', 'n_b_inZH', 'n_q_inZH', 'n_b_outZH', 'n_q_outZH', 'ZH_bbvLscore'], flatten=True, store_size=True, fill_none=True, fill_value=-999.0, pos_start=None, pos_end=None)],
           'veto': [ColOut(collection='events', columns=['process', 'matchedGen_ZHbb_bb', 'tt_type', 'outZH_b1_pt', 'outZH_b2_pt', 'outZH_b1_score', 'outZH_b2_score', 'outZH_q1_pt', 'outZH_q2_pt', 'outZH_q1_score', 'outZH_q2_score', 'outZH_b1_q_mindr', 'outZH_b2_q_mindr', 'outZH_q_q_dr_nearb1', 'outZH_q_q_dr_nearb2', 'outZH_qq_M_nearb1', 'outZH_qq_M_nearb2', 'outZH_b1_qq_dr', 'outZH_b2_qq_dr', 'outZH_b1qq_M', 'outZH_b2qq_M', 'ZH_b1qq_dr', 'ZH_b2qq_dr', 'ZH_lbb1qq_dr', 'ZH_lbb2qq_dr', 'l_b2_mtb', 'ZH_closeb_invM', 'n_ak8jets', 'n_ak4jets', 'n_ak8_ZHbb', 'outZH_max_ak8pnetMass', 'outZH_b12_m', 'outZH_b12_dr', 'ht_b', 'ht_outZH', 'ak4_bestb_inZH', 'ak4_worstb_inZH', 'nonZHbb_q1_dr', 'nonZHbb_b1_dr', 'inZHb_outZHb_dr', 'ZH_l_dr', 'ZH_l_invM', 'l_b1_invM', 'l_b2_invM', 'l_b1_dr', 'l_b2_dr', 'spher', 'aplan', 'n_b_inZH', 'n_q_inZH', 'n_b_outZH', 'n_q_outZH', 'ZH_bbvLscore'], flatten=True, store_size=True, fill_none=True, fill_value=-999.0, pos_start=None, pos_end=None)]}}
  - available weights variations: {'ttHTobb': ['nominal', 'pileup']} 
  - available shape variations: {'ttHTobb': []}
[INFO    ] Configurator instance:
  - Workflow: <class 'zhbbworkflow.ZHbbBaseProcessor'>
  - Workflow options: {}
  - N. datasets: 1 
   -- Dataset: ttHTobb_M125_M125_2017,  Sample: ttHTobb, N. files: 46, N. events: 7825000
  - Subsamples:
   -- Sample ttHTobb: StandardSelection ['ttHTobb'], (1 categories)
  - Skim: ['preSkimCut']
  - Preselection: ['eventSelection']
  - Categories: StandardSelection ['baseline', 'btag_mask', 'veto'], (3 categories)
  - Variables:  ['mAK8', 'zhbbtag', 'zhbbtag_sorted', 'outZH_b1_pt']
  - Columns: {'ttHTobb': {'baseline': [ColOut(collection='events', columns=['process', 'matchedGen_ZHbb_bb', 'tt_type', 'outZH_b1_pt', 'outZH_b2_pt', 'outZH_b1_score', 'outZH_b2_score', 'outZH_q1_pt', 'outZH_q2_pt', 'outZH_q1_score', 'outZH_q2_score', 'outZH_b1_q_mindr', 'outZH_b2_q_mindr', 'outZH_q_q_dr_nearb1', 'outZH_q_q_dr_nearb2', 'outZH_qq_M_nearb1', 'outZH_qq_M_nearb2', 'outZH_b1_qq_dr', 'outZH_b2_qq_dr', 'outZH_b1qq_M', 'outZH_b2qq_M', 'ZH_b1qq_dr', 'ZH_b2qq_dr', 'ZH_lbb1qq_dr', 'ZH_lbb2qq_dr', 'l_b2_mtb', 'ZH_closeb_invM', 'n_ak8jets', 'n_ak4jets', 'n_ak8_ZHbb', 'outZH_max_ak8pnetMass', 'outZH_b12_m', 'outZH_b12_dr', 'ht_b', 'ht_outZH', 'ak4_bestb_inZH', 'ak4_worstb_inZH', 'nonZHbb_q1_dr', 'nonZHbb_b1_dr', 'inZHb_outZHb_dr', 'ZH_l_dr', 'ZH_l_invM', 'l_b1_invM', 'l_b2_invM', 'l_b1_dr', 'l_b2_dr', 'spher', 'aplan', 'n_b_inZH', 'n_q_inZH', 'n_b_outZH', 'n_q_outZH', 'ZH_bbvLscore'], flatten=True, store_size=True, fill_none=True, fill_value=-999.0, pos_start=None, pos_end=None)],
           'btag_mask': [ColOut(collection='events', columns=['process', 'matchedGen_ZHbb_bb', 'tt_type', 'outZH_b1_pt', 'outZH_b2_pt', 'outZH_b1_score', 'outZH_b2_score', 'outZH_q1_pt', 'outZH_q2_pt', 'outZH_q1_score', 'outZH_q2_score', 'outZH_b1_q_mindr', 'outZH_b2_q_mindr', 'outZH_q_q_dr_nearb1', 'outZH_q_q_dr_nearb2', 'outZH_qq_M_nearb1', 'outZH_qq_M_nearb2', 'outZH_b1_qq_dr', 'outZH_b2_qq_dr', 'outZH_b1qq_M', 'outZH_b2qq_M', 'ZH_b1qq_dr', 'ZH_b2qq_dr', 'ZH_lbb1qq_dr', 'ZH_lbb2qq_dr', 'l_b2_mtb', 'ZH_closeb_invM', 'n_ak8jets', 'n_ak4jets', 'n_ak8_ZHbb', 'outZH_max_ak8pnetMass', 'outZH_b12_m', 'outZH_b12_dr', 'ht_b', 'ht_outZH', 'ak4_bestb_inZH', 'ak4_worstb_inZH', 'nonZHbb_q1_dr', 'nonZHbb_b1_dr', 'inZHb_outZHb_dr', 'ZH_l_dr', 'ZH_l_invM', 'l_b1_invM', 'l_b2_invM', 'l_b1_dr', 'l_b2_dr', 'spher', 'aplan', 'n_b_inZH', 'n_q_inZH', 'n_b_outZH', 'n_q_outZH', 'ZH_bbvLscore'], flatten=True, store_size=True, fill_none=True, fill_value=-999.0, pos_start=None, pos_end=None)],
           'veto': [ColOut(collection='events', columns=['process', 'matchedGen_ZHbb_bb', 'tt_type', 'outZH_b1_pt', 'outZH_b2_pt', 'outZH_b1_score', 'outZH_b2_score', 'outZH_q1_pt', 'outZH_q2_pt', 'outZH_q1_score', 'outZH_q2_score', 'outZH_b1_q_mindr', 'outZH_b2_q_mindr', 'outZH_q_q_dr_nearb1', 'outZH_q_q_dr_nearb2', 'outZH_qq_M_nearb1', 'outZH_qq_M_nearb2', 'outZH_b1_qq_dr', 'outZH_b2_qq_dr', 'outZH_b1qq_M', 'outZH_b2qq_M', 'ZH_b1qq_dr', 'ZH_b2qq_dr', 'ZH_lbb1qq_dr', 'ZH_lbb2qq_dr', 'l_b2_mtb', 'ZH_closeb_invM', 'n_ak8jets', 'n_ak4jets', 'n_ak8_ZHbb', 'outZH_max_ak8pnetMass', 'outZH_b12_m', 'outZH_b12_dr', 'ht_b', 'ht_outZH', 'ak4_bestb_inZH', 'ak4_worstb_inZH', 'nonZHbb_q1_dr', 'nonZHbb_b1_dr', 'inZHb_outZHb_dr', 'ZH_l_dr', 'ZH_l_invM', 'l_b1_invM', 'l_b2_invM', 'l_b1_dr', 'l_b2_dr', 'spher', 'aplan', 'n_b_inZH', 'n_q_inZH', 'n_b_outZH', 'n_q_outZH', 'ZH_bbvLscore'], flatten=True, store_size=True, fill_none=True, fill_value=-999.0, pos_start=None, pos_end=None)]}}
  - available weights variations: {'ttHTobb': ['pileup', 'nominal']} 
  - available shape variations: {'ttHTobb': []}
[INFO    ] Configurator instance:
  - Workflow: <class 'zhbbworkflow.ZHbbBaseProcessor'>
  - Workflow options: {}
  - N. datasets: 1 
   -- Dataset: ttHTobb_M125_M125_2017,  Sample: ttHTobb, N. files: 46, N. events: 7825000
  - Subsamples:
   -- Sample ttHTobb: StandardSelection ['ttHTobb'], (1 categories)
  - Skim: ['preSkimCut']
  - Preselection: ['eventSelection']
  - Categories: StandardSelection ['baseline', 'btag_mask', 'veto'], (3 categories)
  - Variables:  ['mAK8', 'zhbbtag', 'zhbbtag_sorted', 'outZH_b1_pt']
  - Columns: {'ttHTobb': {'baseline': [ColOut(collection='events', columns=['process', 'matchedGen_ZHbb_bb', 'tt_type', 'outZH_b1_pt', 'outZH_b2_pt', 'outZH_b1_score', 'outZH_b2_score', 'outZH_q1_pt', 'outZH_q2_pt', 'outZH_q1_score', 'outZH_q2_score', 'outZH_b1_q_mindr', 'outZH_b2_q_mindr', 'outZH_q_q_dr_nearb1', 'outZH_q_q_dr_nearb2', 'outZH_qq_M_nearb1', 'outZH_qq_M_nearb2', 'outZH_b1_qq_dr', 'outZH_b2_qq_dr', 'outZH_b1qq_M', 'outZH_b2qq_M', 'ZH_b1qq_dr', 'ZH_b2qq_dr', 'ZH_lbb1qq_dr', 'ZH_lbb2qq_dr', 'l_b2_mtb', 'ZH_closeb_invM', 'n_ak8jets', 'n_ak4jets', 'n_ak8_ZHbb', 'outZH_max_ak8pnetMass', 'outZH_b12_m', 'outZH_b12_dr', 'ht_b', 'ht_outZH', 'ak4_bestb_inZH', 'ak4_worstb_inZH', 'nonZHbb_q1_dr', 'nonZHbb_b1_dr', 'inZHb_outZHb_dr', 'ZH_l_dr', 'ZH_l_invM', 'l_b1_invM', 'l_b2_invM', 'l_b1_dr', 'l_b2_dr', 'spher', 'aplan', 'n_b_inZH', 'n_q_inZH', 'n_b_outZH', 'n_q_outZH', 'ZH_bbvLscore'], flatten=True, store_size=True, fill_none=True, fill_value=-999.0, pos_start=None, pos_end=None)],
           'btag_mask': [ColOut(collection='events', columns=['process', 'matchedGen_ZHbb_bb', 'tt_type', 'outZH_b1_pt', 'outZH_b2_pt', 'outZH_b1_score', 'outZH_b2_score', 'outZH_q1_pt', 'outZH_q2_pt', 'outZH_q1_score', 'outZH_q2_score', 'outZH_b1_q_mindr', 'outZH_b2_q_mindr', 'outZH_q_q_dr_nearb1', 'outZH_q_q_dr_nearb2', 'outZH_qq_M_nearb1', 'outZH_qq_M_nearb2', 'outZH_b1_qq_dr', 'outZH_b2_qq_dr', 'outZH_b1qq_M', 'outZH_b2qq_M', 'ZH_b1qq_dr', 'ZH_b2qq_dr', 'ZH_lbb1qq_dr', 'ZH_lbb2qq_dr', 'l_b2_mtb', 'ZH_closeb_invM', 'n_ak8jets', 'n_ak4jets', 'n_ak8_ZHbb', 'outZH_max_ak8pnetMass', 'outZH_b12_m', 'outZH_b12_dr', 'ht_b', 'ht_outZH', 'ak4_bestb_inZH', 'ak4_worstb_inZH', 'nonZHbb_q1_dr', 'nonZHbb_b1_dr', 'inZHb_outZHb_dr', 'ZH_l_dr', 'ZH_l_invM', 'l_b1_invM', 'l_b2_invM', 'l_b1_dr', 'l_b2_dr', 'spher', 'aplan', 'n_b_inZH', 'n_q_inZH', 'n_b_outZH', 'n_q_outZH', 'ZH_bbvLscore'], flatten=True, store_size=True, fill_none=True, fill_value=-999.0, pos_start=None, pos_end=None)],
           'veto': [ColOut(collection='events', columns=['process', 'matchedGen_ZHbb_bb', 'tt_type', 'outZH_b1_pt', 'outZH_b2_pt', 'outZH_b1_score', 'outZH_b2_score', 'outZH_q1_pt', 'outZH_q2_pt', 'outZH_q1_score', 'outZH_q2_score', 'outZH_b1_q_mindr', 'outZH_b2_q_mindr', 'outZH_q_q_dr_nearb1', 'outZH_q_q_dr_nearb2', 'outZH_qq_M_nearb1', 'outZH_qq_M_nearb2', 'outZH_b1_qq_dr', 'outZH_b2_qq_dr', 'outZH_b1qq_M', 'outZH_b2qq_M', 'ZH_b1qq_dr', 'ZH_b2qq_dr', 'ZH_lbb1qq_dr', 'ZH_lbb2qq_dr', 'l_b2_mtb', 'ZH_closeb_invM', 'n_ak8jets', 'n_ak4jets', 'n_ak8_ZHbb', 'outZH_max_ak8pnetMass', 'outZH_b12_m', 'outZH_b12_dr', 'ht_b', 'ht_outZH', 'ak4_bestb_inZH', 'ak4_worstb_inZH', 'nonZHbb_q1_dr', 'nonZHbb_b1_dr', 'inZHb_outZHb_dr', 'ZH_l_dr', 'ZH_l_invM', 'l_b1_invM', 'l_b2_invM', 'l_b1_dr', 'l_b2_dr', 'spher', 'aplan', 'n_b_inZH', 'n_q_inZH', 'n_b_outZH', 'n_q_outZH', 'ZH_bbvLscore'], flatten=True, store_size=True, fill_none=True, fill_value=-999.0, pos_start=None, pos_end=None)]}}
  - available weights variations: {'ttHTobb': ['nominal', 'pileup']} 
  - available shape variations: {'ttHTobb': []}
[INFO    ] Configurator instance:
  - Workflow: <class 'zhbbworkflow.ZHbbBaseProcessor'>
  - Workflow options: {}
  - N. datasets: 1 
   -- Dataset: ttHTobb_M125_M125_2017,  Sample: ttHTobb, N. files: 46, N. events: 7825000
  - Subsamples:
   -- Sample ttHTobb: StandardSelection ['ttHTobb'], (1 categories)
  - Skim: ['preSkimCut']
  - Preselection: ['eventSelection']
  - Categories: StandardSelection ['baseline', 'btag_mask', 'veto'], (3 categories)
  - Variables:  ['mAK8', 'zhbbtag', 'zhbbtag_sorted', 'outZH_b1_pt']
  - Columns: {'ttHTobb': {'baseline': [ColOut(collection='events', columns=['process', 'matchedGen_ZHbb_bb', 'tt_type', 'outZH_b1_pt', 'outZH_b2_pt', 'outZH_b1_score', 'outZH_b2_score', 'outZH_q1_pt', 'outZH_q2_pt', 'outZH_q1_score', 'outZH_q2_score', 'outZH_b1_q_mindr', 'outZH_b2_q_mindr', 'outZH_q_q_dr_nearb1', 'outZH_q_q_dr_nearb2', 'outZH_qq_M_nearb1', 'outZH_qq_M_nearb2', 'outZH_b1_qq_dr', 'outZH_b2_qq_dr', 'outZH_b1qq_M', 'outZH_b2qq_M', 'ZH_b1qq_dr', 'ZH_b2qq_dr', 'ZH_lbb1qq_dr', 'ZH_lbb2qq_dr', 'l_b2_mtb', 'ZH_closeb_invM', 'n_ak8jets', 'n_ak4jets', 'n_ak8_ZHbb', 'outZH_max_ak8pnetMass', 'outZH_b12_m', 'outZH_b12_dr', 'ht_b', 'ht_outZH', 'ak4_bestb_inZH', 'ak4_worstb_inZH', 'nonZHbb_q1_dr', 'nonZHbb_b1_dr', 'inZHb_outZHb_dr', 'ZH_l_dr', 'ZH_l_invM', 'l_b1_invM', 'l_b2_invM', 'l_b1_dr', 'l_b2_dr', 'spher', 'aplan', 'n_b_inZH', 'n_q_inZH', 'n_b_outZH', 'n_q_outZH', 'ZH_bbvLscore'], flatten=True, store_size=True, fill_none=True, fill_value=-999.0, pos_start=None, pos_end=None)],
           'btag_mask': [ColOut(collection='events', columns=['process', 'matchedGen_ZHbb_bb', 'tt_type', 'outZH_b1_pt', 'outZH_b2_pt', 'outZH_b1_score', 'outZH_b2_score', 'outZH_q1_pt', 'outZH_q2_pt', 'outZH_q1_score', 'outZH_q2_score', 'outZH_b1_q_mindr', 'outZH_b2_q_mindr', 'outZH_q_q_dr_nearb1', 'outZH_q_q_dr_nearb2', 'outZH_qq_M_nearb1', 'outZH_qq_M_nearb2', 'outZH_b1_qq_dr', 'outZH_b2_qq_dr', 'outZH_b1qq_M', 'outZH_b2qq_M', 'ZH_b1qq_dr', 'ZH_b2qq_dr', 'ZH_lbb1qq_dr', 'ZH_lbb2qq_dr', 'l_b2_mtb', 'ZH_closeb_invM', 'n_ak8jets', 'n_ak4jets', 'n_ak8_ZHbb', 'outZH_max_ak8pnetMass', 'outZH_b12_m', 'outZH_b12_dr', 'ht_b', 'ht_outZH', 'ak4_bestb_inZH', 'ak4_worstb_inZH', 'nonZHbb_q1_dr', 'nonZHbb_b1_dr', 'inZHb_outZHb_dr', 'ZH_l_dr', 'ZH_l_invM', 'l_b1_invM', 'l_b2_invM', 'l_b1_dr', 'l_b2_dr', 'spher', 'aplan', 'n_b_inZH', 'n_q_inZH', 'n_b_outZH', 'n_q_outZH', 'ZH_bbvLscore'], flatten=True, store_size=True, fill_none=True, fill_value=-999.0, pos_start=None, pos_end=None)],
           'veto': [ColOut(collection='events', columns=['process', 'matchedGen_ZHbb_bb', 'tt_type', 'outZH_b1_pt', 'outZH_b2_pt', 'outZH_b1_score', 'outZH_b2_score', 'outZH_q1_pt', 'outZH_q2_pt', 'outZH_q1_score', 'outZH_q2_score', 'outZH_b1_q_mindr', 'outZH_b2_q_mindr', 'outZH_q_q_dr_nearb1', 'outZH_q_q_dr_nearb2', 'outZH_qq_M_nearb1', 'outZH_qq_M_nearb2', 'outZH_b1_qq_dr', 'outZH_b2_qq_dr', 'outZH_b1qq_M', 'outZH_b2qq_M', 'ZH_b1qq_dr', 'ZH_b2qq_dr', 'ZH_lbb1qq_dr', 'ZH_lbb2qq_dr', 'l_b2_mtb', 'ZH_closeb_invM', 'n_ak8jets', 'n_ak4jets', 'n_ak8_ZHbb', 'outZH_max_ak8pnetMass', 'outZH_b12_m', 'outZH_b12_dr', 'ht_b', 'ht_outZH', 'ak4_bestb_inZH', 'ak4_worstb_inZH', 'nonZHbb_q1_dr', 'nonZHbb_b1_dr', 'inZHb_outZHb_dr', 'ZH_l_dr', 'ZH_l_invM', 'l_b1_invM', 'l_b2_invM', 'l_b1_dr', 'l_b2_dr', 'spher', 'aplan', 'n_b_inZH', 'n_q_inZH', 'n_b_outZH', 'n_q_outZH', 'ZH_bbvLscore'], flatten=True, store_size=True, fill_none=True, fill_value=-999.0, pos_start=None, pos_end=None)]}}
  - available weights variations: {'ttHTobb': ['pileup', 'nominal']} 
  - available shape variations: {'ttHTobb': []}
[INFO    ] Configurator instance:
  - Workflow: <class 'zhbbworkflow.ZHbbBaseProcessor'>
  - Workflow options: {}
  - N. datasets: 1 
   -- Dataset: ttHTobb_M125_M125_2017,  Sample: ttHTobb, N. files: 46, N. events: 7825000
  - Subsamples:
   -- Sample ttHTobb: StandardSelection ['ttHTobb'], (1 categories)
  - Skim: ['preSkimCut']
  - Preselection: ['eventSelection']
  - Categories: StandardSelection ['baseline', 'btag_mask'], (2 categories)
  - Variables:  ['mAK8', 'zhbbtag', 'zhbbtag_sorted', 'outZH_b1_pt']
  - Columns: {'ttHTobb': {'baseline': [ColOut(collection='events', columns=['outZH_b1_pt', 'outZH_b2_pt', 'outZH_b1_score', 'outZH_b2_score', 'outZH_q1_pt', 'outZH_q2_pt', 'outZH_q1_score', 'outZH_q2_score', 'outZH_b1_q_mindr', 'outZH_b2_q_mindr', 'outZH_q_q_dr_nearb1', 'outZH_q_q_dr_nearb2', 'outZH_qq_M_nearb1', 'outZH_qq_M_nearb2', 'outZH_b1_qq_dr', 'outZH_b2_qq_dr', 'outZH_b1qq_M', 'outZH_b2qq_M', 'ZH_b1qq_dr', 'ZH_b2qq_dr', 'ZH_lbb1qq_dr', 'ZH_lbb2qq_dr', 'l_b2_mtb', 'ZH_closeb_invM', 'n_ak8jets', 'n_ak4jets', 'n_ak8_ZHbb', 'outZH_max_ak8pnetMass', 'outZH_b12_m', 'outZH_b12_dr', 'ht_b', 'ht_outZH', 'ak4_bestb_inZH', 'ak4_worstb_inZH', 'nonZHbb_q1_dr', 'nonZHbb_b1_dr', 'inZHb_outZHb_dr', 'ZH_l_dr', 'ZH_l_invM', 'l_b1_invM', 'l_b2_invM', 'l_b1_dr', 'l_b2_dr', 'spher', 'aplan', 'n_b_inZH', 'n_q_inZH', 'n_b_outZH', 'n_q_outZH', 'ZH_bbvLscore'], flatten=True, store_size=True, fill_none=True, fill_value=-999.0, pos_start=None, pos_end=None)],
           'btag_mask': [ColOut(collection='events', columns=['outZH_b1_pt', 'outZH_b2_pt', 'outZH_b1_score', 'outZH_b2_score', 'outZH_q1_pt', 'outZH_q2_pt', 'outZH_q1_score', 'outZH_q2_score', 'outZH_b1_q_mindr', 'outZH_b2_q_mindr', 'outZH_q_q_dr_nearb1', 'outZH_q_q_dr_nearb2', 'outZH_qq_M_nearb1', 'outZH_qq_M_nearb2', 'outZH_b1_qq_dr', 'outZH_b2_qq_dr', 'outZH_b1qq_M', 'outZH_b2qq_M', 'ZH_b1qq_dr', 'ZH_b2qq_dr', 'ZH_lbb1qq_dr', 'ZH_lbb2qq_dr', 'l_b2_mtb', 'ZH_closeb_invM', 'n_ak8jets', 'n_ak4jets', 'n_ak8_ZHbb', 'outZH_max_ak8pnetMass', 'outZH_b12_m', 'outZH_b12_dr', 'ht_b', 'ht_outZH', 'ak4_bestb_inZH', 'ak4_worstb_inZH', 'nonZHbb_q1_dr', 'nonZHbb_b1_dr', 'inZHb_outZHb_dr', 'ZH_l_dr', 'ZH_l_invM', 'l_b1_invM', 'l_b2_invM', 'l_b1_dr', 'l_b2_dr', 'spher', 'aplan', 'n_b_inZH', 'n_q_inZH', 'n_b_outZH', 'n_q_outZH', 'ZH_bbvLscore'], flatten=True, store_size=True, fill_none=True, fill_value=-999.0, pos_start=None, pos_end=None)]}}
  - available weights variations: {'ttHTobb': ['nominal', 'pileup']} 
  - available shape variations: {'ttHTobb': []}
[INFO    ] Configurator instance:
  - Workflow: <class 'zhbbworkflow.ZHbbBaseProcessor'>
  - Workflow options: {}
  - N. datasets: 1 
   -- Dataset: ttHTobb_M125_M125_2017,  Sample: ttHTobb, N. files: 46, N. events: 7825000
  - Subsamples:
   -- Sample ttHTobb: StandardSelection ['ttHTobb'], (1 categories)
  - Skim: ['preSkimCut']
  - Preselection: ['eventSelection']
  - Categories: StandardSelection ['baseline', 'btag_mask'], (2 categories)
  - Variables:  ['mAK8', 'zhbbtag', 'zhbbtag_sorted', 'outZH_b1_pt']
  - Columns: {'ttHTobb': {'baseline': [ColOut(collection='events', columns=['outZH_b1_pt', 'outZH_b2_pt', 'outZH_b1_score', 'outZH_b2_score', 'outZH_q1_pt', 'outZH_q2_pt', 'outZH_q1_score', 'outZH_q2_score', 'outZH_b1_q_mindr', 'outZH_b2_q_mindr', 'outZH_q_q_dr_nearb1', 'outZH_q_q_dr_nearb2', 'outZH_qq_M_nearb1', 'outZH_qq_M_nearb2', 'outZH_b1_qq_dr', 'outZH_b2_qq_dr', 'outZH_b1qq_M', 'outZH_b2qq_M', 'ZH_b1qq_dr', 'ZH_b2qq_dr', 'ZH_lbb1qq_dr', 'ZH_lbb2qq_dr', 'l_b2_mtb', 'ZH_closeb_invM', 'n_ak8jets', 'n_ak4jets', 'n_ak8_ZHbb', 'outZH_max_ak8pnetMass', 'outZH_b12_m', 'outZH_b12_dr', 'ht_b', 'ht_outZH', 'ak4_bestb_inZH', 'ak4_worstb_inZH', 'nonZHbb_q1_dr', 'nonZHbb_b1_dr', 'inZHb_outZHb_dr', 'ZH_l_dr', 'ZH_l_invM', 'l_b1_invM', 'l_b2_invM', 'l_b1_dr', 'l_b2_dr', 'spher', 'aplan', 'n_b_inZH', 'n_q_inZH', 'n_b_outZH', 'n_q_outZH', 'ZH_bbvLscore', 'process', 'Zbb', 'Hbb', 'Hnonbb', 'Zqq', 'Zllnunu', 'matchedGenZH', 'matchedGen_Zbb', 'matchedGen_Hbb', 'matchedGen_ZHbb', 'matchedGen_Zqq', 'matchedGen_Zhbb_bb', 'matchedGen_ZHbb_b', 'matchedGen_ZHbb_nob', 'nJetGood', 'ZH_pt', 'MET_pt', 'ZH_M'], flatten=True, store_size=True, fill_none=True, fill_value=-999.0, pos_start=None, pos_end=None)],
           'btag_mask': [ColOut(collection='events', columns=['outZH_b1_pt', 'outZH_b2_pt', 'outZH_b1_score', 'outZH_b2_score', 'outZH_q1_pt', 'outZH_q2_pt', 'outZH_q1_score', 'outZH_q2_score', 'outZH_b1_q_mindr', 'outZH_b2_q_mindr', 'outZH_q_q_dr_nearb1', 'outZH_q_q_dr_nearb2', 'outZH_qq_M_nearb1', 'outZH_qq_M_nearb2', 'outZH_b1_qq_dr', 'outZH_b2_qq_dr', 'outZH_b1qq_M', 'outZH_b2qq_M', 'ZH_b1qq_dr', 'ZH_b2qq_dr', 'ZH_lbb1qq_dr', 'ZH_lbb2qq_dr', 'l_b2_mtb', 'ZH_closeb_invM', 'n_ak8jets', 'n_ak4jets', 'n_ak8_ZHbb', 'outZH_max_ak8pnetMass', 'outZH_b12_m', 'outZH_b12_dr', 'ht_b', 'ht_outZH', 'ak4_bestb_inZH', 'ak4_worstb_inZH', 'nonZHbb_q1_dr', 'nonZHbb_b1_dr', 'inZHb_outZHb_dr', 'ZH_l_dr', 'ZH_l_invM', 'l_b1_invM', 'l_b2_invM', 'l_b1_dr', 'l_b2_dr', 'spher', 'aplan', 'n_b_inZH', 'n_q_inZH', 'n_b_outZH', 'n_q_outZH', 'ZH_bbvLscore', 'process', 'Zbb', 'Hbb', 'Hnonbb', 'Zqq', 'Zllnunu', 'matchedGenZH', 'matchedGen_Zbb', 'matchedGen_Hbb', 'matchedGen_ZHbb', 'matchedGen_Zqq', 'matchedGen_Zhbb_bb', 'matchedGen_ZHbb_b', 'matchedGen_ZHbb_nob', 'nJetGood', 'ZH_pt', 'MET_pt', 'ZH_M'], flatten=True, store_size=True, fill_none=True, fill_value=-999.0, pos_start=None, pos_end=None)]}}
  - available weights variations: {'ttHTobb': ['pileup', 'nominal']} 
  - available shape variations: {'ttHTobb': []}
[INFO    ] Configurator instance:
  - Workflow: <class 'zhbbworkflow.ZHbbBaseProcessor'>
  - Workflow options: {}
  - N. datasets: 1 
   -- Dataset: ttHTobb_M125_M125_2017,  Sample: ttHTobb, N. files: 46, N. events: 7825000
  - Subsamples:
   -- Sample ttHTobb: StandardSelection ['ttHTobb'], (1 categories)
  - Skim: ['preSkimCut']
  - Preselection: ['eventSelection']
  - Categories: StandardSelection ['baseline', 'btag_mask'], (2 categories)
  - Variables:  ['mAK8', 'zhbbtag', 'zhbbtag_sorted', 'outZH_b1_pt']
  - Columns: {'ttHTobb': {'baseline': [ColOut(collection='events', columns=['outZH_b1_pt', 'outZH_b2_pt', 'outZH_b1_score', 'outZH_b2_score', 'outZH_q1_pt', 'outZH_q2_pt', 'outZH_q1_score', 'outZH_q2_score', 'outZH_b1_q_mindr', 'outZH_b2_q_mindr', 'outZH_q_q_dr_nearb1', 'outZH_q_q_dr_nearb2', 'outZH_qq_M_nearb1', 'outZH_qq_M_nearb2', 'outZH_b1_qq_dr', 'outZH_b2_qq_dr', 'outZH_b1qq_M', 'outZH_b2qq_M', 'ZH_b1qq_dr', 'ZH_b2qq_dr', 'ZH_lbb1qq_dr', 'ZH_lbb2qq_dr', 'l_b2_mtb', 'ZH_closeb_invM', 'n_ak8jets', 'n_ak4jets', 'n_ak8_ZHbb', 'outZH_max_ak8pnetMass', 'outZH_b12_m', 'outZH_b12_dr', 'ht_b', 'ht_outZH', 'ak4_bestb_inZH', 'ak4_worstb_inZH', 'nonZHbb_q1_dr', 'nonZHbb_b1_dr', 'inZHb_outZHb_dr', 'ZH_l_dr', 'ZH_l_invM', 'l_b1_invM', 'l_b2_invM', 'l_b1_dr', 'l_b2_dr', 'spher', 'aplan', 'n_b_inZH', 'n_q_inZH', 'n_b_outZH', 'n_q_outZH', 'ZH_bbvLscore', 'process', 'Zbb', 'Hbb', 'Hnonbb', 'Zqq', 'Zllnunu', 'matchedGenZH', 'matchedGen_Zbb', 'matchedGen_Hbb', 'matchedGen_ZHbb', 'matchedGen_Zqq', 'matchedGen_Zhbb_bb', 'matchedGen_ZHbb_b', 'matchedGen_ZHbb_nob', 'nJetGood', 'ZH_pt', 'MET_pt', 'ZH_M'], flatten=True, store_size=True, fill_none=True, fill_value=-999.0, pos_start=None, pos_end=None)],
           'btag_mask': [ColOut(collection='events', columns=['outZH_b1_pt', 'outZH_b2_pt', 'outZH_b1_score', 'outZH_b2_score', 'outZH_q1_pt', 'outZH_q2_pt', 'outZH_q1_score', 'outZH_q2_score', 'outZH_b1_q_mindr', 'outZH_b2_q_mindr', 'outZH_q_q_dr_nearb1', 'outZH_q_q_dr_nearb2', 'outZH_qq_M_nearb1', 'outZH_qq_M_nearb2', 'outZH_b1_qq_dr', 'outZH_b2_qq_dr', 'outZH_b1qq_M', 'outZH_b2qq_M', 'ZH_b1qq_dr', 'ZH_b2qq_dr', 'ZH_lbb1qq_dr', 'ZH_lbb2qq_dr', 'l_b2_mtb', 'ZH_closeb_invM', 'n_ak8jets', 'n_ak4jets', 'n_ak8_ZHbb', 'outZH_max_ak8pnetMass', 'outZH_b12_m', 'outZH_b12_dr', 'ht_b', 'ht_outZH', 'ak4_bestb_inZH', 'ak4_worstb_inZH', 'nonZHbb_q1_dr', 'nonZHbb_b1_dr', 'inZHb_outZHb_dr', 'ZH_l_dr', 'ZH_l_invM', 'l_b1_invM', 'l_b2_invM', 'l_b1_dr', 'l_b2_dr', 'spher', 'aplan', 'n_b_inZH', 'n_q_inZH', 'n_b_outZH', 'n_q_outZH', 'ZH_bbvLscore', 'process', 'Zbb', 'Hbb', 'Hnonbb', 'Zqq', 'Zllnunu', 'matchedGenZH', 'matchedGen_Zbb', 'matchedGen_Hbb', 'matchedGen_ZHbb', 'matchedGen_Zqq', 'matchedGen_Zhbb_bb', 'matchedGen_ZHbb_b', 'matchedGen_ZHbb_nob', 'nJetGood', 'ZH_pt', 'MET_pt', 'ZH_M'], flatten=True, store_size=True, fill_none=True, fill_value=-999.0, pos_start=None, pos_end=None)]}}
  - available weights variations: {'ttHTobb': ['pileup', 'nominal']} 
  - available shape variations: {'ttHTobb': []}
[INFO    ] Configurator instance:
  - Workflow: <class 'zhbbworkflow.ZHbbBaseProcessor'>
  - Workflow options: {}
  - N. datasets: 1 
   -- Dataset: ttHTobb_M125_M125_2017,  Sample: ttHTobb, N. files: 46, N. events: 7825000
  - Subsamples:
   -- Sample ttHTobb: StandardSelection ['ttHTobb'], (1 categories)
  - Skim: ['preSkimCut']
  - Preselection: ['eventSelection']
  - Categories: StandardSelection ['baseline', 'btag_mask'], (2 categories)
  - Variables:  ['mAK8', 'zhbbtag', 'zhbbtag_sorted', 'outZH_b1_pt']
  - Columns: {'ttHTobb': {'baseline': [ColOut(collection='events', columns=['outZH_b1_pt', 'outZH_b2_pt', 'outZH_b1_score', 'outZH_b2_score', 'outZH_q1_pt', 'outZH_q2_pt', 'outZH_q1_score', 'outZH_q2_score', 'outZH_b1_q_mindr', 'outZH_b2_q_mindr', 'outZH_q_q_dr_nearb1', 'outZH_q_q_dr_nearb2', 'outZH_qq_M_nearb1', 'outZH_qq_M_nearb2', 'outZH_b1_qq_dr', 'outZH_b2_qq_dr', 'outZH_b1qq_M', 'outZH_b2qq_M', 'ZH_b1qq_dr', 'ZH_b2qq_dr', 'ZH_lbb1qq_dr', 'ZH_lbb2qq_dr', 'l_b2_mtb', 'ZH_closeb_invM', 'n_ak8jets', 'n_ak4jets', 'n_ak8_ZHbb', 'outZH_max_ak8pnetMass', 'outZH_b12_m', 'outZH_b12_dr', 'ht_b', 'ht_outZH', 'ak4_bestb_inZH', 'ak4_worstb_inZH', 'nonZHbb_q1_dr', 'nonZHbb_b1_dr', 'inZHb_outZHb_dr', 'ZH_l_dr', 'ZH_l_invM', 'l_b1_invM', 'l_b2_invM', 'l_b1_dr', 'l_b2_dr', 'spher', 'aplan', 'n_b_inZH', 'n_q_inZH', 'n_b_outZH', 'n_q_outZH', 'ZH_bbvLscore', 'process', 'Zbb', 'Hbb', 'Hnonbb', 'Zqq', 'Zllnunu', 'matchedGenZH', 'matchedGen_Zbb', 'matchedGen_Hbb', 'matchedGen_ZHbb', 'matchedGen_Zqq', 'matchedGen_Zhbb_bb', 'matchedGen_ZHbb_b', 'matchedGen_ZHbb_nob', 'nJetGood', 'ZH_pt', 'MET_pt', 'ZH_M'], flatten=True, store_size=True, fill_none=True, fill_value=-999.0, pos_start=None, pos_end=None)],
           'btag_mask': [ColOut(collection='events', columns=['outZH_b1_pt', 'outZH_b2_pt', 'outZH_b1_score', 'outZH_b2_score', 'outZH_q1_pt', 'outZH_q2_pt', 'outZH_q1_score', 'outZH_q2_score', 'outZH_b1_q_mindr', 'outZH_b2_q_mindr', 'outZH_q_q_dr_nearb1', 'outZH_q_q_dr_nearb2', 'outZH_qq_M_nearb1', 'outZH_qq_M_nearb2', 'outZH_b1_qq_dr', 'outZH_b2_qq_dr', 'outZH_b1qq_M', 'outZH_b2qq_M', 'ZH_b1qq_dr', 'ZH_b2qq_dr', 'ZH_lbb1qq_dr', 'ZH_lbb2qq_dr', 'l_b2_mtb', 'ZH_closeb_invM', 'n_ak8jets', 'n_ak4jets', 'n_ak8_ZHbb', 'outZH_max_ak8pnetMass', 'outZH_b12_m', 'outZH_b12_dr', 'ht_b', 'ht_outZH', 'ak4_bestb_inZH', 'ak4_worstb_inZH', 'nonZHbb_q1_dr', 'nonZHbb_b1_dr', 'inZHb_outZHb_dr', 'ZH_l_dr', 'ZH_l_invM', 'l_b1_invM', 'l_b2_invM', 'l_b1_dr', 'l_b2_dr', 'spher', 'aplan', 'n_b_inZH', 'n_q_inZH', 'n_b_outZH', 'n_q_outZH', 'ZH_bbvLscore', 'process', 'Zbb', 'Hbb', 'Hnonbb', 'Zqq', 'Zllnunu', 'matchedGenZH', 'matchedGen_Zbb', 'matchedGen_Hbb', 'matchedGen_ZHbb', 'matchedGen_Zqq', 'matchedGen_Zhbb_bb', 'matchedGen_ZHbb_b', 'matchedGen_ZHbb_nob', 'nJetGood', 'ZH_pt', 'MET_pt', 'ZH_M'], flatten=True, store_size=True, fill_none=True, fill_value=-999.0, pos_start=None, pos_end=None)]}}
  - available weights variations: {'ttHTobb': ['nominal', 'pileup']} 
  - available shape variations: {'ttHTobb': []}
[INFO    ] Configurator instance:
  - Workflow: <class 'zhbbworkflow.ZHbbBaseProcessor'>
  - Workflow options: {}
  - N. datasets: 1 
   -- Dataset: ttHTobb_M125_M125_2017,  Sample: ttHTobb, N. files: 46, N. events: 7825000
  - Subsamples:
   -- Sample ttHTobb: StandardSelection ['ttHTobb'], (1 categories)
  - Skim: ['preSkimCut']
  - Preselection: ['eventSelection']
  - Categories: StandardSelection ['baseline', 'btag_mask'], (2 categories)
  - Variables:  ['mAK8', 'zhbbtag', 'zhbbtag_sorted', 'outZH_b1_pt']
  - Columns: {'ttHTobb': {'baseline': [ColOut(collection='events', columns=['outZH_b1_pt', 'outZH_b2_pt', 'outZH_b1_score', 'outZH_b2_score', 'outZH_q1_pt', 'outZH_q2_pt', 'outZH_q1_score', 'outZH_q2_score', 'outZH_b1_q_mindr', 'outZH_b2_q_mindr', 'outZH_q_q_dr_nearb1', 'outZH_q_q_dr_nearb2', 'outZH_qq_M_nearb1', 'outZH_qq_M_nearb2', 'outZH_b1_qq_dr', 'outZH_b2_qq_dr', 'outZH_b1qq_M', 'outZH_b2qq_M', 'ZH_b1qq_dr', 'ZH_b2qq_dr', 'ZH_lbb1qq_dr', 'ZH_lbb2qq_dr', 'l_b2_mtb', 'ZH_closeb_invM', 'n_ak8jets', 'n_ak4jets', 'n_ak8_ZHbb', 'outZH_max_ak8pnetMass', 'outZH_b12_m', 'outZH_b12_dr', 'ht_b', 'ht_outZH', 'ak4_bestb_inZH', 'ak4_worstb_inZH', 'nonZHbb_q1_dr', 'nonZHbb_b1_dr', 'inZHb_outZHb_dr', 'ZH_l_dr', 'ZH_l_invM', 'l_b1_invM', 'l_b2_invM', 'l_b1_dr', 'l_b2_dr', 'spher', 'aplan', 'n_b_inZH', 'n_q_inZH', 'n_b_outZH', 'n_q_outZH', 'ZH_bbvLscore', 'process', 'Zbb', 'Hbb', 'Hnonbb', 'Zqq', 'Zllnunu', 'matchedGenZH', 'matchedGen_Zbb', 'matchedGen_Hbb', 'matchedGen_ZHbb', 'matchedGen_Zqq', 'matchedGen_ZHbb_bb', 'matchedGen_ZHbb_b', 'matchedGen_ZHbb_nob', 'nJetGood', 'ZH_pt', 'MET_pt', 'ZH_M'], flatten=True, store_size=True, fill_none=True, fill_value=-999.0, pos_start=None, pos_end=None)],
           'btag_mask': [ColOut(collection='events', columns=['outZH_b1_pt', 'outZH_b2_pt', 'outZH_b1_score', 'outZH_b2_score', 'outZH_q1_pt', 'outZH_q2_pt', 'outZH_q1_score', 'outZH_q2_score', 'outZH_b1_q_mindr', 'outZH_b2_q_mindr', 'outZH_q_q_dr_nearb1', 'outZH_q_q_dr_nearb2', 'outZH_qq_M_nearb1', 'outZH_qq_M_nearb2', 'outZH_b1_qq_dr', 'outZH_b2_qq_dr', 'outZH_b1qq_M', 'outZH_b2qq_M', 'ZH_b1qq_dr', 'ZH_b2qq_dr', 'ZH_lbb1qq_dr', 'ZH_lbb2qq_dr', 'l_b2_mtb', 'ZH_closeb_invM', 'n_ak8jets', 'n_ak4jets', 'n_ak8_ZHbb', 'outZH_max_ak8pnetMass', 'outZH_b12_m', 'outZH_b12_dr', 'ht_b', 'ht_outZH', 'ak4_bestb_inZH', 'ak4_worstb_inZH', 'nonZHbb_q1_dr', 'nonZHbb_b1_dr', 'inZHb_outZHb_dr', 'ZH_l_dr', 'ZH_l_invM', 'l_b1_invM', 'l_b2_invM', 'l_b1_dr', 'l_b2_dr', 'spher', 'aplan', 'n_b_inZH', 'n_q_inZH', 'n_b_outZH', 'n_q_outZH', 'ZH_bbvLscore', 'process', 'Zbb', 'Hbb', 'Hnonbb', 'Zqq', 'Zllnunu', 'matchedGenZH', 'matchedGen_Zbb', 'matchedGen_Hbb', 'matchedGen_ZHbb', 'matchedGen_Zqq', 'matchedGen_ZHbb_bb', 'matchedGen_ZHbb_b', 'matchedGen_ZHbb_nob', 'nJetGood', 'ZH_pt', 'MET_pt', 'ZH_M'], flatten=True, store_size=True, fill_none=True, fill_value=-999.0, pos_start=None, pos_end=None)]}}
  - available weights variations: {'ttHTobb': ['pileup', 'nominal']} 
  - available shape variations: {'ttHTobb': []}
[INFO    ] Configurator instance:
  - Workflow: <class 'zhbbworkflow.ZHbbBaseProcessor'>
  - Workflow options: {}
  - N. datasets: 11 
   -- Dataset: ttHTobb_M125_M125_2017,  Sample: ttHTobb, N. files: 46, N. events: 7825000
   -- Dataset: ttHToNonbb_M125_M125_2017,  Sample: ttHToNonbb, N. files: 35, N. events: 5070989
   -- Dataset: TTZToBB__2017,  Sample: TTZToBB, N. files: 26, N. events: 7074000
   -- Dataset: TTZToQQ__2017,  Sample: TTZToQQ, N. files: 35, N. events: 13822000
   -- Dataset: TTZToLLNuNu__2017,  Sample: TTZToLLNuNu, N. files: 19, N. events: 14036000
   -- Dataset: TTbb_Hadronic__2017,  Sample: TTbb_Hadronic, N. files: 9, N. events: 5694656
   -- Dataset: TTbb_2L2Nu__2017,  Sample: TTbb_2L2Nu, N. files: 7, N. events: 3472503
   -- Dataset: TTbb_SemiLeptonic__2017,  Sample: TTbb_SemiLeptonic, N. files: 12, N. events: 7318891
   -- Dataset: TTToHadronic__2017,  Sample: TTToHadronic, N. files: 199, N. events: 232999999
   -- Dataset: TTTo2L2Nu__2017,  Sample: TTTo2L2Nu, N. files: 99, N. events: 106724000
   -- Dataset: TTToSemiLeptonic__2017,  Sample: TTToSemiLeptonic, N. files: 297, N. events: 346052000
  - Subsamples:
   -- Sample ttHTobb: StandardSelection ['ttHTobb'], (1 categories)
   -- Sample ttHToNonbb: StandardSelection ['ttHToNonbb'], (1 categories)
   -- Sample TTZToBB: StandardSelection ['TTZToBB'], (1 categories)
   -- Sample TTZToQQ: StandardSelection ['TTZToQQ'], (1 categories)
   -- Sample TTZToLLNuNu: StandardSelection ['TTZToLLNuNu'], (1 categories)
   -- Sample TTbb_Hadronic: StandardSelection ['TTbb_Hadronic'], (1 categories)
   -- Sample TTbb_2L2Nu: StandardSelection ['TTbb_2L2Nu'], (1 categories)
   -- Sample TTbb_SemiLeptonic: StandardSelection ['TTbb_SemiLeptonic'], (1 categories)
   -- Sample TTToHadronic: StandardSelection ['TTToHadronic'], (1 categories)
   -- Sample TTTo2L2Nu: StandardSelection ['TTTo2L2Nu'], (1 categories)
   -- Sample TTToSemiLeptonic: StandardSelection ['TTToSemiLeptonic'], (1 categories)
  - Skim: ['preSkimCut']
  - Preselection: ['eventSelection']
  - Categories: StandardSelection ['baseline', 'btag_mask'], (2 categories)
  - Variables:  ['mAK8', 'zhbbtag', 'zhbbtag_sorted', 'outZH_b1_pt']
  - Columns: {'TTTo2L2Nu': {'baseline': [ColOut(collection='events', columns=['outZH_b1_pt', 'outZH_b2_pt', 'outZH_b1_score', 'outZH_b2_score', 'outZH_q1_pt', 'outZH_q2_pt', 'outZH_q1_score', 'outZH_q2_score', 'outZH_b1_q_mindr', 'outZH_b2_q_mindr', 'outZH_q_q_dr_nearb1', 'outZH_q_q_dr_nearb2', 'outZH_qq_M_nearb1', 'outZH_qq_M_nearb2', 'outZH_b1_qq_dr', 'outZH_b2_qq_dr', 'outZH_b1qq_M', 'outZH_b2qq_M', 'ZH_b1qq_dr', 'ZH_b2qq_dr', 'ZH_lbb1qq_dr', 'ZH_lbb2qq_dr', 'l_b2_mtb', 'ZH_closeb_invM', 'n_ak8jets', 'n_ak4jets', 'n_ak8_ZHbb', 'outZH_max_ak8pnetMass', 'outZH_b12_m', 'outZH_b12_dr', 'ht_b', 'ht_outZH', 'ak4_bestb_inZH', 'ak4_worstb_inZH', 'nonZHbb_q1_dr', 'nonZHbb_b1_dr', 'inZHb_outZHb_dr', 'ZH_l_dr', 'ZH_l_invM', 'l_b1_invM', 'l_b2_invM', 'l_b1_dr', 'l_b2_dr', 'spher', 'aplan', 'n_b_inZH', 'n_q_inZH', 'n_b_outZH', 'n_q_outZH', 'ZH_bbvLscore', 'process', 'tt_type'], flatten=True, store_size=True, fill_none=True, fill_value=-999.0, pos_start=None, pos_end=None)],
             'btag_mask': [ColOut(collection='events', columns=['outZH_b1_pt', 'outZH_b2_pt', 'outZH_b1_score', 'outZH_b2_score', 'outZH_q1_pt', 'outZH_q2_pt', 'outZH_q1_score', 'outZH_q2_score', 'outZH_b1_q_mindr', 'outZH_b2_q_mindr', 'outZH_q_q_dr_nearb1', 'outZH_q_q_dr_nearb2', 'outZH_qq_M_nearb1', 'outZH_qq_M_nearb2', 'outZH_b1_qq_dr', 'outZH_b2_qq_dr', 'outZH_b1qq_M', 'outZH_b2qq_M', 'ZH_b1qq_dr', 'ZH_b2qq_dr', 'ZH_lbb1qq_dr', 'ZH_lbb2qq_dr', 'l_b2_mtb', 'ZH_closeb_invM', 'n_ak8jets', 'n_ak4jets', 'n_ak8_ZHbb', 'outZH_max_ak8pnetMass', 'outZH_b12_m', 'outZH_b12_dr', 'ht_b', 'ht_outZH', 'ak4_bestb_inZH', 'ak4_worstb_inZH', 'nonZHbb_q1_dr', 'nonZHbb_b1_dr', 'inZHb_outZHb_dr', 'ZH_l_dr', 'ZH_l_invM', 'l_b1_invM', 'l_b2_invM', 'l_b1_dr', 'l_b2_dr', 'spher', 'aplan', 'n_b_inZH', 'n_q_inZH', 'n_b_outZH', 'n_q_outZH', 'ZH_bbvLscore', 'process', 'tt_type'], flatten=True, store_size=True, fill_none=True, fill_value=-999.0, pos_start=None, pos_end=None)]},
'TTToHadronic': {'baseline': [ColOut(collection='events', columns=['outZH_b1_pt', 'outZH_b2_pt', 'outZH_b1_score', 'outZH_b2_score', 'outZH_q1_pt', 'outZH_q2_pt', 'outZH_q1_score', 'outZH_q2_score', 'outZH_b1_q_mindr', 'outZH_b2_q_mindr', 'outZH_q_q_dr_nearb1', 'outZH_q_q_dr_nearb2', 'outZH_qq_M_nearb1', 'outZH_qq_M_nearb2', 'outZH_b1_qq_dr', 'outZH_b2_qq_dr', 'outZH_b1qq_M', 'outZH_b2qq_M', 'ZH_b1qq_dr', 'ZH_b2qq_dr', 'ZH_lbb1qq_dr', 'ZH_lbb2qq_dr', 'l_b2_mtb', 'ZH_closeb_invM', 'n_ak8jets', 'n_ak4jets', 'n_ak8_ZHbb', 'outZH_max_ak8pnetMass', 'outZH_b12_m', 'outZH_b12_dr', 'ht_b', 'ht_outZH', 'ak4_bestb_inZH', 'ak4_worstb_inZH', 'nonZHbb_q1_dr', 'nonZHbb_b1_dr', 'inZHb_outZHb_dr', 'ZH_l_dr', 'ZH_l_invM', 'l_b1_invM', 'l_b2_invM', 'l_b1_dr', 'l_b2_dr', 'spher', 'aplan', 'n_b_inZH', 'n_q_inZH', 'n_b_outZH', 'n_q_outZH', 'ZH_bbvLscore', 'process', 'tt_type'], flatten=True, store_size=True, fill_none=True, fill_value=-999.0, pos_start=None, pos_end=None)],
                'btag_mask': [ColOut(collection='events', columns=['outZH_b1_pt', 'outZH_b2_pt', 'outZH_b1_score', 'outZH_b2_score', 'outZH_q1_pt', 'outZH_q2_pt', 'outZH_q1_score', 'outZH_q2_score', 'outZH_b1_q_mindr', 'outZH_b2_q_mindr', 'outZH_q_q_dr_nearb1', 'outZH_q_q_dr_nearb2', 'outZH_qq_M_nearb1', 'outZH_qq_M_nearb2', 'outZH_b1_qq_dr', 'outZH_b2_qq_dr', 'outZH_b1qq_M', 'outZH_b2qq_M', 'ZH_b1qq_dr', 'ZH_b2qq_dr', 'ZH_lbb1qq_dr', 'ZH_lbb2qq_dr', 'l_b2_mtb', 'ZH_closeb_invM', 'n_ak8jets', 'n_ak4jets', 'n_ak8_ZHbb', 'outZH_max_ak8pnetMass', 'outZH_b12_m', 'outZH_b12_dr', 'ht_b', 'ht_outZH', 'ak4_bestb_inZH', 'ak4_worstb_inZH', 'nonZHbb_q1_dr', 'nonZHbb_b1_dr', 'inZHb_outZHb_dr', 'ZH_l_dr', 'ZH_l_invM', 'l_b1_invM', 'l_b2_invM', 'l_b1_dr', 'l_b2_dr', 'spher', 'aplan', 'n_b_inZH', 'n_q_inZH', 'n_b_outZH', 'n_q_outZH', 'ZH_bbvLscore', 'process', 'tt_type'], flatten=True, store_size=True, fill_none=True, fill_value=-999.0, pos_start=None, pos_end=None)]},
'TTToSemiLeptonic': {'baseline': [ColOut(collection='events', columns=['outZH_b1_pt', 'outZH_b2_pt', 'outZH_b1_score', 'outZH_b2_score', 'outZH_q1_pt', 'outZH_q2_pt', 'outZH_q1_score', 'outZH_q2_score', 'outZH_b1_q_mindr', 'outZH_b2_q_mindr', 'outZH_q_q_dr_nearb1', 'outZH_q_q_dr_nearb2', 'outZH_qq_M_nearb1', 'outZH_qq_M_nearb2', 'outZH_b1_qq_dr', 'outZH_b2_qq_dr', 'outZH_b1qq_M', 'outZH_b2qq_M', 'ZH_b1qq_dr', 'ZH_b2qq_dr', 'ZH_lbb1qq_dr', 'ZH_lbb2qq_dr', 'l_b2_mtb', 'ZH_closeb_invM', 'n_ak8jets', 'n_ak4jets', 'n_ak8_ZHbb', 'outZH_max_ak8pnetMass', 'outZH_b12_m', 'outZH_b12_dr', 'ht_b', 'ht_outZH', 'ak4_bestb_inZH', 'ak4_worstb_inZH', 'nonZHbb_q1_dr', 'nonZHbb_b1_dr', 'inZHb_outZHb_dr', 'ZH_l_dr', 'ZH_l_invM', 'l_b1_invM', 'l_b2_invM', 'l_b1_dr', 'l_b2_dr', 'spher', 'aplan', 'n_b_inZH', 'n_q_inZH', 'n_b_outZH', 'n_q_outZH', 'ZH_bbvLscore', 'process', 'tt_type'], flatten=True, store_size=True, fill_none=True, fill_value=-999.0, pos_start=None, pos_end=None)],
                    'btag_mask': [ColOut(collection='events', columns=['outZH_b1_pt', 'outZH_b2_pt', 'outZH_b1_score', 'outZH_b2_score', 'outZH_q1_pt', 'outZH_q2_pt', 'outZH_q1_score', 'outZH_q2_score', 'outZH_b1_q_mindr', 'outZH_b2_q_mindr', 'outZH_q_q_dr_nearb1', 'outZH_q_q_dr_nearb2', 'outZH_qq_M_nearb1', 'outZH_qq_M_nearb2', 'outZH_b1_qq_dr', 'outZH_b2_qq_dr', 'outZH_b1qq_M', 'outZH_b2qq_M', 'ZH_b1qq_dr', 'ZH_b2qq_dr', 'ZH_lbb1qq_dr', 'ZH_lbb2qq_dr', 'l_b2_mtb', 'ZH_closeb_invM', 'n_ak8jets', 'n_ak4jets', 'n_ak8_ZHbb', 'outZH_max_ak8pnetMass', 'outZH_b12_m', 'outZH_b12_dr', 'ht_b', 'ht_outZH', 'ak4_bestb_inZH', 'ak4_worstb_inZH', 'nonZHbb_q1_dr', 'nonZHbb_b1_dr', 'inZHb_outZHb_dr', 'ZH_l_dr', 'ZH_l_invM', 'l_b1_invM', 'l_b2_invM', 'l_b1_dr', 'l_b2_dr', 'spher', 'aplan', 'n_b_inZH', 'n_q_inZH', 'n_b_outZH', 'n_q_outZH', 'ZH_bbvLscore', 'process', 'tt_type'], flatten=True, store_size=True, fill_none=True, fill_value=-999.0, pos_start=None, pos_end=None)]},
'TTZToBB': {'baseline': [ColOut(collection='events', columns=['outZH_b1_pt', 'outZH_b2_pt', 'outZH_b1_score', 'outZH_b2_score', 'outZH_q1_pt', 'outZH_q2_pt', 'outZH_q1_score', 'outZH_q2_score', 'outZH_b1_q_mindr', 'outZH_b2_q_mindr', 'outZH_q_q_dr_nearb1', 'outZH_q_q_dr_nearb2', 'outZH_qq_M_nearb1', 'outZH_qq_M_nearb2', 'outZH_b1_qq_dr', 'outZH_b2_qq_dr', 'outZH_b1qq_M', 'outZH_b2qq_M', 'ZH_b1qq_dr', 'ZH_b2qq_dr', 'ZH_lbb1qq_dr', 'ZH_lbb2qq_dr', 'l_b2_mtb', 'ZH_closeb_invM', 'n_ak8jets', 'n_ak4jets', 'n_ak8_ZHbb', 'outZH_max_ak8pnetMass', 'outZH_b12_m', 'outZH_b12_dr', 'ht_b', 'ht_outZH', 'ak4_bestb_inZH', 'ak4_worstb_inZH', 'nonZHbb_q1_dr', 'nonZHbb_b1_dr', 'inZHb_outZHb_dr', 'ZH_l_dr', 'ZH_l_invM', 'l_b1_invM', 'l_b2_invM', 'l_b1_dr', 'l_b2_dr', 'spher', 'aplan', 'n_b_inZH', 'n_q_inZH', 'n_b_outZH', 'n_q_outZH', 'ZH_bbvLscore', 'process', 'Zbb', 'Hbb', 'Hnonbb', 'Zqq', 'Zllnunu', 'matchedGenZH', 'matchedGen_Zbb', 'matchedGen_Hbb', 'matchedGen_ZHbb', 'matchedGen_Zqq', 'matchedGen_ZHbb_bb', 'matchedGen_ZHbb_b', 'matchedGen_ZHbb_nob', 'nJetGood', 'ZH_pt', 'MET_pt', 'ZH_M'], flatten=True, store_size=True, fill_none=True, fill_value=-999.0, pos_start=None, pos_end=None)],
           'btag_mask': [ColOut(collection='events', columns=['outZH_b1_pt', 'outZH_b2_pt', 'outZH_b1_score', 'outZH_b2_score', 'outZH_q1_pt', 'outZH_q2_pt', 'outZH_q1_score', 'outZH_q2_score', 'outZH_b1_q_mindr', 'outZH_b2_q_mindr', 'outZH_q_q_dr_nearb1', 'outZH_q_q_dr_nearb2', 'outZH_qq_M_nearb1', 'outZH_qq_M_nearb2', 'outZH_b1_qq_dr', 'outZH_b2_qq_dr', 'outZH_b1qq_M', 'outZH_b2qq_M', 'ZH_b1qq_dr', 'ZH_b2qq_dr', 'ZH_lbb1qq_dr', 'ZH_lbb2qq_dr', 'l_b2_mtb', 'ZH_closeb_invM', 'n_ak8jets', 'n_ak4jets', 'n_ak8_ZHbb', 'outZH_max_ak8pnetMass', 'outZH_b12_m', 'outZH_b12_dr', 'ht_b', 'ht_outZH', 'ak4_bestb_inZH', 'ak4_worstb_inZH', 'nonZHbb_q1_dr', 'nonZHbb_b1_dr', 'inZHb_outZHb_dr', 'ZH_l_dr', 'ZH_l_invM', 'l_b1_invM', 'l_b2_invM', 'l_b1_dr', 'l_b2_dr', 'spher', 'aplan', 'n_b_inZH', 'n_q_inZH', 'n_b_outZH', 'n_q_outZH', 'ZH_bbvLscore', 'process', 'Zbb', 'Hbb', 'Hnonbb', 'Zqq', 'Zllnunu', 'matchedGenZH', 'matchedGen_Zbb', 'matchedGen_Hbb', 'matchedGen_ZHbb', 'matchedGen_Zqq', 'matchedGen_ZHbb_bb', 'matchedGen_ZHbb_b', 'matchedGen_ZHbb_nob', 'nJetGood', 'ZH_pt', 'MET_pt', 'ZH_M'], flatten=True, store_size=True, fill_none=True, fill_value=-999.0, pos_start=None, pos_end=None)]},
'TTZToLLNuNu': {'baseline': [ColOut(collection='events', columns=['outZH_b1_pt', 'outZH_b2_pt', 'outZH_b1_score', 'outZH_b2_score', 'outZH_q1_pt', 'outZH_q2_pt', 'outZH_q1_score', 'outZH_q2_score', 'outZH_b1_q_mindr', 'outZH_b2_q_mindr', 'outZH_q_q_dr_nearb1', 'outZH_q_q_dr_nearb2', 'outZH_qq_M_nearb1', 'outZH_qq_M_nearb2', 'outZH_b1_qq_dr', 'outZH_b2_qq_dr', 'outZH_b1qq_M', 'outZH_b2qq_M', 'ZH_b1qq_dr', 'ZH_b2qq_dr', 'ZH_lbb1qq_dr', 'ZH_lbb2qq_dr', 'l_b2_mtb', 'ZH_closeb_invM', 'n_ak8jets', 'n_ak4jets', 'n_ak8_ZHbb', 'outZH_max_ak8pnetMass', 'outZH_b12_m', 'outZH_b12_dr', 'ht_b', 'ht_outZH', 'ak4_bestb_inZH', 'ak4_worstb_inZH', 'nonZHbb_q1_dr', 'nonZHbb_b1_dr', 'inZHb_outZHb_dr', 'ZH_l_dr', 'ZH_l_invM', 'l_b1_invM', 'l_b2_invM', 'l_b1_dr', 'l_b2_dr', 'spher', 'aplan', 'n_b_inZH', 'n_q_inZH', 'n_b_outZH', 'n_q_outZH', 'ZH_bbvLscore', 'process', 'Zbb', 'Hbb', 'Hnonbb', 'Zqq', 'Zllnunu', 'matchedGenZH', 'matchedGen_Zbb', 'matchedGen_Hbb', 'matchedGen_ZHbb', 'matchedGen_Zqq', 'matchedGen_ZHbb_bb', 'matchedGen_ZHbb_b', 'matchedGen_ZHbb_nob', 'nJetGood', 'ZH_pt', 'MET_pt', 'ZH_M'], flatten=True, store_size=True, fill_none=True, fill_value=-999.0, pos_start=None, pos_end=None)],
               'btag_mask': [ColOut(collection='events', columns=['outZH_b1_pt', 'outZH_b2_pt', 'outZH_b1_score', 'outZH_b2_score', 'outZH_q1_pt', 'outZH_q2_pt', 'outZH_q1_score', 'outZH_q2_score', 'outZH_b1_q_mindr', 'outZH_b2_q_mindr', 'outZH_q_q_dr_nearb1', 'outZH_q_q_dr_nearb2', 'outZH_qq_M_nearb1', 'outZH_qq_M_nearb2', 'outZH_b1_qq_dr', 'outZH_b2_qq_dr', 'outZH_b1qq_M', 'outZH_b2qq_M', 'ZH_b1qq_dr', 'ZH_b2qq_dr', 'ZH_lbb1qq_dr', 'ZH_lbb2qq_dr', 'l_b2_mtb', 'ZH_closeb_invM', 'n_ak8jets', 'n_ak4jets', 'n_ak8_ZHbb', 'outZH_max_ak8pnetMass', 'outZH_b12_m', 'outZH_b12_dr', 'ht_b', 'ht_outZH', 'ak4_bestb_inZH', 'ak4_worstb_inZH', 'nonZHbb_q1_dr', 'nonZHbb_b1_dr', 'inZHb_outZHb_dr', 'ZH_l_dr', 'ZH_l_invM', 'l_b1_invM', 'l_b2_invM', 'l_b1_dr', 'l_b2_dr', 'spher', 'aplan', 'n_b_inZH', 'n_q_inZH', 'n_b_outZH', 'n_q_outZH', 'ZH_bbvLscore', 'process', 'Zbb', 'Hbb', 'Hnonbb', 'Zqq', 'Zllnunu', 'matchedGenZH', 'matchedGen_Zbb', 'matchedGen_Hbb', 'matchedGen_ZHbb', 'matchedGen_Zqq', 'matchedGen_ZHbb_bb', 'matchedGen_ZHbb_b', 'matchedGen_ZHbb_nob', 'nJetGood', 'ZH_pt', 'MET_pt', 'ZH_M'], flatten=True, store_size=True, fill_none=True, fill_value=-999.0, pos_start=None, pos_end=None)]},
'TTZToQQ': {'baseline': [ColOut(collection='events', columns=['outZH_b1_pt', 'outZH_b2_pt', 'outZH_b1_score', 'outZH_b2_score', 'outZH_q1_pt', 'outZH_q2_pt', 'outZH_q1_score', 'outZH_q2_score', 'outZH_b1_q_mindr', 'outZH_b2_q_mindr', 'outZH_q_q_dr_nearb1', 'outZH_q_q_dr_nearb2', 'outZH_qq_M_nearb1', 'outZH_qq_M_nearb2', 'outZH_b1_qq_dr', 'outZH_b2_qq_dr', 'outZH_b1qq_M', 'outZH_b2qq_M', 'ZH_b1qq_dr', 'ZH_b2qq_dr', 'ZH_lbb1qq_dr', 'ZH_lbb2qq_dr', 'l_b2_mtb', 'ZH_closeb_invM', 'n_ak8jets', 'n_ak4jets', 'n_ak8_ZHbb', 'outZH_max_ak8pnetMass', 'outZH_b12_m', 'outZH_b12_dr', 'ht_b', 'ht_outZH', 'ak4_bestb_inZH', 'ak4_worstb_inZH', 'nonZHbb_q1_dr', 'nonZHbb_b1_dr', 'inZHb_outZHb_dr', 'ZH_l_dr', 'ZH_l_invM', 'l_b1_invM', 'l_b2_invM', 'l_b1_dr', 'l_b2_dr', 'spher', 'aplan', 'n_b_inZH', 'n_q_inZH', 'n_b_outZH', 'n_q_outZH', 'ZH_bbvLscore', 'process', 'Zbb', 'Hbb', 'Hnonbb', 'Zqq', 'Zllnunu', 'matchedGenZH', 'matchedGen_Zbb', 'matchedGen_Hbb', 'matchedGen_ZHbb', 'matchedGen_Zqq', 'matchedGen_ZHbb_bb', 'matchedGen_ZHbb_b', 'matchedGen_ZHbb_nob', 'nJetGood', 'ZH_pt', 'MET_pt', 'ZH_M'], flatten=True, store_size=True, fill_none=True, fill_value=-999.0, pos_start=None, pos_end=None)],
           'btag_mask': [ColOut(collection='events', columns=['outZH_b1_pt', 'outZH_b2_pt', 'outZH_b1_score', 'outZH_b2_score', 'outZH_q1_pt', 'outZH_q2_pt', 'outZH_q1_score', 'outZH_q2_score', 'outZH_b1_q_mindr', 'outZH_b2_q_mindr', 'outZH_q_q_dr_nearb1', 'outZH_q_q_dr_nearb2', 'outZH_qq_M_nearb1', 'outZH_qq_M_nearb2', 'outZH_b1_qq_dr', 'outZH_b2_qq_dr', 'outZH_b1qq_M', 'outZH_b2qq_M', 'ZH_b1qq_dr', 'ZH_b2qq_dr', 'ZH_lbb1qq_dr', 'ZH_lbb2qq_dr', 'l_b2_mtb', 'ZH_closeb_invM', 'n_ak8jets', 'n_ak4jets', 'n_ak8_ZHbb', 'outZH_max_ak8pnetMass', 'outZH_b12_m', 'outZH_b12_dr', 'ht_b', 'ht_outZH', 'ak4_bestb_inZH', 'ak4_worstb_inZH', 'nonZHbb_q1_dr', 'nonZHbb_b1_dr', 'inZHb_outZHb_dr', 'ZH_l_dr', 'ZH_l_invM', 'l_b1_invM', 'l_b2_invM', 'l_b1_dr', 'l_b2_dr', 'spher', 'aplan', 'n_b_inZH', 'n_q_inZH', 'n_b_outZH', 'n_q_outZH', 'ZH_bbvLscore', 'process', 'Zbb', 'Hbb', 'Hnonbb', 'Zqq', 'Zllnunu', 'matchedGenZH', 'matchedGen_Zbb', 'matchedGen_Hbb', 'matchedGen_ZHbb', 'matchedGen_Zqq', 'matchedGen_ZHbb_bb', 'matchedGen_ZHbb_b', 'matchedGen_ZHbb_nob', 'nJetGood', 'ZH_pt', 'MET_pt', 'ZH_M'], flatten=True, store_size=True, fill_none=True, fill_value=-999.0, pos_start=None, pos_end=None)]},
'TTbb_2L2Nu': {'baseline': [ColOut(collection='events', columns=['outZH_b1_pt', 'outZH_b2_pt', 'outZH_b1_score', 'outZH_b2_score', 'outZH_q1_pt', 'outZH_q2_pt', 'outZH_q1_score', 'outZH_q2_score', 'outZH_b1_q_mindr', 'outZH_b2_q_mindr', 'outZH_q_q_dr_nearb1', 'outZH_q_q_dr_nearb2', 'outZH_qq_M_nearb1', 'outZH_qq_M_nearb2', 'outZH_b1_qq_dr', 'outZH_b2_qq_dr', 'outZH_b1qq_M', 'outZH_b2qq_M', 'ZH_b1qq_dr', 'ZH_b2qq_dr', 'ZH_lbb1qq_dr', 'ZH_lbb2qq_dr', 'l_b2_mtb', 'ZH_closeb_invM', 'n_ak8jets', 'n_ak4jets', 'n_ak8_ZHbb', 'outZH_max_ak8pnetMass', 'outZH_b12_m', 'outZH_b12_dr', 'ht_b', 'ht_outZH', 'ak4_bestb_inZH', 'ak4_worstb_inZH', 'nonZHbb_q1_dr', 'nonZHbb_b1_dr', 'inZHb_outZHb_dr', 'ZH_l_dr', 'ZH_l_invM', 'l_b1_invM', 'l_b2_invM', 'l_b1_dr', 'l_b2_dr', 'spher', 'aplan', 'n_b_inZH', 'n_q_inZH', 'n_b_outZH', 'n_q_outZH', 'ZH_bbvLscore', 'process', 'tt_type'], flatten=True, store_size=True, fill_none=True, fill_value=-999.0, pos_start=None, pos_end=None)],
              'btag_mask': [ColOut(collection='events', columns=['outZH_b1_pt', 'outZH_b2_pt', 'outZH_b1_score', 'outZH_b2_score', 'outZH_q1_pt', 'outZH_q2_pt', 'outZH_q1_score', 'outZH_q2_score', 'outZH_b1_q_mindr', 'outZH_b2_q_mindr', 'outZH_q_q_dr_nearb1', 'outZH_q_q_dr_nearb2', 'outZH_qq_M_nearb1', 'outZH_qq_M_nearb2', 'outZH_b1_qq_dr', 'outZH_b2_qq_dr', 'outZH_b1qq_M', 'outZH_b2qq_M', 'ZH_b1qq_dr', 'ZH_b2qq_dr', 'ZH_lbb1qq_dr', 'ZH_lbb2qq_dr', 'l_b2_mtb', 'ZH_closeb_invM', 'n_ak8jets', 'n_ak4jets', 'n_ak8_ZHbb', 'outZH_max_ak8pnetMass', 'outZH_b12_m', 'outZH_b12_dr', 'ht_b', 'ht_outZH', 'ak4_bestb_inZH', 'ak4_worstb_inZH', 'nonZHbb_q1_dr', 'nonZHbb_b1_dr', 'inZHb_outZHb_dr', 'ZH_l_dr', 'ZH_l_invM', 'l_b1_invM', 'l_b2_invM', 'l_b1_dr', 'l_b2_dr', 'spher', 'aplan', 'n_b_inZH', 'n_q_inZH', 'n_b_outZH', 'n_q_outZH', 'ZH_bbvLscore', 'process', 'tt_type'], flatten=True, store_size=True, fill_none=True, fill_value=-999.0, pos_start=None, pos_end=None)]},
'TTbb_Hadronic': {'baseline': [ColOut(collection='events', columns=['outZH_b1_pt', 'outZH_b2_pt', 'outZH_b1_score', 'outZH_b2_score', 'outZH_q1_pt', 'outZH_q2_pt', 'outZH_q1_score', 'outZH_q2_score', 'outZH_b1_q_mindr', 'outZH_b2_q_mindr', 'outZH_q_q_dr_nearb1', 'outZH_q_q_dr_nearb2', 'outZH_qq_M_nearb1', 'outZH_qq_M_nearb2', 'outZH_b1_qq_dr', 'outZH_b2_qq_dr', 'outZH_b1qq_M', 'outZH_b2qq_M', 'ZH_b1qq_dr', 'ZH_b2qq_dr', 'ZH_lbb1qq_dr', 'ZH_lbb2qq_dr', 'l_b2_mtb', 'ZH_closeb_invM', 'n_ak8jets', 'n_ak4jets', 'n_ak8_ZHbb', 'outZH_max_ak8pnetMass', 'outZH_b12_m', 'outZH_b12_dr', 'ht_b', 'ht_outZH', 'ak4_bestb_inZH', 'ak4_worstb_inZH', 'nonZHbb_q1_dr', 'nonZHbb_b1_dr', 'inZHb_outZHb_dr', 'ZH_l_dr', 'ZH_l_invM', 'l_b1_invM', 'l_b2_invM', 'l_b1_dr', 'l_b2_dr', 'spher', 'aplan', 'n_b_inZH', 'n_q_inZH', 'n_b_outZH', 'n_q_outZH', 'ZH_bbvLscore', 'process', 'tt_type'], flatten=True, store_size=True, fill_none=True, fill_value=-999.0, pos_start=None, pos_end=None)],
                 'btag_mask': [ColOut(collection='events', columns=['outZH_b1_pt', 'outZH_b2_pt', 'outZH_b1_score', 'outZH_b2_score', 'outZH_q1_pt', 'outZH_q2_pt', 'outZH_q1_score', 'outZH_q2_score', 'outZH_b1_q_mindr', 'outZH_b2_q_mindr', 'outZH_q_q_dr_nearb1', 'outZH_q_q_dr_nearb2', 'outZH_qq_M_nearb1', 'outZH_qq_M_nearb2', 'outZH_b1_qq_dr', 'outZH_b2_qq_dr', 'outZH_b1qq_M', 'outZH_b2qq_M', 'ZH_b1qq_dr', 'ZH_b2qq_dr', 'ZH_lbb1qq_dr', 'ZH_lbb2qq_dr', 'l_b2_mtb', 'ZH_closeb_invM', 'n_ak8jets', 'n_ak4jets', 'n_ak8_ZHbb', 'outZH_max_ak8pnetMass', 'outZH_b12_m', 'outZH_b12_dr', 'ht_b', 'ht_outZH', 'ak4_bestb_inZH', 'ak4_worstb_inZH', 'nonZHbb_q1_dr', 'nonZHbb_b1_dr', 'inZHb_outZHb_dr', 'ZH_l_dr', 'ZH_l_invM', 'l_b1_invM', 'l_b2_invM', 'l_b1_dr', 'l_b2_dr', 'spher', 'aplan', 'n_b_inZH', 'n_q_inZH', 'n_b_outZH', 'n_q_outZH', 'ZH_bbvLscore', 'process', 'tt_type'], flatten=True, store_size=True, fill_none=True, fill_value=-999.0, pos_start=None, pos_end=None)]},
'TTbb_SemiLeptonic': {'baseline': [ColOut(collection='events', columns=['outZH_b1_pt', 'outZH_b2_pt', 'outZH_b1_score', 'outZH_b2_score', 'outZH_q1_pt', 'outZH_q2_pt', 'outZH_q1_score', 'outZH_q2_score', 'outZH_b1_q_mindr', 'outZH_b2_q_mindr', 'outZH_q_q_dr_nearb1', 'outZH_q_q_dr_nearb2', 'outZH_qq_M_nearb1', 'outZH_qq_M_nearb2', 'outZH_b1_qq_dr', 'outZH_b2_qq_dr', 'outZH_b1qq_M', 'outZH_b2qq_M', 'ZH_b1qq_dr', 'ZH_b2qq_dr', 'ZH_lbb1qq_dr', 'ZH_lbb2qq_dr', 'l_b2_mtb', 'ZH_closeb_invM', 'n_ak8jets', 'n_ak4jets', 'n_ak8_ZHbb', 'outZH_max_ak8pnetMass', 'outZH_b12_m', 'outZH_b12_dr', 'ht_b', 'ht_outZH', 'ak4_bestb_inZH', 'ak4_worstb_inZH', 'nonZHbb_q1_dr', 'nonZHbb_b1_dr', 'inZHb_outZHb_dr', 'ZH_l_dr', 'ZH_l_invM', 'l_b1_invM', 'l_b2_invM', 'l_b1_dr', 'l_b2_dr', 'spher', 'aplan', 'n_b_inZH', 'n_q_inZH', 'n_b_outZH', 'n_q_outZH', 'ZH_bbvLscore', 'process', 'tt_type'], flatten=True, store_size=True, fill_none=True, fill_value=-999.0, pos_start=None, pos_end=None)],
                     'btag_mask': [ColOut(collection='events', columns=['outZH_b1_pt', 'outZH_b2_pt', 'outZH_b1_score', 'outZH_b2_score', 'outZH_q1_pt', 'outZH_q2_pt', 'outZH_q1_score', 'outZH_q2_score', 'outZH_b1_q_mindr', 'outZH_b2_q_mindr', 'outZH_q_q_dr_nearb1', 'outZH_q_q_dr_nearb2', 'outZH_qq_M_nearb1', 'outZH_qq_M_nearb2', 'outZH_b1_qq_dr', 'outZH_b2_qq_dr', 'outZH_b1qq_M', 'outZH_b2qq_M', 'ZH_b1qq_dr', 'ZH_b2qq_dr', 'ZH_lbb1qq_dr', 'ZH_lbb2qq_dr', 'l_b2_mtb', 'ZH_closeb_invM', 'n_ak8jets', 'n_ak4jets', 'n_ak8_ZHbb', 'outZH_max_ak8pnetMass', 'outZH_b12_m', 'outZH_b12_dr', 'ht_b', 'ht_outZH', 'ak4_bestb_inZH', 'ak4_worstb_inZH', 'nonZHbb_q1_dr', 'nonZHbb_b1_dr', 'inZHb_outZHb_dr', 'ZH_l_dr', 'ZH_l_invM', 'l_b1_invM', 'l_b2_invM', 'l_b1_dr', 'l_b2_dr', 'spher', 'aplan', 'n_b_inZH', 'n_q_inZH', 'n_b_outZH', 'n_q_outZH', 'ZH_bbvLscore', 'process', 'tt_type'], flatten=True, store_size=True, fill_none=True, fill_value=-999.0, pos_start=None, pos_end=None)]},
'ttHToNonbb': {'baseline': [ColOut(collection='events', columns=['outZH_b1_pt', 'outZH_b2_pt', 'outZH_b1_score', 'outZH_b2_score', 'outZH_q1_pt', 'outZH_q2_pt', 'outZH_q1_score', 'outZH_q2_score', 'outZH_b1_q_mindr', 'outZH_b2_q_mindr', 'outZH_q_q_dr_nearb1', 'outZH_q_q_dr_nearb2', 'outZH_qq_M_nearb1', 'outZH_qq_M_nearb2', 'outZH_b1_qq_dr', 'outZH_b2_qq_dr', 'outZH_b1qq_M', 'outZH_b2qq_M', 'ZH_b1qq_dr', 'ZH_b2qq_dr', 'ZH_lbb1qq_dr', 'ZH_lbb2qq_dr', 'l_b2_mtb', 'ZH_closeb_invM', 'n_ak8jets', 'n_ak4jets', 'n_ak8_ZHbb', 'outZH_max_ak8pnetMass', 'outZH_b12_m', 'outZH_b12_dr', 'ht_b', 'ht_outZH', 'ak4_bestb_inZH', 'ak4_worstb_inZH', 'nonZHbb_q1_dr', 'nonZHbb_b1_dr', 'inZHb_outZHb_dr', 'ZH_l_dr', 'ZH_l_invM', 'l_b1_invM', 'l_b2_invM', 'l_b1_dr', 'l_b2_dr', 'spher', 'aplan', 'n_b_inZH', 'n_q_inZH', 'n_b_outZH', 'n_q_outZH', 'ZH_bbvLscore', 'process', 'Zbb', 'Hbb', 'Hnonbb', 'Zqq', 'Zllnunu', 'matchedGenZH', 'matchedGen_Zbb', 'matchedGen_Hbb', 'matchedGen_ZHbb', 'matchedGen_Zqq', 'matchedGen_ZHbb_bb', 'matchedGen_ZHbb_b', 'matchedGen_ZHbb_nob', 'nJetGood', 'ZH_pt', 'MET_pt', 'ZH_M'], flatten=True, store_size=True, fill_none=True, fill_value=-999.0, pos_start=None, pos_end=None)],
              'btag_mask': [ColOut(collection='events', columns=['outZH_b1_pt', 'outZH_b2_pt', 'outZH_b1_score', 'outZH_b2_score', 'outZH_q1_pt', 'outZH_q2_pt', 'outZH_q1_score', 'outZH_q2_score', 'outZH_b1_q_mindr', 'outZH_b2_q_mindr', 'outZH_q_q_dr_nearb1', 'outZH_q_q_dr_nearb2', 'outZH_qq_M_nearb1', 'outZH_qq_M_nearb2', 'outZH_b1_qq_dr', 'outZH_b2_qq_dr', 'outZH_b1qq_M', 'outZH_b2qq_M', 'ZH_b1qq_dr', 'ZH_b2qq_dr', 'ZH_lbb1qq_dr', 'ZH_lbb2qq_dr', 'l_b2_mtb', 'ZH_closeb_invM', 'n_ak8jets', 'n_ak4jets', 'n_ak8_ZHbb', 'outZH_max_ak8pnetMass', 'outZH_b12_m', 'outZH_b12_dr', 'ht_b', 'ht_outZH', 'ak4_bestb_inZH', 'ak4_worstb_inZH', 'nonZHbb_q1_dr', 'nonZHbb_b1_dr', 'inZHb_outZHb_dr', 'ZH_l_dr', 'ZH_l_invM', 'l_b1_invM', 'l_b2_invM', 'l_b1_dr', 'l_b2_dr', 'spher', 'aplan', 'n_b_inZH', 'n_q_inZH', 'n_b_outZH', 'n_q_outZH', 'ZH_bbvLscore', 'process', 'Zbb', 'Hbb', 'Hnonbb', 'Zqq', 'Zllnunu', 'matchedGenZH', 'matchedGen_Zbb', 'matchedGen_Hbb', 'matchedGen_ZHbb', 'matchedGen_Zqq', 'matchedGen_ZHbb_bb', 'matchedGen_ZHbb_b', 'matchedGen_ZHbb_nob', 'nJetGood', 'ZH_pt', 'MET_pt', 'ZH_M'], flatten=True, store_size=True, fill_none=True, fill_value=-999.0, pos_start=None, pos_end=None)]},
'ttHTobb': {'baseline': [ColOut(collection='events', columns=['outZH_b1_pt', 'outZH_b2_pt', 'outZH_b1_score', 'outZH_b2_score', 'outZH_q1_pt', 'outZH_q2_pt', 'outZH_q1_score', 'outZH_q2_score', 'outZH_b1_q_mindr', 'outZH_b2_q_mindr', 'outZH_q_q_dr_nearb1', 'outZH_q_q_dr_nearb2', 'outZH_qq_M_nearb1', 'outZH_qq_M_nearb2', 'outZH_b1_qq_dr', 'outZH_b2_qq_dr', 'outZH_b1qq_M', 'outZH_b2qq_M', 'ZH_b1qq_dr', 'ZH_b2qq_dr', 'ZH_lbb1qq_dr', 'ZH_lbb2qq_dr', 'l_b2_mtb', 'ZH_closeb_invM', 'n_ak8jets', 'n_ak4jets', 'n_ak8_ZHbb', 'outZH_max_ak8pnetMass', 'outZH_b12_m', 'outZH_b12_dr', 'ht_b', 'ht_outZH', 'ak4_bestb_inZH', 'ak4_worstb_inZH', 'nonZHbb_q1_dr', 'nonZHbb_b1_dr', 'inZHb_outZHb_dr', 'ZH_l_dr', 'ZH_l_invM', 'l_b1_invM', 'l_b2_invM', 'l_b1_dr', 'l_b2_dr', 'spher', 'aplan', 'n_b_inZH', 'n_q_inZH', 'n_b_outZH', 'n_q_outZH', 'ZH_bbvLscore', 'process', 'Zbb', 'Hbb', 'Hnonbb', 'Zqq', 'Zllnunu', 'matchedGenZH', 'matchedGen_Zbb', 'matchedGen_Hbb', 'matchedGen_ZHbb', 'matchedGen_Zqq', 'matchedGen_ZHbb_bb', 'matchedGen_ZHbb_b', 'matchedGen_ZHbb_nob', 'nJetGood', 'ZH_pt', 'MET_pt', 'ZH_M'], flatten=True, store_size=True, fill_none=True, fill_value=-999.0, pos_start=None, pos_end=None)],
           'btag_mask': [ColOut(collection='events', columns=['outZH_b1_pt', 'outZH_b2_pt', 'outZH_b1_score', 'outZH_b2_score', 'outZH_q1_pt', 'outZH_q2_pt', 'outZH_q1_score', 'outZH_q2_score', 'outZH_b1_q_mindr', 'outZH_b2_q_mindr', 'outZH_q_q_dr_nearb1', 'outZH_q_q_dr_nearb2', 'outZH_qq_M_nearb1', 'outZH_qq_M_nearb2', 'outZH_b1_qq_dr', 'outZH_b2_qq_dr', 'outZH_b1qq_M', 'outZH_b2qq_M', 'ZH_b1qq_dr', 'ZH_b2qq_dr', 'ZH_lbb1qq_dr', 'ZH_lbb2qq_dr', 'l_b2_mtb', 'ZH_closeb_invM', 'n_ak8jets', 'n_ak4jets', 'n_ak8_ZHbb', 'outZH_max_ak8pnetMass', 'outZH_b12_m', 'outZH_b12_dr', 'ht_b', 'ht_outZH', 'ak4_bestb_inZH', 'ak4_worstb_inZH', 'nonZHbb_q1_dr', 'nonZHbb_b1_dr', 'inZHb_outZHb_dr', 'ZH_l_dr', 'ZH_l_invM', 'l_b1_invM', 'l_b2_invM', 'l_b1_dr', 'l_b2_dr', 'spher', 'aplan', 'n_b_inZH', 'n_q_inZH', 'n_b_outZH', 'n_q_outZH', 'ZH_bbvLscore', 'process', 'Zbb', 'Hbb', 'Hnonbb', 'Zqq', 'Zllnunu', 'matchedGenZH', 'matchedGen_Zbb', 'matchedGen_Hbb', 'matchedGen_ZHbb', 'matchedGen_Zqq', 'matchedGen_ZHbb_bb', 'matchedGen_ZHbb_b', 'matchedGen_ZHbb_nob', 'nJetGood', 'ZH_pt', 'MET_pt', 'ZH_M'], flatten=True, store_size=True, fill_none=True, fill_value=-999.0, pos_start=None, pos_end=None)]}}
  - available weights variations: {'TTTo2L2Nu': ['nominal', 'pileup'],
'TTToHadronic': ['nominal', 'pileup'],
'TTToSemiLeptonic': ['nominal', 'pileup'],
'TTZToBB': ['nominal', 'pileup'],
'TTZToLLNuNu': ['nominal', 'pileup'],
'TTZToQQ': ['nominal', 'pileup'],
'TTbb_2L2Nu': ['nominal', 'pileup'],
'TTbb_Hadronic': ['nominal', 'pileup'],
'TTbb_SemiLeptonic': ['nominal', 'pileup'],
'ttHToNonbb': ['nominal', 'pileup'],
'ttHTobb': ['nominal', 'pileup']} 
  - available shape variations: {'TTTo2L2Nu': [],
'TTToHadronic': [],
'TTToSemiLeptonic': [],
'TTZToBB': [],
'TTZToLLNuNu': [],
'TTZToQQ': [],
'TTbb_2L2Nu': [],
'TTbb_Hadronic': [],
'TTbb_SemiLeptonic': [],
'ttHToNonbb': [],
'ttHTobb': []}
[INFO    ] Configurator instance:
  - Workflow: <class 'zhbbworkflow.ZHbbBaseProcessor'>
  - Workflow options: {}
  - N. datasets: 11 
   -- Dataset: ttHTobb_M125_M125_2017,  Sample: ttHTobb, N. files: 46, N. events: 7825000
   -- Dataset: ttHToNonbb_M125_M125_2017,  Sample: ttHToNonbb, N. files: 35, N. events: 5070989
   -- Dataset: TTZToBB__2017,  Sample: TTZToBB, N. files: 26, N. events: 7074000
   -- Dataset: TTZToQQ__2017,  Sample: TTZToQQ, N. files: 35, N. events: 13822000
   -- Dataset: TTZToLLNuNu__2017,  Sample: TTZToLLNuNu, N. files: 19, N. events: 14036000
   -- Dataset: TTbb_Hadronic__2017,  Sample: TTbb_Hadronic, N. files: 9, N. events: 5694656
   -- Dataset: TTbb_2L2Nu__2017,  Sample: TTbb_2L2Nu, N. files: 7, N. events: 3472503
   -- Dataset: TTbb_SemiLeptonic__2017,  Sample: TTbb_SemiLeptonic, N. files: 12, N. events: 7318891
   -- Dataset: TTToHadronic__2017,  Sample: TTToHadronic, N. files: 199, N. events: 232999999
   -- Dataset: TTTo2L2Nu__2017,  Sample: TTTo2L2Nu, N. files: 99, N. events: 106724000
   -- Dataset: TTToSemiLeptonic__2017,  Sample: TTToSemiLeptonic, N. files: 297, N. events: 346052000
  - Subsamples:
   -- Sample ttHTobb: StandardSelection ['ttHTobb'], (1 categories)
   -- Sample ttHToNonbb: StandardSelection ['ttHToNonbb'], (1 categories)
   -- Sample TTZToBB: StandardSelection ['TTZToBB'], (1 categories)
   -- Sample TTZToQQ: StandardSelection ['TTZToQQ'], (1 categories)
   -- Sample TTZToLLNuNu: StandardSelection ['TTZToLLNuNu'], (1 categories)
   -- Sample TTbb_Hadronic: StandardSelection ['TTbb_Hadronic'], (1 categories)
   -- Sample TTbb_2L2Nu: StandardSelection ['TTbb_2L2Nu'], (1 categories)
   -- Sample TTbb_SemiLeptonic: StandardSelection ['TTbb_SemiLeptonic'], (1 categories)
   -- Sample TTToHadronic: StandardSelection ['TTToHadronic'], (1 categories)
   -- Sample TTTo2L2Nu: StandardSelection ['TTTo2L2Nu'], (1 categories)
   -- Sample TTToSemiLeptonic: StandardSelection ['TTToSemiLeptonic'], (1 categories)
  - Skim: ['preSkimCut']
  - Preselection: ['eventSelection']
  - Categories: StandardSelection ['baseline', 'btag_mask'], (2 categories)
  - Variables:  ['mAK8', 'zhbbtag', 'zhbbtag_sorted', 'outZH_b1_pt']
  - Columns: {'TTTo2L2Nu': {'baseline': [ColOut(collection='events', columns=['outZH_b1_pt', 'outZH_b2_pt', 'outZH_b1_score', 'outZH_b2_score', 'outZH_q1_pt', 'outZH_q2_pt', 'outZH_q1_score', 'outZH_q2_score', 'outZH_b1_q_mindr', 'outZH_b2_q_mindr', 'outZH_q_q_dr_nearb1', 'outZH_q_q_dr_nearb2', 'outZH_qq_M_nearb1', 'outZH_qq_M_nearb2', 'outZH_b1_qq_dr', 'outZH_b2_qq_dr', 'outZH_b1qq_M', 'outZH_b2qq_M', 'ZH_b1qq_dr', 'ZH_b2qq_dr', 'ZH_lbb1qq_dr', 'ZH_lbb2qq_dr', 'l_b2_mtb', 'ZH_closeb_invM', 'n_ak8jets', 'n_ak4jets', 'n_ak8_ZHbb', 'outZH_max_ak8pnetMass', 'outZH_b12_m', 'outZH_b12_dr', 'ht_b', 'ht_outZH', 'ak4_bestb_inZH', 'ak4_worstb_inZH', 'nonZHbb_q1_dr', 'nonZHbb_b1_dr', 'inZHb_outZHb_dr', 'ZH_l_dr', 'ZH_l_invM', 'l_b1_invM', 'l_b2_invM', 'l_b1_dr', 'l_b2_dr', 'spher', 'aplan', 'n_b_inZH', 'n_q_inZH', 'n_b_outZH', 'n_q_outZH', 'ZH_bbvLscore', 'process', 'tt_type', 'nJetGood', 'ZH_pt', 'MET_pt', 'ZH_M'], flatten=True, store_size=True, fill_none=True, fill_value=-999.0, pos_start=None, pos_end=None)],
             'btag_mask': [ColOut(collection='events', columns=['outZH_b1_pt', 'outZH_b2_pt', 'outZH_b1_score', 'outZH_b2_score', 'outZH_q1_pt', 'outZH_q2_pt', 'outZH_q1_score', 'outZH_q2_score', 'outZH_b1_q_mindr', 'outZH_b2_q_mindr', 'outZH_q_q_dr_nearb1', 'outZH_q_q_dr_nearb2', 'outZH_qq_M_nearb1', 'outZH_qq_M_nearb2', 'outZH_b1_qq_dr', 'outZH_b2_qq_dr', 'outZH_b1qq_M', 'outZH_b2qq_M', 'ZH_b1qq_dr', 'ZH_b2qq_dr', 'ZH_lbb1qq_dr', 'ZH_lbb2qq_dr', 'l_b2_mtb', 'ZH_closeb_invM', 'n_ak8jets', 'n_ak4jets', 'n_ak8_ZHbb', 'outZH_max_ak8pnetMass', 'outZH_b12_m', 'outZH_b12_dr', 'ht_b', 'ht_outZH', 'ak4_bestb_inZH', 'ak4_worstb_inZH', 'nonZHbb_q1_dr', 'nonZHbb_b1_dr', 'inZHb_outZHb_dr', 'ZH_l_dr', 'ZH_l_invM', 'l_b1_invM', 'l_b2_invM', 'l_b1_dr', 'l_b2_dr', 'spher', 'aplan', 'n_b_inZH', 'n_q_inZH', 'n_b_outZH', 'n_q_outZH', 'ZH_bbvLscore', 'process', 'tt_type', 'nJetGood', 'ZH_pt', 'MET_pt', 'ZH_M'], flatten=True, store_size=True, fill_none=True, fill_value=-999.0, pos_start=None, pos_end=None)]},
'TTToHadronic': {'baseline': [ColOut(collection='events', columns=['outZH_b1_pt', 'outZH_b2_pt', 'outZH_b1_score', 'outZH_b2_score', 'outZH_q1_pt', 'outZH_q2_pt', 'outZH_q1_score', 'outZH_q2_score', 'outZH_b1_q_mindr', 'outZH_b2_q_mindr', 'outZH_q_q_dr_nearb1', 'outZH_q_q_dr_nearb2', 'outZH_qq_M_nearb1', 'outZH_qq_M_nearb2', 'outZH_b1_qq_dr', 'outZH_b2_qq_dr', 'outZH_b1qq_M', 'outZH_b2qq_M', 'ZH_b1qq_dr', 'ZH_b2qq_dr', 'ZH_lbb1qq_dr', 'ZH_lbb2qq_dr', 'l_b2_mtb', 'ZH_closeb_invM', 'n_ak8jets', 'n_ak4jets', 'n_ak8_ZHbb', 'outZH_max_ak8pnetMass', 'outZH_b12_m', 'outZH_b12_dr', 'ht_b', 'ht_outZH', 'ak4_bestb_inZH', 'ak4_worstb_inZH', 'nonZHbb_q1_dr', 'nonZHbb_b1_dr', 'inZHb_outZHb_dr', 'ZH_l_dr', 'ZH_l_invM', 'l_b1_invM', 'l_b2_invM', 'l_b1_dr', 'l_b2_dr', 'spher', 'aplan', 'n_b_inZH', 'n_q_inZH', 'n_b_outZH', 'n_q_outZH', 'ZH_bbvLscore', 'process', 'tt_type', 'nJetGood', 'ZH_pt', 'MET_pt', 'ZH_M'], flatten=True, store_size=True, fill_none=True, fill_value=-999.0, pos_start=None, pos_end=None)],
                'btag_mask': [ColOut(collection='events', columns=['outZH_b1_pt', 'outZH_b2_pt', 'outZH_b1_score', 'outZH_b2_score', 'outZH_q1_pt', 'outZH_q2_pt', 'outZH_q1_score', 'outZH_q2_score', 'outZH_b1_q_mindr', 'outZH_b2_q_mindr', 'outZH_q_q_dr_nearb1', 'outZH_q_q_dr_nearb2', 'outZH_qq_M_nearb1', 'outZH_qq_M_nearb2', 'outZH_b1_qq_dr', 'outZH_b2_qq_dr', 'outZH_b1qq_M', 'outZH_b2qq_M', 'ZH_b1qq_dr', 'ZH_b2qq_dr', 'ZH_lbb1qq_dr', 'ZH_lbb2qq_dr', 'l_b2_mtb', 'ZH_closeb_invM', 'n_ak8jets', 'n_ak4jets', 'n_ak8_ZHbb', 'outZH_max_ak8pnetMass', 'outZH_b12_m', 'outZH_b12_dr', 'ht_b', 'ht_outZH', 'ak4_bestb_inZH', 'ak4_worstb_inZH', 'nonZHbb_q1_dr', 'nonZHbb_b1_dr', 'inZHb_outZHb_dr', 'ZH_l_dr', 'ZH_l_invM', 'l_b1_invM', 'l_b2_invM', 'l_b1_dr', 'l_b2_dr', 'spher', 'aplan', 'n_b_inZH', 'n_q_inZH', 'n_b_outZH', 'n_q_outZH', 'ZH_bbvLscore', 'process', 'tt_type', 'nJetGood', 'ZH_pt', 'MET_pt', 'ZH_M'], flatten=True, store_size=True, fill_none=True, fill_value=-999.0, pos_start=None, pos_end=None)]},
'TTToSemiLeptonic': {'baseline': [ColOut(collection='events', columns=['outZH_b1_pt', 'outZH_b2_pt', 'outZH_b1_score', 'outZH_b2_score', 'outZH_q1_pt', 'outZH_q2_pt', 'outZH_q1_score', 'outZH_q2_score', 'outZH_b1_q_mindr', 'outZH_b2_q_mindr', 'outZH_q_q_dr_nearb1', 'outZH_q_q_dr_nearb2', 'outZH_qq_M_nearb1', 'outZH_qq_M_nearb2', 'outZH_b1_qq_dr', 'outZH_b2_qq_dr', 'outZH_b1qq_M', 'outZH_b2qq_M', 'ZH_b1qq_dr', 'ZH_b2qq_dr', 'ZH_lbb1qq_dr', 'ZH_lbb2qq_dr', 'l_b2_mtb', 'ZH_closeb_invM', 'n_ak8jets', 'n_ak4jets', 'n_ak8_ZHbb', 'outZH_max_ak8pnetMass', 'outZH_b12_m', 'outZH_b12_dr', 'ht_b', 'ht_outZH', 'ak4_bestb_inZH', 'ak4_worstb_inZH', 'nonZHbb_q1_dr', 'nonZHbb_b1_dr', 'inZHb_outZHb_dr', 'ZH_l_dr', 'ZH_l_invM', 'l_b1_invM', 'l_b2_invM', 'l_b1_dr', 'l_b2_dr', 'spher', 'aplan', 'n_b_inZH', 'n_q_inZH', 'n_b_outZH', 'n_q_outZH', 'ZH_bbvLscore', 'process', 'tt_type', 'nJetGood', 'ZH_pt', 'MET_pt', 'ZH_M'], flatten=True, store_size=True, fill_none=True, fill_value=-999.0, pos_start=None, pos_end=None)],
                    'btag_mask': [ColOut(collection='events', columns=['outZH_b1_pt', 'outZH_b2_pt', 'outZH_b1_score', 'outZH_b2_score', 'outZH_q1_pt', 'outZH_q2_pt', 'outZH_q1_score', 'outZH_q2_score', 'outZH_b1_q_mindr', 'outZH_b2_q_mindr', 'outZH_q_q_dr_nearb1', 'outZH_q_q_dr_nearb2', 'outZH_qq_M_nearb1', 'outZH_qq_M_nearb2', 'outZH_b1_qq_dr', 'outZH_b2_qq_dr', 'outZH_b1qq_M', 'outZH_b2qq_M', 'ZH_b1qq_dr', 'ZH_b2qq_dr', 'ZH_lbb1qq_dr', 'ZH_lbb2qq_dr', 'l_b2_mtb', 'ZH_closeb_invM', 'n_ak8jets', 'n_ak4jets', 'n_ak8_ZHbb', 'outZH_max_ak8pnetMass', 'outZH_b12_m', 'outZH_b12_dr', 'ht_b', 'ht_outZH', 'ak4_bestb_inZH', 'ak4_worstb_inZH', 'nonZHbb_q1_dr', 'nonZHbb_b1_dr', 'inZHb_outZHb_dr', 'ZH_l_dr', 'ZH_l_invM', 'l_b1_invM', 'l_b2_invM', 'l_b1_dr', 'l_b2_dr', 'spher', 'aplan', 'n_b_inZH', 'n_q_inZH', 'n_b_outZH', 'n_q_outZH', 'ZH_bbvLscore', 'process', 'tt_type', 'nJetGood', 'ZH_pt', 'MET_pt', 'ZH_M'], flatten=True, store_size=True, fill_none=True, fill_value=-999.0, pos_start=None, pos_end=None)]},
'TTZToBB': {'baseline': [ColOut(collection='events', columns=['outZH_b1_pt', 'outZH_b2_pt', 'outZH_b1_score', 'outZH_b2_score', 'outZH_q1_pt', 'outZH_q2_pt', 'outZH_q1_score', 'outZH_q2_score', 'outZH_b1_q_mindr', 'outZH_b2_q_mindr', 'outZH_q_q_dr_nearb1', 'outZH_q_q_dr_nearb2', 'outZH_qq_M_nearb1', 'outZH_qq_M_nearb2', 'outZH_b1_qq_dr', 'outZH_b2_qq_dr', 'outZH_b1qq_M', 'outZH_b2qq_M', 'ZH_b1qq_dr', 'ZH_b2qq_dr', 'ZH_lbb1qq_dr', 'ZH_lbb2qq_dr', 'l_b2_mtb', 'ZH_closeb_invM', 'n_ak8jets', 'n_ak4jets', 'n_ak8_ZHbb', 'outZH_max_ak8pnetMass', 'outZH_b12_m', 'outZH_b12_dr', 'ht_b', 'ht_outZH', 'ak4_bestb_inZH', 'ak4_worstb_inZH', 'nonZHbb_q1_dr', 'nonZHbb_b1_dr', 'inZHb_outZHb_dr', 'ZH_l_dr', 'ZH_l_invM', 'l_b1_invM', 'l_b2_invM', 'l_b1_dr', 'l_b2_dr', 'spher', 'aplan', 'n_b_inZH', 'n_q_inZH', 'n_b_outZH', 'n_q_outZH', 'ZH_bbvLscore', 'process', 'Zbb', 'Hbb', 'Hnonbb', 'Zqq', 'Zllnunu', 'matchedGenZH', 'matchedGen_Zbb', 'matchedGen_Hbb', 'matchedGen_ZHbb', 'matchedGen_Zqq', 'matchedGen_ZHbb_bb', 'matchedGen_ZHbb_b', 'matchedGen_ZHbb_nob', 'nJetGood', 'ZH_pt', 'MET_pt', 'ZH_M'], flatten=True, store_size=True, fill_none=True, fill_value=-999.0, pos_start=None, pos_end=None)],
           'btag_mask': [ColOut(collection='events', columns=['outZH_b1_pt', 'outZH_b2_pt', 'outZH_b1_score', 'outZH_b2_score', 'outZH_q1_pt', 'outZH_q2_pt', 'outZH_q1_score', 'outZH_q2_score', 'outZH_b1_q_mindr', 'outZH_b2_q_mindr', 'outZH_q_q_dr_nearb1', 'outZH_q_q_dr_nearb2', 'outZH_qq_M_nearb1', 'outZH_qq_M_nearb2', 'outZH_b1_qq_dr', 'outZH_b2_qq_dr', 'outZH_b1qq_M', 'outZH_b2qq_M', 'ZH_b1qq_dr', 'ZH_b2qq_dr', 'ZH_lbb1qq_dr', 'ZH_lbb2qq_dr', 'l_b2_mtb', 'ZH_closeb_invM', 'n_ak8jets', 'n_ak4jets', 'n_ak8_ZHbb', 'outZH_max_ak8pnetMass', 'outZH_b12_m', 'outZH_b12_dr', 'ht_b', 'ht_outZH', 'ak4_bestb_inZH', 'ak4_worstb_inZH', 'nonZHbb_q1_dr', 'nonZHbb_b1_dr', 'inZHb_outZHb_dr', 'ZH_l_dr', 'ZH_l_invM', 'l_b1_invM', 'l_b2_invM', 'l_b1_dr', 'l_b2_dr', 'spher', 'aplan', 'n_b_inZH', 'n_q_inZH', 'n_b_outZH', 'n_q_outZH', 'ZH_bbvLscore', 'process', 'Zbb', 'Hbb', 'Hnonbb', 'Zqq', 'Zllnunu', 'matchedGenZH', 'matchedGen_Zbb', 'matchedGen_Hbb', 'matchedGen_ZHbb', 'matchedGen_Zqq', 'matchedGen_ZHbb_bb', 'matchedGen_ZHbb_b', 'matchedGen_ZHbb_nob', 'nJetGood', 'ZH_pt', 'MET_pt', 'ZH_M'], flatten=True, store_size=True, fill_none=True, fill_value=-999.0, pos_start=None, pos_end=None)]},
'TTZToLLNuNu': {'baseline': [ColOut(collection='events', columns=['outZH_b1_pt', 'outZH_b2_pt', 'outZH_b1_score', 'outZH_b2_score', 'outZH_q1_pt', 'outZH_q2_pt', 'outZH_q1_score', 'outZH_q2_score', 'outZH_b1_q_mindr', 'outZH_b2_q_mindr', 'outZH_q_q_dr_nearb1', 'outZH_q_q_dr_nearb2', 'outZH_qq_M_nearb1', 'outZH_qq_M_nearb2', 'outZH_b1_qq_dr', 'outZH_b2_qq_dr', 'outZH_b1qq_M', 'outZH_b2qq_M', 'ZH_b1qq_dr', 'ZH_b2qq_dr', 'ZH_lbb1qq_dr', 'ZH_lbb2qq_dr', 'l_b2_mtb', 'ZH_closeb_invM', 'n_ak8jets', 'n_ak4jets', 'n_ak8_ZHbb', 'outZH_max_ak8pnetMass', 'outZH_b12_m', 'outZH_b12_dr', 'ht_b', 'ht_outZH', 'ak4_bestb_inZH', 'ak4_worstb_inZH', 'nonZHbb_q1_dr', 'nonZHbb_b1_dr', 'inZHb_outZHb_dr', 'ZH_l_dr', 'ZH_l_invM', 'l_b1_invM', 'l_b2_invM', 'l_b1_dr', 'l_b2_dr', 'spher', 'aplan', 'n_b_inZH', 'n_q_inZH', 'n_b_outZH', 'n_q_outZH', 'ZH_bbvLscore', 'process', 'Zbb', 'Hbb', 'Hnonbb', 'Zqq', 'Zllnunu', 'matchedGenZH', 'matchedGen_Zbb', 'matchedGen_Hbb', 'matchedGen_ZHbb', 'matchedGen_Zqq', 'matchedGen_ZHbb_bb', 'matchedGen_ZHbb_b', 'matchedGen_ZHbb_nob', 'nJetGood', 'ZH_pt', 'MET_pt', 'ZH_M'], flatten=True, store_size=True, fill_none=True, fill_value=-999.0, pos_start=None, pos_end=None)],
               'btag_mask': [ColOut(collection='events', columns=['outZH_b1_pt', 'outZH_b2_pt', 'outZH_b1_score', 'outZH_b2_score', 'outZH_q1_pt', 'outZH_q2_pt', 'outZH_q1_score', 'outZH_q2_score', 'outZH_b1_q_mindr', 'outZH_b2_q_mindr', 'outZH_q_q_dr_nearb1', 'outZH_q_q_dr_nearb2', 'outZH_qq_M_nearb1', 'outZH_qq_M_nearb2', 'outZH_b1_qq_dr', 'outZH_b2_qq_dr', 'outZH_b1qq_M', 'outZH_b2qq_M', 'ZH_b1qq_dr', 'ZH_b2qq_dr', 'ZH_lbb1qq_dr', 'ZH_lbb2qq_dr', 'l_b2_mtb', 'ZH_closeb_invM', 'n_ak8jets', 'n_ak4jets', 'n_ak8_ZHbb', 'outZH_max_ak8pnetMass', 'outZH_b12_m', 'outZH_b12_dr', 'ht_b', 'ht_outZH', 'ak4_bestb_inZH', 'ak4_worstb_inZH', 'nonZHbb_q1_dr', 'nonZHbb_b1_dr', 'inZHb_outZHb_dr', 'ZH_l_dr', 'ZH_l_invM', 'l_b1_invM', 'l_b2_invM', 'l_b1_dr', 'l_b2_dr', 'spher', 'aplan', 'n_b_inZH', 'n_q_inZH', 'n_b_outZH', 'n_q_outZH', 'ZH_bbvLscore', 'process', 'Zbb', 'Hbb', 'Hnonbb', 'Zqq', 'Zllnunu', 'matchedGenZH', 'matchedGen_Zbb', 'matchedGen_Hbb', 'matchedGen_ZHbb', 'matchedGen_Zqq', 'matchedGen_ZHbb_bb', 'matchedGen_ZHbb_b', 'matchedGen_ZHbb_nob', 'nJetGood', 'ZH_pt', 'MET_pt', 'ZH_M'], flatten=True, store_size=True, fill_none=True, fill_value=-999.0, pos_start=None, pos_end=None)]},
'TTZToQQ': {'baseline': [ColOut(collection='events', columns=['outZH_b1_pt', 'outZH_b2_pt', 'outZH_b1_score', 'outZH_b2_score', 'outZH_q1_pt', 'outZH_q2_pt', 'outZH_q1_score', 'outZH_q2_score', 'outZH_b1_q_mindr', 'outZH_b2_q_mindr', 'outZH_q_q_dr_nearb1', 'outZH_q_q_dr_nearb2', 'outZH_qq_M_nearb1', 'outZH_qq_M_nearb2', 'outZH_b1_qq_dr', 'outZH_b2_qq_dr', 'outZH_b1qq_M', 'outZH_b2qq_M', 'ZH_b1qq_dr', 'ZH_b2qq_dr', 'ZH_lbb1qq_dr', 'ZH_lbb2qq_dr', 'l_b2_mtb', 'ZH_closeb_invM', 'n_ak8jets', 'n_ak4jets', 'n_ak8_ZHbb', 'outZH_max_ak8pnetMass', 'outZH_b12_m', 'outZH_b12_dr', 'ht_b', 'ht_outZH', 'ak4_bestb_inZH', 'ak4_worstb_inZH', 'nonZHbb_q1_dr', 'nonZHbb_b1_dr', 'inZHb_outZHb_dr', 'ZH_l_dr', 'ZH_l_invM', 'l_b1_invM', 'l_b2_invM', 'l_b1_dr', 'l_b2_dr', 'spher', 'aplan', 'n_b_inZH', 'n_q_inZH', 'n_b_outZH', 'n_q_outZH', 'ZH_bbvLscore', 'process', 'Zbb', 'Hbb', 'Hnonbb', 'Zqq', 'Zllnunu', 'matchedGenZH', 'matchedGen_Zbb', 'matchedGen_Hbb', 'matchedGen_ZHbb', 'matchedGen_Zqq', 'matchedGen_ZHbb_bb', 'matchedGen_ZHbb_b', 'matchedGen_ZHbb_nob', 'nJetGood', 'ZH_pt', 'MET_pt', 'ZH_M'], flatten=True, store_size=True, fill_none=True, fill_value=-999.0, pos_start=None, pos_end=None)],
           'btag_mask': [ColOut(collection='events', columns=['outZH_b1_pt', 'outZH_b2_pt', 'outZH_b1_score', 'outZH_b2_score', 'outZH_q1_pt', 'outZH_q2_pt', 'outZH_q1_score', 'outZH_q2_score', 'outZH_b1_q_mindr', 'outZH_b2_q_mindr', 'outZH_q_q_dr_nearb1', 'outZH_q_q_dr_nearb2', 'outZH_qq_M_nearb1', 'outZH_qq_M_nearb2', 'outZH_b1_qq_dr', 'outZH_b2_qq_dr', 'outZH_b1qq_M', 'outZH_b2qq_M', 'ZH_b1qq_dr', 'ZH_b2qq_dr', 'ZH_lbb1qq_dr', 'ZH_lbb2qq_dr', 'l_b2_mtb', 'ZH_closeb_invM', 'n_ak8jets', 'n_ak4jets', 'n_ak8_ZHbb', 'outZH_max_ak8pnetMass', 'outZH_b12_m', 'outZH_b12_dr', 'ht_b', 'ht_outZH', 'ak4_bestb_inZH', 'ak4_worstb_inZH', 'nonZHbb_q1_dr', 'nonZHbb_b1_dr', 'inZHb_outZHb_dr', 'ZH_l_dr', 'ZH_l_invM', 'l_b1_invM', 'l_b2_invM', 'l_b1_dr', 'l_b2_dr', 'spher', 'aplan', 'n_b_inZH', 'n_q_inZH', 'n_b_outZH', 'n_q_outZH', 'ZH_bbvLscore', 'process', 'Zbb', 'Hbb', 'Hnonbb', 'Zqq', 'Zllnunu', 'matchedGenZH', 'matchedGen_Zbb', 'matchedGen_Hbb', 'matchedGen_ZHbb', 'matchedGen_Zqq', 'matchedGen_ZHbb_bb', 'matchedGen_ZHbb_b', 'matchedGen_ZHbb_nob', 'nJetGood', 'ZH_pt', 'MET_pt', 'ZH_M'], flatten=True, store_size=True, fill_none=True, fill_value=-999.0, pos_start=None, pos_end=None)]},
'TTbb_2L2Nu': {'baseline': [ColOut(collection='events', columns=['outZH_b1_pt', 'outZH_b2_pt', 'outZH_b1_score', 'outZH_b2_score', 'outZH_q1_pt', 'outZH_q2_pt', 'outZH_q1_score', 'outZH_q2_score', 'outZH_b1_q_mindr', 'outZH_b2_q_mindr', 'outZH_q_q_dr_nearb1', 'outZH_q_q_dr_nearb2', 'outZH_qq_M_nearb1', 'outZH_qq_M_nearb2', 'outZH_b1_qq_dr', 'outZH_b2_qq_dr', 'outZH_b1qq_M', 'outZH_b2qq_M', 'ZH_b1qq_dr', 'ZH_b2qq_dr', 'ZH_lbb1qq_dr', 'ZH_lbb2qq_dr', 'l_b2_mtb', 'ZH_closeb_invM', 'n_ak8jets', 'n_ak4jets', 'n_ak8_ZHbb', 'outZH_max_ak8pnetMass', 'outZH_b12_m', 'outZH_b12_dr', 'ht_b', 'ht_outZH', 'ak4_bestb_inZH', 'ak4_worstb_inZH', 'nonZHbb_q1_dr', 'nonZHbb_b1_dr', 'inZHb_outZHb_dr', 'ZH_l_dr', 'ZH_l_invM', 'l_b1_invM', 'l_b2_invM', 'l_b1_dr', 'l_b2_dr', 'spher', 'aplan', 'n_b_inZH', 'n_q_inZH', 'n_b_outZH', 'n_q_outZH', 'ZH_bbvLscore', 'process', 'tt_type', 'nJetGood', 'ZH_pt', 'MET_pt', 'ZH_M'], flatten=True, store_size=True, fill_none=True, fill_value=-999.0, pos_start=None, pos_end=None)],
              'btag_mask': [ColOut(collection='events', columns=['outZH_b1_pt', 'outZH_b2_pt', 'outZH_b1_score', 'outZH_b2_score', 'outZH_q1_pt', 'outZH_q2_pt', 'outZH_q1_score', 'outZH_q2_score', 'outZH_b1_q_mindr', 'outZH_b2_q_mindr', 'outZH_q_q_dr_nearb1', 'outZH_q_q_dr_nearb2', 'outZH_qq_M_nearb1', 'outZH_qq_M_nearb2', 'outZH_b1_qq_dr', 'outZH_b2_qq_dr', 'outZH_b1qq_M', 'outZH_b2qq_M', 'ZH_b1qq_dr', 'ZH_b2qq_dr', 'ZH_lbb1qq_dr', 'ZH_lbb2qq_dr', 'l_b2_mtb', 'ZH_closeb_invM', 'n_ak8jets', 'n_ak4jets', 'n_ak8_ZHbb', 'outZH_max_ak8pnetMass', 'outZH_b12_m', 'outZH_b12_dr', 'ht_b', 'ht_outZH', 'ak4_bestb_inZH', 'ak4_worstb_inZH', 'nonZHbb_q1_dr', 'nonZHbb_b1_dr', 'inZHb_outZHb_dr', 'ZH_l_dr', 'ZH_l_invM', 'l_b1_invM', 'l_b2_invM', 'l_b1_dr', 'l_b2_dr', 'spher', 'aplan', 'n_b_inZH', 'n_q_inZH', 'n_b_outZH', 'n_q_outZH', 'ZH_bbvLscore', 'process', 'tt_type', 'nJetGood', 'ZH_pt', 'MET_pt', 'ZH_M'], flatten=True, store_size=True, fill_none=True, fill_value=-999.0, pos_start=None, pos_end=None)]},
'TTbb_Hadronic': {'baseline': [ColOut(collection='events', columns=['outZH_b1_pt', 'outZH_b2_pt', 'outZH_b1_score', 'outZH_b2_score', 'outZH_q1_pt', 'outZH_q2_pt', 'outZH_q1_score', 'outZH_q2_score', 'outZH_b1_q_mindr', 'outZH_b2_q_mindr', 'outZH_q_q_dr_nearb1', 'outZH_q_q_dr_nearb2', 'outZH_qq_M_nearb1', 'outZH_qq_M_nearb2', 'outZH_b1_qq_dr', 'outZH_b2_qq_dr', 'outZH_b1qq_M', 'outZH_b2qq_M', 'ZH_b1qq_dr', 'ZH_b2qq_dr', 'ZH_lbb1qq_dr', 'ZH_lbb2qq_dr', 'l_b2_mtb', 'ZH_closeb_invM', 'n_ak8jets', 'n_ak4jets', 'n_ak8_ZHbb', 'outZH_max_ak8pnetMass', 'outZH_b12_m', 'outZH_b12_dr', 'ht_b', 'ht_outZH', 'ak4_bestb_inZH', 'ak4_worstb_inZH', 'nonZHbb_q1_dr', 'nonZHbb_b1_dr', 'inZHb_outZHb_dr', 'ZH_l_dr', 'ZH_l_invM', 'l_b1_invM', 'l_b2_invM', 'l_b1_dr', 'l_b2_dr', 'spher', 'aplan', 'n_b_inZH', 'n_q_inZH', 'n_b_outZH', 'n_q_outZH', 'ZH_bbvLscore', 'process', 'tt_type', 'nJetGood', 'ZH_pt', 'MET_pt', 'ZH_M'], flatten=True, store_size=True, fill_none=True, fill_value=-999.0, pos_start=None, pos_end=None)],
                 'btag_mask': [ColOut(collection='events', columns=['outZH_b1_pt', 'outZH_b2_pt', 'outZH_b1_score', 'outZH_b2_score', 'outZH_q1_pt', 'outZH_q2_pt', 'outZH_q1_score', 'outZH_q2_score', 'outZH_b1_q_mindr', 'outZH_b2_q_mindr', 'outZH_q_q_dr_nearb1', 'outZH_q_q_dr_nearb2', 'outZH_qq_M_nearb1', 'outZH_qq_M_nearb2', 'outZH_b1_qq_dr', 'outZH_b2_qq_dr', 'outZH_b1qq_M', 'outZH_b2qq_M', 'ZH_b1qq_dr', 'ZH_b2qq_dr', 'ZH_lbb1qq_dr', 'ZH_lbb2qq_dr', 'l_b2_mtb', 'ZH_closeb_invM', 'n_ak8jets', 'n_ak4jets', 'n_ak8_ZHbb', 'outZH_max_ak8pnetMass', 'outZH_b12_m', 'outZH_b12_dr', 'ht_b', 'ht_outZH', 'ak4_bestb_inZH', 'ak4_worstb_inZH', 'nonZHbb_q1_dr', 'nonZHbb_b1_dr', 'inZHb_outZHb_dr', 'ZH_l_dr', 'ZH_l_invM', 'l_b1_invM', 'l_b2_invM', 'l_b1_dr', 'l_b2_dr', 'spher', 'aplan', 'n_b_inZH', 'n_q_inZH', 'n_b_outZH', 'n_q_outZH', 'ZH_bbvLscore', 'process', 'tt_type', 'nJetGood', 'ZH_pt', 'MET_pt', 'ZH_M'], flatten=True, store_size=True, fill_none=True, fill_value=-999.0, pos_start=None, pos_end=None)]},
'TTbb_SemiLeptonic': {'baseline': [ColOut(collection='events', columns=['outZH_b1_pt', 'outZH_b2_pt', 'outZH_b1_score', 'outZH_b2_score', 'outZH_q1_pt', 'outZH_q2_pt', 'outZH_q1_score', 'outZH_q2_score', 'outZH_b1_q_mindr', 'outZH_b2_q_mindr', 'outZH_q_q_dr_nearb1', 'outZH_q_q_dr_nearb2', 'outZH_qq_M_nearb1', 'outZH_qq_M_nearb2', 'outZH_b1_qq_dr', 'outZH_b2_qq_dr', 'outZH_b1qq_M', 'outZH_b2qq_M', 'ZH_b1qq_dr', 'ZH_b2qq_dr', 'ZH_lbb1qq_dr', 'ZH_lbb2qq_dr', 'l_b2_mtb', 'ZH_closeb_invM', 'n_ak8jets', 'n_ak4jets', 'n_ak8_ZHbb', 'outZH_max_ak8pnetMass', 'outZH_b12_m', 'outZH_b12_dr', 'ht_b', 'ht_outZH', 'ak4_bestb_inZH', 'ak4_worstb_inZH', 'nonZHbb_q1_dr', 'nonZHbb_b1_dr', 'inZHb_outZHb_dr', 'ZH_l_dr', 'ZH_l_invM', 'l_b1_invM', 'l_b2_invM', 'l_b1_dr', 'l_b2_dr', 'spher', 'aplan', 'n_b_inZH', 'n_q_inZH', 'n_b_outZH', 'n_q_outZH', 'ZH_bbvLscore', 'process', 'tt_type', 'nJetGood', 'ZH_pt', 'MET_pt', 'ZH_M'], flatten=True, store_size=True, fill_none=True, fill_value=-999.0, pos_start=None, pos_end=None)],
                     'btag_mask': [ColOut(collection='events', columns=['outZH_b1_pt', 'outZH_b2_pt', 'outZH_b1_score', 'outZH_b2_score', 'outZH_q1_pt', 'outZH_q2_pt', 'outZH_q1_score', 'outZH_q2_score', 'outZH_b1_q_mindr', 'outZH_b2_q_mindr', 'outZH_q_q_dr_nearb1', 'outZH_q_q_dr_nearb2', 'outZH_qq_M_nearb1', 'outZH_qq_M_nearb2', 'outZH_b1_qq_dr', 'outZH_b2_qq_dr', 'outZH_b1qq_M', 'outZH_b2qq_M', 'ZH_b1qq_dr', 'ZH_b2qq_dr', 'ZH_lbb1qq_dr', 'ZH_lbb2qq_dr', 'l_b2_mtb', 'ZH_closeb_invM', 'n_ak8jets', 'n_ak4jets', 'n_ak8_ZHbb', 'outZH_max_ak8pnetMass', 'outZH_b12_m', 'outZH_b12_dr', 'ht_b', 'ht_outZH', 'ak4_bestb_inZH', 'ak4_worstb_inZH', 'nonZHbb_q1_dr', 'nonZHbb_b1_dr', 'inZHb_outZHb_dr', 'ZH_l_dr', 'ZH_l_invM', 'l_b1_invM', 'l_b2_invM', 'l_b1_dr', 'l_b2_dr', 'spher', 'aplan', 'n_b_inZH', 'n_q_inZH', 'n_b_outZH', 'n_q_outZH', 'ZH_bbvLscore', 'process', 'tt_type', 'nJetGood', 'ZH_pt', 'MET_pt', 'ZH_M'], flatten=True, store_size=True, fill_none=True, fill_value=-999.0, pos_start=None, pos_end=None)]},
'ttHToNonbb': {'baseline': [ColOut(collection='events', columns=['outZH_b1_pt', 'outZH_b2_pt', 'outZH_b1_score', 'outZH_b2_score', 'outZH_q1_pt', 'outZH_q2_pt', 'outZH_q1_score', 'outZH_q2_score', 'outZH_b1_q_mindr', 'outZH_b2_q_mindr', 'outZH_q_q_dr_nearb1', 'outZH_q_q_dr_nearb2', 'outZH_qq_M_nearb1', 'outZH_qq_M_nearb2', 'outZH_b1_qq_dr', 'outZH_b2_qq_dr', 'outZH_b1qq_M', 'outZH_b2qq_M', 'ZH_b1qq_dr', 'ZH_b2qq_dr', 'ZH_lbb1qq_dr', 'ZH_lbb2qq_dr', 'l_b2_mtb', 'ZH_closeb_invM', 'n_ak8jets', 'n_ak4jets', 'n_ak8_ZHbb', 'outZH_max_ak8pnetMass', 'outZH_b12_m', 'outZH_b12_dr', 'ht_b', 'ht_outZH', 'ak4_bestb_inZH', 'ak4_worstb_inZH', 'nonZHbb_q1_dr', 'nonZHbb_b1_dr', 'inZHb_outZHb_dr', 'ZH_l_dr', 'ZH_l_invM', 'l_b1_invM', 'l_b2_invM', 'l_b1_dr', 'l_b2_dr', 'spher', 'aplan', 'n_b_inZH', 'n_q_inZH', 'n_b_outZH', 'n_q_outZH', 'ZH_bbvLscore', 'process', 'Zbb', 'Hbb', 'Hnonbb', 'Zqq', 'Zllnunu', 'matchedGenZH', 'matchedGen_Zbb', 'matchedGen_Hbb', 'matchedGen_ZHbb', 'matchedGen_Zqq', 'matchedGen_ZHbb_bb', 'matchedGen_ZHbb_b', 'matchedGen_ZHbb_nob', 'nJetGood', 'ZH_pt', 'MET_pt', 'ZH_M'], flatten=True, store_size=True, fill_none=True, fill_value=-999.0, pos_start=None, pos_end=None)],
              'btag_mask': [ColOut(collection='events', columns=['outZH_b1_pt', 'outZH_b2_pt', 'outZH_b1_score', 'outZH_b2_score', 'outZH_q1_pt', 'outZH_q2_pt', 'outZH_q1_score', 'outZH_q2_score', 'outZH_b1_q_mindr', 'outZH_b2_q_mindr', 'outZH_q_q_dr_nearb1', 'outZH_q_q_dr_nearb2', 'outZH_qq_M_nearb1', 'outZH_qq_M_nearb2', 'outZH_b1_qq_dr', 'outZH_b2_qq_dr', 'outZH_b1qq_M', 'outZH_b2qq_M', 'ZH_b1qq_dr', 'ZH_b2qq_dr', 'ZH_lbb1qq_dr', 'ZH_lbb2qq_dr', 'l_b2_mtb', 'ZH_closeb_invM', 'n_ak8jets', 'n_ak4jets', 'n_ak8_ZHbb', 'outZH_max_ak8pnetMass', 'outZH_b12_m', 'outZH_b12_dr', 'ht_b', 'ht_outZH', 'ak4_bestb_inZH', 'ak4_worstb_inZH', 'nonZHbb_q1_dr', 'nonZHbb_b1_dr', 'inZHb_outZHb_dr', 'ZH_l_dr', 'ZH_l_invM', 'l_b1_invM', 'l_b2_invM', 'l_b1_dr', 'l_b2_dr', 'spher', 'aplan', 'n_b_inZH', 'n_q_inZH', 'n_b_outZH', 'n_q_outZH', 'ZH_bbvLscore', 'process', 'Zbb', 'Hbb', 'Hnonbb', 'Zqq', 'Zllnunu', 'matchedGenZH', 'matchedGen_Zbb', 'matchedGen_Hbb', 'matchedGen_ZHbb', 'matchedGen_Zqq', 'matchedGen_ZHbb_bb', 'matchedGen_ZHbb_b', 'matchedGen_ZHbb_nob', 'nJetGood', 'ZH_pt', 'MET_pt', 'ZH_M'], flatten=True, store_size=True, fill_none=True, fill_value=-999.0, pos_start=None, pos_end=None)]},
'ttHTobb': {'baseline': [ColOut(collection='events', columns=['outZH_b1_pt', 'outZH_b2_pt', 'outZH_b1_score', 'outZH_b2_score', 'outZH_q1_pt', 'outZH_q2_pt', 'outZH_q1_score', 'outZH_q2_score', 'outZH_b1_q_mindr', 'outZH_b2_q_mindr', 'outZH_q_q_dr_nearb1', 'outZH_q_q_dr_nearb2', 'outZH_qq_M_nearb1', 'outZH_qq_M_nearb2', 'outZH_b1_qq_dr', 'outZH_b2_qq_dr', 'outZH_b1qq_M', 'outZH_b2qq_M', 'ZH_b1qq_dr', 'ZH_b2qq_dr', 'ZH_lbb1qq_dr', 'ZH_lbb2qq_dr', 'l_b2_mtb', 'ZH_closeb_invM', 'n_ak8jets', 'n_ak4jets', 'n_ak8_ZHbb', 'outZH_max_ak8pnetMass', 'outZH_b12_m', 'outZH_b12_dr', 'ht_b', 'ht_outZH', 'ak4_bestb_inZH', 'ak4_worstb_inZH', 'nonZHbb_q1_dr', 'nonZHbb_b1_dr', 'inZHb_outZHb_dr', 'ZH_l_dr', 'ZH_l_invM', 'l_b1_invM', 'l_b2_invM', 'l_b1_dr', 'l_b2_dr', 'spher', 'aplan', 'n_b_inZH', 'n_q_inZH', 'n_b_outZH', 'n_q_outZH', 'ZH_bbvLscore', 'process', 'Zbb', 'Hbb', 'Hnonbb', 'Zqq', 'Zllnunu', 'matchedGenZH', 'matchedGen_Zbb', 'matchedGen_Hbb', 'matchedGen_ZHbb', 'matchedGen_Zqq', 'matchedGen_ZHbb_bb', 'matchedGen_ZHbb_b', 'matchedGen_ZHbb_nob', 'nJetGood', 'ZH_pt', 'MET_pt', 'ZH_M'], flatten=True, store_size=True, fill_none=True, fill_value=-999.0, pos_start=None, pos_end=None)],
           'btag_mask': [ColOut(collection='events', columns=['outZH_b1_pt', 'outZH_b2_pt', 'outZH_b1_score', 'outZH_b2_score', 'outZH_q1_pt', 'outZH_q2_pt', 'outZH_q1_score', 'outZH_q2_score', 'outZH_b1_q_mindr', 'outZH_b2_q_mindr', 'outZH_q_q_dr_nearb1', 'outZH_q_q_dr_nearb2', 'outZH_qq_M_nearb1', 'outZH_qq_M_nearb2', 'outZH_b1_qq_dr', 'outZH_b2_qq_dr', 'outZH_b1qq_M', 'outZH_b2qq_M', 'ZH_b1qq_dr', 'ZH_b2qq_dr', 'ZH_lbb1qq_dr', 'ZH_lbb2qq_dr', 'l_b2_mtb', 'ZH_closeb_invM', 'n_ak8jets', 'n_ak4jets', 'n_ak8_ZHbb', 'outZH_max_ak8pnetMass', 'outZH_b12_m', 'outZH_b12_dr', 'ht_b', 'ht_outZH', 'ak4_bestb_inZH', 'ak4_worstb_inZH', 'nonZHbb_q1_dr', 'nonZHbb_b1_dr', 'inZHb_outZHb_dr', 'ZH_l_dr', 'ZH_l_invM', 'l_b1_invM', 'l_b2_invM', 'l_b1_dr', 'l_b2_dr', 'spher', 'aplan', 'n_b_inZH', 'n_q_inZH', 'n_b_outZH', 'n_q_outZH', 'ZH_bbvLscore', 'process', 'Zbb', 'Hbb', 'Hnonbb', 'Zqq', 'Zllnunu', 'matchedGenZH', 'matchedGen_Zbb', 'matchedGen_Hbb', 'matchedGen_ZHbb', 'matchedGen_Zqq', 'matchedGen_ZHbb_bb', 'matchedGen_ZHbb_b', 'matchedGen_ZHbb_nob', 'nJetGood', 'ZH_pt', 'MET_pt', 'ZH_M'], flatten=True, store_size=True, fill_none=True, fill_value=-999.0, pos_start=None, pos_end=None)]}}
  - available weights variations: {'TTTo2L2Nu': ['pileup', 'nominal'],
'TTToHadronic': ['pileup', 'nominal'],
'TTToSemiLeptonic': ['pileup', 'nominal'],
'TTZToBB': ['pileup', 'nominal'],
'TTZToLLNuNu': ['pileup', 'nominal'],
'TTZToQQ': ['pileup', 'nominal'],
'TTbb_2L2Nu': ['pileup', 'nominal'],
'TTbb_Hadronic': ['pileup', 'nominal'],
'TTbb_SemiLeptonic': ['pileup', 'nominal'],
'ttHToNonbb': ['pileup', 'nominal'],
'ttHTobb': ['pileup', 'nominal']} 
  - available shape variations: {'TTTo2L2Nu': [],
'TTToHadronic': [],
'TTToSemiLeptonic': [],
'TTZToBB': [],
'TTZToLLNuNu': [],
'TTZToQQ': [],
'TTbb_2L2Nu': [],
'TTbb_Hadronic': [],
'TTbb_SemiLeptonic': [],
'ttHToNonbb': [],
'ttHTobb': []}
[INFO    ] Configurator instance:
  - Workflow: <class 'zhbbworkflow.ZHbbBaseProcessor'>
  - Workflow options: {}
  - N. datasets: 11 
   -- Dataset: ttHTobb_M125_M125_2017,  Sample: ttHTobb, N. files: 46, N. events: 7825000
   -- Dataset: ttHToNonbb_M125_M125_2017,  Sample: ttHToNonbb, N. files: 35, N. events: 5070989
   -- Dataset: TTZToBB__2017,  Sample: TTZToBB, N. files: 26, N. events: 7074000
   -- Dataset: TTZToQQ__2017,  Sample: TTZToQQ, N. files: 35, N. events: 13822000
   -- Dataset: TTZToLLNuNu__2017,  Sample: TTZToLLNuNu, N. files: 19, N. events: 14036000
   -- Dataset: TTbb_Hadronic__2017,  Sample: TTbb_Hadronic, N. files: 9, N. events: 5694656
   -- Dataset: TTbb_2L2Nu__2017,  Sample: TTbb_2L2Nu, N. files: 7, N. events: 3472503
   -- Dataset: TTbb_SemiLeptonic__2017,  Sample: TTbb_SemiLeptonic, N. files: 12, N. events: 7318891
   -- Dataset: TTToHadronic__2017,  Sample: TTToHadronic, N. files: 199, N. events: 232999999
   -- Dataset: TTTo2L2Nu__2017,  Sample: TTTo2L2Nu, N. files: 99, N. events: 106724000
   -- Dataset: TTToSemiLeptonic__2017,  Sample: TTToSemiLeptonic, N. files: 297, N. events: 346052000
  - Subsamples:
   -- Sample ttHTobb: StandardSelection ['ttHTobb'], (1 categories)
   -- Sample ttHToNonbb: StandardSelection ['ttHToNonbb'], (1 categories)
   -- Sample TTZToBB: StandardSelection ['TTZToBB'], (1 categories)
   -- Sample TTZToQQ: StandardSelection ['TTZToQQ'], (1 categories)
   -- Sample TTZToLLNuNu: StandardSelection ['TTZToLLNuNu'], (1 categories)
   -- Sample TTbb_Hadronic: StandardSelection ['TTbb_Hadronic'], (1 categories)
   -- Sample TTbb_2L2Nu: StandardSelection ['TTbb_2L2Nu'], (1 categories)
   -- Sample TTbb_SemiLeptonic: StandardSelection ['TTbb_SemiLeptonic'], (1 categories)
   -- Sample TTToHadronic: StandardSelection ['TTToHadronic'], (1 categories)
   -- Sample TTTo2L2Nu: StandardSelection ['TTTo2L2Nu'], (1 categories)
   -- Sample TTToSemiLeptonic: StandardSelection ['TTToSemiLeptonic'], (1 categories)
  - Skim: ['preSkimCut']
  - Preselection: ['eventSelection']
  - Categories: StandardSelection ['baseline', 'btag_mask'], (2 categories)
  - Variables:  ['mAK8', 'zhbbtag', 'zhbbtag_sorted', 'outZH_b1_pt']
  - Columns: {'TTTo2L2Nu': {'baseline': [ColOut(collection='events', columns=['outZH_b1_pt', 'outZH_b2_pt', 'outZH_b1_score', 'outZH_b2_score', 'outZH_q1_pt', 'outZH_q2_pt', 'outZH_q1_score', 'outZH_q2_score', 'outZH_b1_q_mindr', 'outZH_b2_q_mindr', 'outZH_q_q_dr_nearb1', 'outZH_q_q_dr_nearb2', 'outZH_qq_M_nearb1', 'outZH_qq_M_nearb2', 'outZH_b1_qq_dr', 'outZH_b2_qq_dr', 'outZH_b1qq_M', 'outZH_b2qq_M', 'ZH_b1qq_dr', 'ZH_b2qq_dr', 'ZH_lbb1qq_dr', 'ZH_lbb2qq_dr', 'l_b2_mtb', 'ZH_closeb_invM', 'n_ak8jets', 'n_ak4jets', 'n_ak8_ZHbb', 'outZH_max_ak8pnetMass', 'outZH_b12_m', 'outZH_b12_dr', 'ht_b', 'ht_outZH', 'ak4_bestb_inZH', 'ak4_worstb_inZH', 'nonZHbb_q1_dr', 'nonZHbb_b1_dr', 'inZHb_outZHb_dr', 'ZH_l_dr', 'ZH_l_invM', 'l_b1_invM', 'l_b2_invM', 'l_b1_dr', 'l_b2_dr', 'spher', 'aplan', 'n_b_inZH', 'n_q_inZH', 'n_b_outZH', 'n_q_outZH', 'ZH_bbvLscore', 'process', 'tt_type', 'nJetGood', 'ZH_pt', 'MET_pt', 'ZH_M'], flatten=True, store_size=True, fill_none=True, fill_value=-999.0, pos_start=None, pos_end=None)],
             'btag_mask': [ColOut(collection='events', columns=['outZH_b1_pt', 'outZH_b2_pt', 'outZH_b1_score', 'outZH_b2_score', 'outZH_q1_pt', 'outZH_q2_pt', 'outZH_q1_score', 'outZH_q2_score', 'outZH_b1_q_mindr', 'outZH_b2_q_mindr', 'outZH_q_q_dr_nearb1', 'outZH_q_q_dr_nearb2', 'outZH_qq_M_nearb1', 'outZH_qq_M_nearb2', 'outZH_b1_qq_dr', 'outZH_b2_qq_dr', 'outZH_b1qq_M', 'outZH_b2qq_M', 'ZH_b1qq_dr', 'ZH_b2qq_dr', 'ZH_lbb1qq_dr', 'ZH_lbb2qq_dr', 'l_b2_mtb', 'ZH_closeb_invM', 'n_ak8jets', 'n_ak4jets', 'n_ak8_ZHbb', 'outZH_max_ak8pnetMass', 'outZH_b12_m', 'outZH_b12_dr', 'ht_b', 'ht_outZH', 'ak4_bestb_inZH', 'ak4_worstb_inZH', 'nonZHbb_q1_dr', 'nonZHbb_b1_dr', 'inZHb_outZHb_dr', 'ZH_l_dr', 'ZH_l_invM', 'l_b1_invM', 'l_b2_invM', 'l_b1_dr', 'l_b2_dr', 'spher', 'aplan', 'n_b_inZH', 'n_q_inZH', 'n_b_outZH', 'n_q_outZH', 'ZH_bbvLscore', 'process', 'tt_type', 'nJetGood', 'ZH_pt', 'MET_pt', 'ZH_M'], flatten=True, store_size=True, fill_none=True, fill_value=-999.0, pos_start=None, pos_end=None)]},
'TTToHadronic': {'baseline': [ColOut(collection='events', columns=['outZH_b1_pt', 'outZH_b2_pt', 'outZH_b1_score', 'outZH_b2_score', 'outZH_q1_pt', 'outZH_q2_pt', 'outZH_q1_score', 'outZH_q2_score', 'outZH_b1_q_mindr', 'outZH_b2_q_mindr', 'outZH_q_q_dr_nearb1', 'outZH_q_q_dr_nearb2', 'outZH_qq_M_nearb1', 'outZH_qq_M_nearb2', 'outZH_b1_qq_dr', 'outZH_b2_qq_dr', 'outZH_b1qq_M', 'outZH_b2qq_M', 'ZH_b1qq_dr', 'ZH_b2qq_dr', 'ZH_lbb1qq_dr', 'ZH_lbb2qq_dr', 'l_b2_mtb', 'ZH_closeb_invM', 'n_ak8jets', 'n_ak4jets', 'n_ak8_ZHbb', 'outZH_max_ak8pnetMass', 'outZH_b12_m', 'outZH_b12_dr', 'ht_b', 'ht_outZH', 'ak4_bestb_inZH', 'ak4_worstb_inZH', 'nonZHbb_q1_dr', 'nonZHbb_b1_dr', 'inZHb_outZHb_dr', 'ZH_l_dr', 'ZH_l_invM', 'l_b1_invM', 'l_b2_invM', 'l_b1_dr', 'l_b2_dr', 'spher', 'aplan', 'n_b_inZH', 'n_q_inZH', 'n_b_outZH', 'n_q_outZH', 'ZH_bbvLscore', 'process', 'tt_type', 'nJetGood', 'ZH_pt', 'MET_pt', 'ZH_M'], flatten=True, store_size=True, fill_none=True, fill_value=-999.0, pos_start=None, pos_end=None)],
                'btag_mask': [ColOut(collection='events', columns=['outZH_b1_pt', 'outZH_b2_pt', 'outZH_b1_score', 'outZH_b2_score', 'outZH_q1_pt', 'outZH_q2_pt', 'outZH_q1_score', 'outZH_q2_score', 'outZH_b1_q_mindr', 'outZH_b2_q_mindr', 'outZH_q_q_dr_nearb1', 'outZH_q_q_dr_nearb2', 'outZH_qq_M_nearb1', 'outZH_qq_M_nearb2', 'outZH_b1_qq_dr', 'outZH_b2_qq_dr', 'outZH_b1qq_M', 'outZH_b2qq_M', 'ZH_b1qq_dr', 'ZH_b2qq_dr', 'ZH_lbb1qq_dr', 'ZH_lbb2qq_dr', 'l_b2_mtb', 'ZH_closeb_invM', 'n_ak8jets', 'n_ak4jets', 'n_ak8_ZHbb', 'outZH_max_ak8pnetMass', 'outZH_b12_m', 'outZH_b12_dr', 'ht_b', 'ht_outZH', 'ak4_bestb_inZH', 'ak4_worstb_inZH', 'nonZHbb_q1_dr', 'nonZHbb_b1_dr', 'inZHb_outZHb_dr', 'ZH_l_dr', 'ZH_l_invM', 'l_b1_invM', 'l_b2_invM', 'l_b1_dr', 'l_b2_dr', 'spher', 'aplan', 'n_b_inZH', 'n_q_inZH', 'n_b_outZH', 'n_q_outZH', 'ZH_bbvLscore', 'process', 'tt_type', 'nJetGood', 'ZH_pt', 'MET_pt', 'ZH_M'], flatten=True, store_size=True, fill_none=True, fill_value=-999.0, pos_start=None, pos_end=None)]},
'TTToSemiLeptonic': {'baseline': [ColOut(collection='events', columns=['outZH_b1_pt', 'outZH_b2_pt', 'outZH_b1_score', 'outZH_b2_score', 'outZH_q1_pt', 'outZH_q2_pt', 'outZH_q1_score', 'outZH_q2_score', 'outZH_b1_q_mindr', 'outZH_b2_q_mindr', 'outZH_q_q_dr_nearb1', 'outZH_q_q_dr_nearb2', 'outZH_qq_M_nearb1', 'outZH_qq_M_nearb2', 'outZH_b1_qq_dr', 'outZH_b2_qq_dr', 'outZH_b1qq_M', 'outZH_b2qq_M', 'ZH_b1qq_dr', 'ZH_b2qq_dr', 'ZH_lbb1qq_dr', 'ZH_lbb2qq_dr', 'l_b2_mtb', 'ZH_closeb_invM', 'n_ak8jets', 'n_ak4jets', 'n_ak8_ZHbb', 'outZH_max_ak8pnetMass', 'outZH_b12_m', 'outZH_b12_dr', 'ht_b', 'ht_outZH', 'ak4_bestb_inZH', 'ak4_worstb_inZH', 'nonZHbb_q1_dr', 'nonZHbb_b1_dr', 'inZHb_outZHb_dr', 'ZH_l_dr', 'ZH_l_invM', 'l_b1_invM', 'l_b2_invM', 'l_b1_dr', 'l_b2_dr', 'spher', 'aplan', 'n_b_inZH', 'n_q_inZH', 'n_b_outZH', 'n_q_outZH', 'ZH_bbvLscore', 'process', 'tt_type', 'nJetGood', 'ZH_pt', 'MET_pt', 'ZH_M'], flatten=True, store_size=True, fill_none=True, fill_value=-999.0, pos_start=None, pos_end=None)],
                    'btag_mask': [ColOut(collection='events', columns=['outZH_b1_pt', 'outZH_b2_pt', 'outZH_b1_score', 'outZH_b2_score', 'outZH_q1_pt', 'outZH_q2_pt', 'outZH_q1_score', 'outZH_q2_score', 'outZH_b1_q_mindr', 'outZH_b2_q_mindr', 'outZH_q_q_dr_nearb1', 'outZH_q_q_dr_nearb2', 'outZH_qq_M_nearb1', 'outZH_qq_M_nearb2', 'outZH_b1_qq_dr', 'outZH_b2_qq_dr', 'outZH_b1qq_M', 'outZH_b2qq_M', 'ZH_b1qq_dr', 'ZH_b2qq_dr', 'ZH_lbb1qq_dr', 'ZH_lbb2qq_dr', 'l_b2_mtb', 'ZH_closeb_invM', 'n_ak8jets', 'n_ak4jets', 'n_ak8_ZHbb', 'outZH_max_ak8pnetMass', 'outZH_b12_m', 'outZH_b12_dr', 'ht_b', 'ht_outZH', 'ak4_bestb_inZH', 'ak4_worstb_inZH', 'nonZHbb_q1_dr', 'nonZHbb_b1_dr', 'inZHb_outZHb_dr', 'ZH_l_dr', 'ZH_l_invM', 'l_b1_invM', 'l_b2_invM', 'l_b1_dr', 'l_b2_dr', 'spher', 'aplan', 'n_b_inZH', 'n_q_inZH', 'n_b_outZH', 'n_q_outZH', 'ZH_bbvLscore', 'process', 'tt_type', 'nJetGood', 'ZH_pt', 'MET_pt', 'ZH_M'], flatten=True, store_size=True, fill_none=True, fill_value=-999.0, pos_start=None, pos_end=None)]},
'TTZToBB': {'baseline': [ColOut(collection='events', columns=['outZH_b1_pt', 'outZH_b2_pt', 'outZH_b1_score', 'outZH_b2_score', 'outZH_q1_pt', 'outZH_q2_pt', 'outZH_q1_score', 'outZH_q2_score', 'outZH_b1_q_mindr', 'outZH_b2_q_mindr', 'outZH_q_q_dr_nearb1', 'outZH_q_q_dr_nearb2', 'outZH_qq_M_nearb1', 'outZH_qq_M_nearb2', 'outZH_b1_qq_dr', 'outZH_b2_qq_dr', 'outZH_b1qq_M', 'outZH_b2qq_M', 'ZH_b1qq_dr', 'ZH_b2qq_dr', 'ZH_lbb1qq_dr', 'ZH_lbb2qq_dr', 'l_b2_mtb', 'ZH_closeb_invM', 'n_ak8jets', 'n_ak4jets', 'n_ak8_ZHbb', 'outZH_max_ak8pnetMass', 'outZH_b12_m', 'outZH_b12_dr', 'ht_b', 'ht_outZH', 'ak4_bestb_inZH', 'ak4_worstb_inZH', 'nonZHbb_q1_dr', 'nonZHbb_b1_dr', 'inZHb_outZHb_dr', 'ZH_l_dr', 'ZH_l_invM', 'l_b1_invM', 'l_b2_invM', 'l_b1_dr', 'l_b2_dr', 'spher', 'aplan', 'n_b_inZH', 'n_q_inZH', 'n_b_outZH', 'n_q_outZH', 'ZH_bbvLscore', 'process', 'Zbb', 'Hbb', 'Hnonbb', 'Zqq', 'Zllnunu', 'matchedGenZH', 'matchedGen_Zbb', 'matchedGen_Hbb', 'matchedGen_ZHbb', 'matchedGen_Zqq', 'matchedGen_ZHbb_bb', 'matchedGen_ZHbb_b', 'matchedGen_ZHbb_nob', 'nJetGood', 'ZH_pt', 'MET_pt', 'ZH_M'], flatten=True, store_size=True, fill_none=True, fill_value=-999.0, pos_start=None, pos_end=None)],
           'btag_mask': [ColOut(collection='events', columns=['outZH_b1_pt', 'outZH_b2_pt', 'outZH_b1_score', 'outZH_b2_score', 'outZH_q1_pt', 'outZH_q2_pt', 'outZH_q1_score', 'outZH_q2_score', 'outZH_b1_q_mindr', 'outZH_b2_q_mindr', 'outZH_q_q_dr_nearb1', 'outZH_q_q_dr_nearb2', 'outZH_qq_M_nearb1', 'outZH_qq_M_nearb2', 'outZH_b1_qq_dr', 'outZH_b2_qq_dr', 'outZH_b1qq_M', 'outZH_b2qq_M', 'ZH_b1qq_dr', 'ZH_b2qq_dr', 'ZH_lbb1qq_dr', 'ZH_lbb2qq_dr', 'l_b2_mtb', 'ZH_closeb_invM', 'n_ak8jets', 'n_ak4jets', 'n_ak8_ZHbb', 'outZH_max_ak8pnetMass', 'outZH_b12_m', 'outZH_b12_dr', 'ht_b', 'ht_outZH', 'ak4_bestb_inZH', 'ak4_worstb_inZH', 'nonZHbb_q1_dr', 'nonZHbb_b1_dr', 'inZHb_outZHb_dr', 'ZH_l_dr', 'ZH_l_invM', 'l_b1_invM', 'l_b2_invM', 'l_b1_dr', 'l_b2_dr', 'spher', 'aplan', 'n_b_inZH', 'n_q_inZH', 'n_b_outZH', 'n_q_outZH', 'ZH_bbvLscore', 'process', 'Zbb', 'Hbb', 'Hnonbb', 'Zqq', 'Zllnunu', 'matchedGenZH', 'matchedGen_Zbb', 'matchedGen_Hbb', 'matchedGen_ZHbb', 'matchedGen_Zqq', 'matchedGen_ZHbb_bb', 'matchedGen_ZHbb_b', 'matchedGen_ZHbb_nob', 'nJetGood', 'ZH_pt', 'MET_pt', 'ZH_M'], flatten=True, store_size=True, fill_none=True, fill_value=-999.0, pos_start=None, pos_end=None)]},
'TTZToLLNuNu': {'baseline': [ColOut(collection='events', columns=['outZH_b1_pt', 'outZH_b2_pt', 'outZH_b1_score', 'outZH_b2_score', 'outZH_q1_pt', 'outZH_q2_pt', 'outZH_q1_score', 'outZH_q2_score', 'outZH_b1_q_mindr', 'outZH_b2_q_mindr', 'outZH_q_q_dr_nearb1', 'outZH_q_q_dr_nearb2', 'outZH_qq_M_nearb1', 'outZH_qq_M_nearb2', 'outZH_b1_qq_dr', 'outZH_b2_qq_dr', 'outZH_b1qq_M', 'outZH_b2qq_M', 'ZH_b1qq_dr', 'ZH_b2qq_dr', 'ZH_lbb1qq_dr', 'ZH_lbb2qq_dr', 'l_b2_mtb', 'ZH_closeb_invM', 'n_ak8jets', 'n_ak4jets', 'n_ak8_ZHbb', 'outZH_max_ak8pnetMass', 'outZH_b12_m', 'outZH_b12_dr', 'ht_b', 'ht_outZH', 'ak4_bestb_inZH', 'ak4_worstb_inZH', 'nonZHbb_q1_dr', 'nonZHbb_b1_dr', 'inZHb_outZHb_dr', 'ZH_l_dr', 'ZH_l_invM', 'l_b1_invM', 'l_b2_invM', 'l_b1_dr', 'l_b2_dr', 'spher', 'aplan', 'n_b_inZH', 'n_q_inZH', 'n_b_outZH', 'n_q_outZH', 'ZH_bbvLscore', 'process', 'Zbb', 'Hbb', 'Hnonbb', 'Zqq', 'Zllnunu', 'matchedGenZH', 'matchedGen_Zbb', 'matchedGen_Hbb', 'matchedGen_ZHbb', 'matchedGen_Zqq', 'matchedGen_ZHbb_bb', 'matchedGen_ZHbb_b', 'matchedGen_ZHbb_nob', 'nJetGood', 'ZH_pt', 'MET_pt', 'ZH_M'], flatten=True, store_size=True, fill_none=True, fill_value=-999.0, pos_start=None, pos_end=None)],
               'btag_mask': [ColOut(collection='events', columns=['outZH_b1_pt', 'outZH_b2_pt', 'outZH_b1_score', 'outZH_b2_score', 'outZH_q1_pt', 'outZH_q2_pt', 'outZH_q1_score', 'outZH_q2_score', 'outZH_b1_q_mindr', 'outZH_b2_q_mindr', 'outZH_q_q_dr_nearb1', 'outZH_q_q_dr_nearb2', 'outZH_qq_M_nearb1', 'outZH_qq_M_nearb2', 'outZH_b1_qq_dr', 'outZH_b2_qq_dr', 'outZH_b1qq_M', 'outZH_b2qq_M', 'ZH_b1qq_dr', 'ZH_b2qq_dr', 'ZH_lbb1qq_dr', 'ZH_lbb2qq_dr', 'l_b2_mtb', 'ZH_closeb_invM', 'n_ak8jets', 'n_ak4jets', 'n_ak8_ZHbb', 'outZH_max_ak8pnetMass', 'outZH_b12_m', 'outZH_b12_dr', 'ht_b', 'ht_outZH', 'ak4_bestb_inZH', 'ak4_worstb_inZH', 'nonZHbb_q1_dr', 'nonZHbb_b1_dr', 'inZHb_outZHb_dr', 'ZH_l_dr', 'ZH_l_invM', 'l_b1_invM', 'l_b2_invM', 'l_b1_dr', 'l_b2_dr', 'spher', 'aplan', 'n_b_inZH', 'n_q_inZH', 'n_b_outZH', 'n_q_outZH', 'ZH_bbvLscore', 'process', 'Zbb', 'Hbb', 'Hnonbb', 'Zqq', 'Zllnunu', 'matchedGenZH', 'matchedGen_Zbb', 'matchedGen_Hbb', 'matchedGen_ZHbb', 'matchedGen_Zqq', 'matchedGen_ZHbb_bb', 'matchedGen_ZHbb_b', 'matchedGen_ZHbb_nob', 'nJetGood', 'ZH_pt', 'MET_pt', 'ZH_M'], flatten=True, store_size=True, fill_none=True, fill_value=-999.0, pos_start=None, pos_end=None)]},
'TTZToQQ': {'baseline': [ColOut(collection='events', columns=['outZH_b1_pt', 'outZH_b2_pt', 'outZH_b1_score', 'outZH_b2_score', 'outZH_q1_pt', 'outZH_q2_pt', 'outZH_q1_score', 'outZH_q2_score', 'outZH_b1_q_mindr', 'outZH_b2_q_mindr', 'outZH_q_q_dr_nearb1', 'outZH_q_q_dr_nearb2', 'outZH_qq_M_nearb1', 'outZH_qq_M_nearb2', 'outZH_b1_qq_dr', 'outZH_b2_qq_dr', 'outZH_b1qq_M', 'outZH_b2qq_M', 'ZH_b1qq_dr', 'ZH_b2qq_dr', 'ZH_lbb1qq_dr', 'ZH_lbb2qq_dr', 'l_b2_mtb', 'ZH_closeb_invM', 'n_ak8jets', 'n_ak4jets', 'n_ak8_ZHbb', 'outZH_max_ak8pnetMass', 'outZH_b12_m', 'outZH_b12_dr', 'ht_b', 'ht_outZH', 'ak4_bestb_inZH', 'ak4_worstb_inZH', 'nonZHbb_q1_dr', 'nonZHbb_b1_dr', 'inZHb_outZHb_dr', 'ZH_l_dr', 'ZH_l_invM', 'l_b1_invM', 'l_b2_invM', 'l_b1_dr', 'l_b2_dr', 'spher', 'aplan', 'n_b_inZH', 'n_q_inZH', 'n_b_outZH', 'n_q_outZH', 'ZH_bbvLscore', 'process', 'Zbb', 'Hbb', 'Hnonbb', 'Zqq', 'Zllnunu', 'matchedGenZH', 'matchedGen_Zbb', 'matchedGen_Hbb', 'matchedGen_ZHbb', 'matchedGen_Zqq', 'matchedGen_ZHbb_bb', 'matchedGen_ZHbb_b', 'matchedGen_ZHbb_nob', 'nJetGood', 'ZH_pt', 'MET_pt', 'ZH_M'], flatten=True, store_size=True, fill_none=True, fill_value=-999.0, pos_start=None, pos_end=None)],
           'btag_mask': [ColOut(collection='events', columns=['outZH_b1_pt', 'outZH_b2_pt', 'outZH_b1_score', 'outZH_b2_score', 'outZH_q1_pt', 'outZH_q2_pt', 'outZH_q1_score', 'outZH_q2_score', 'outZH_b1_q_mindr', 'outZH_b2_q_mindr', 'outZH_q_q_dr_nearb1', 'outZH_q_q_dr_nearb2', 'outZH_qq_M_nearb1', 'outZH_qq_M_nearb2', 'outZH_b1_qq_dr', 'outZH_b2_qq_dr', 'outZH_b1qq_M', 'outZH_b2qq_M', 'ZH_b1qq_dr', 'ZH_b2qq_dr', 'ZH_lbb1qq_dr', 'ZH_lbb2qq_dr', 'l_b2_mtb', 'ZH_closeb_invM', 'n_ak8jets', 'n_ak4jets', 'n_ak8_ZHbb', 'outZH_max_ak8pnetMass', 'outZH_b12_m', 'outZH_b12_dr', 'ht_b', 'ht_outZH', 'ak4_bestb_inZH', 'ak4_worstb_inZH', 'nonZHbb_q1_dr', 'nonZHbb_b1_dr', 'inZHb_outZHb_dr', 'ZH_l_dr', 'ZH_l_invM', 'l_b1_invM', 'l_b2_invM', 'l_b1_dr', 'l_b2_dr', 'spher', 'aplan', 'n_b_inZH', 'n_q_inZH', 'n_b_outZH', 'n_q_outZH', 'ZH_bbvLscore', 'process', 'Zbb', 'Hbb', 'Hnonbb', 'Zqq', 'Zllnunu', 'matchedGenZH', 'matchedGen_Zbb', 'matchedGen_Hbb', 'matchedGen_ZHbb', 'matchedGen_Zqq', 'matchedGen_ZHbb_bb', 'matchedGen_ZHbb_b', 'matchedGen_ZHbb_nob', 'nJetGood', 'ZH_pt', 'MET_pt', 'ZH_M'], flatten=True, store_size=True, fill_none=True, fill_value=-999.0, pos_start=None, pos_end=None)]},
'TTbb_2L2Nu': {'baseline': [ColOut(collection='events', columns=['outZH_b1_pt', 'outZH_b2_pt', 'outZH_b1_score', 'outZH_b2_score', 'outZH_q1_pt', 'outZH_q2_pt', 'outZH_q1_score', 'outZH_q2_score', 'outZH_b1_q_mindr', 'outZH_b2_q_mindr', 'outZH_q_q_dr_nearb1', 'outZH_q_q_dr_nearb2', 'outZH_qq_M_nearb1', 'outZH_qq_M_nearb2', 'outZH_b1_qq_dr', 'outZH_b2_qq_dr', 'outZH_b1qq_M', 'outZH_b2qq_M', 'ZH_b1qq_dr', 'ZH_b2qq_dr', 'ZH_lbb1qq_dr', 'ZH_lbb2qq_dr', 'l_b2_mtb', 'ZH_closeb_invM', 'n_ak8jets', 'n_ak4jets', 'n_ak8_ZHbb', 'outZH_max_ak8pnetMass', 'outZH_b12_m', 'outZH_b12_dr', 'ht_b', 'ht_outZH', 'ak4_bestb_inZH', 'ak4_worstb_inZH', 'nonZHbb_q1_dr', 'nonZHbb_b1_dr', 'inZHb_outZHb_dr', 'ZH_l_dr', 'ZH_l_invM', 'l_b1_invM', 'l_b2_invM', 'l_b1_dr', 'l_b2_dr', 'spher', 'aplan', 'n_b_inZH', 'n_q_inZH', 'n_b_outZH', 'n_q_outZH', 'ZH_bbvLscore', 'process', 'tt_type', 'nJetGood', 'ZH_pt', 'MET_pt', 'ZH_M'], flatten=True, store_size=True, fill_none=True, fill_value=-999.0, pos_start=None, pos_end=None)],
              'btag_mask': [ColOut(collection='events', columns=['outZH_b1_pt', 'outZH_b2_pt', 'outZH_b1_score', 'outZH_b2_score', 'outZH_q1_pt', 'outZH_q2_pt', 'outZH_q1_score', 'outZH_q2_score', 'outZH_b1_q_mindr', 'outZH_b2_q_mindr', 'outZH_q_q_dr_nearb1', 'outZH_q_q_dr_nearb2', 'outZH_qq_M_nearb1', 'outZH_qq_M_nearb2', 'outZH_b1_qq_dr', 'outZH_b2_qq_dr', 'outZH_b1qq_M', 'outZH_b2qq_M', 'ZH_b1qq_dr', 'ZH_b2qq_dr', 'ZH_lbb1qq_dr', 'ZH_lbb2qq_dr', 'l_b2_mtb', 'ZH_closeb_invM', 'n_ak8jets', 'n_ak4jets', 'n_ak8_ZHbb', 'outZH_max_ak8pnetMass', 'outZH_b12_m', 'outZH_b12_dr', 'ht_b', 'ht_outZH', 'ak4_bestb_inZH', 'ak4_worstb_inZH', 'nonZHbb_q1_dr', 'nonZHbb_b1_dr', 'inZHb_outZHb_dr', 'ZH_l_dr', 'ZH_l_invM', 'l_b1_invM', 'l_b2_invM', 'l_b1_dr', 'l_b2_dr', 'spher', 'aplan', 'n_b_inZH', 'n_q_inZH', 'n_b_outZH', 'n_q_outZH', 'ZH_bbvLscore', 'process', 'tt_type', 'nJetGood', 'ZH_pt', 'MET_pt', 'ZH_M'], flatten=True, store_size=True, fill_none=True, fill_value=-999.0, pos_start=None, pos_end=None)]},
'TTbb_Hadronic': {'baseline': [ColOut(collection='events', columns=['outZH_b1_pt', 'outZH_b2_pt', 'outZH_b1_score', 'outZH_b2_score', 'outZH_q1_pt', 'outZH_q2_pt', 'outZH_q1_score', 'outZH_q2_score', 'outZH_b1_q_mindr', 'outZH_b2_q_mindr', 'outZH_q_q_dr_nearb1', 'outZH_q_q_dr_nearb2', 'outZH_qq_M_nearb1', 'outZH_qq_M_nearb2', 'outZH_b1_qq_dr', 'outZH_b2_qq_dr', 'outZH_b1qq_M', 'outZH_b2qq_M', 'ZH_b1qq_dr', 'ZH_b2qq_dr', 'ZH_lbb1qq_dr', 'ZH_lbb2qq_dr', 'l_b2_mtb', 'ZH_closeb_invM', 'n_ak8jets', 'n_ak4jets', 'n_ak8_ZHbb', 'outZH_max_ak8pnetMass', 'outZH_b12_m', 'outZH_b12_dr', 'ht_b', 'ht_outZH', 'ak4_bestb_inZH', 'ak4_worstb_inZH', 'nonZHbb_q1_dr', 'nonZHbb_b1_dr', 'inZHb_outZHb_dr', 'ZH_l_dr', 'ZH_l_invM', 'l_b1_invM', 'l_b2_invM', 'l_b1_dr', 'l_b2_dr', 'spher', 'aplan', 'n_b_inZH', 'n_q_inZH', 'n_b_outZH', 'n_q_outZH', 'ZH_bbvLscore', 'process', 'tt_type', 'nJetGood', 'ZH_pt', 'MET_pt', 'ZH_M'], flatten=True, store_size=True, fill_none=True, fill_value=-999.0, pos_start=None, pos_end=None)],
                 'btag_mask': [ColOut(collection='events', columns=['outZH_b1_pt', 'outZH_b2_pt', 'outZH_b1_score', 'outZH_b2_score', 'outZH_q1_pt', 'outZH_q2_pt', 'outZH_q1_score', 'outZH_q2_score', 'outZH_b1_q_mindr', 'outZH_b2_q_mindr', 'outZH_q_q_dr_nearb1', 'outZH_q_q_dr_nearb2', 'outZH_qq_M_nearb1', 'outZH_qq_M_nearb2', 'outZH_b1_qq_dr', 'outZH_b2_qq_dr', 'outZH_b1qq_M', 'outZH_b2qq_M', 'ZH_b1qq_dr', 'ZH_b2qq_dr', 'ZH_lbb1qq_dr', 'ZH_lbb2qq_dr', 'l_b2_mtb', 'ZH_closeb_invM', 'n_ak8jets', 'n_ak4jets', 'n_ak8_ZHbb', 'outZH_max_ak8pnetMass', 'outZH_b12_m', 'outZH_b12_dr', 'ht_b', 'ht_outZH', 'ak4_bestb_inZH', 'ak4_worstb_inZH', 'nonZHbb_q1_dr', 'nonZHbb_b1_dr', 'inZHb_outZHb_dr', 'ZH_l_dr', 'ZH_l_invM', 'l_b1_invM', 'l_b2_invM', 'l_b1_dr', 'l_b2_dr', 'spher', 'aplan', 'n_b_inZH', 'n_q_inZH', 'n_b_outZH', 'n_q_outZH', 'ZH_bbvLscore', 'process', 'tt_type', 'nJetGood', 'ZH_pt', 'MET_pt', 'ZH_M'], flatten=True, store_size=True, fill_none=True, fill_value=-999.0, pos_start=None, pos_end=None)]},
'TTbb_SemiLeptonic': {'baseline': [ColOut(collection='events', columns=['outZH_b1_pt', 'outZH_b2_pt', 'outZH_b1_score', 'outZH_b2_score', 'outZH_q1_pt', 'outZH_q2_pt', 'outZH_q1_score', 'outZH_q2_score', 'outZH_b1_q_mindr', 'outZH_b2_q_mindr', 'outZH_q_q_dr_nearb1', 'outZH_q_q_dr_nearb2', 'outZH_qq_M_nearb1', 'outZH_qq_M_nearb2', 'outZH_b1_qq_dr', 'outZH_b2_qq_dr', 'outZH_b1qq_M', 'outZH_b2qq_M', 'ZH_b1qq_dr', 'ZH_b2qq_dr', 'ZH_lbb1qq_dr', 'ZH_lbb2qq_dr', 'l_b2_mtb', 'ZH_closeb_invM', 'n_ak8jets', 'n_ak4jets', 'n_ak8_ZHbb', 'outZH_max_ak8pnetMass', 'outZH_b12_m', 'outZH_b12_dr', 'ht_b', 'ht_outZH', 'ak4_bestb_inZH', 'ak4_worstb_inZH', 'nonZHbb_q1_dr', 'nonZHbb_b1_dr', 'inZHb_outZHb_dr', 'ZH_l_dr', 'ZH_l_invM', 'l_b1_invM', 'l_b2_invM', 'l_b1_dr', 'l_b2_dr', 'spher', 'aplan', 'n_b_inZH', 'n_q_inZH', 'n_b_outZH', 'n_q_outZH', 'ZH_bbvLscore', 'process', 'tt_type', 'nJetGood', 'ZH_pt', 'MET_pt', 'ZH_M'], flatten=True, store_size=True, fill_none=True, fill_value=-999.0, pos_start=None, pos_end=None)],
                     'btag_mask': [ColOut(collection='events', columns=['outZH_b1_pt', 'outZH_b2_pt', 'outZH_b1_score', 'outZH_b2_score', 'outZH_q1_pt', 'outZH_q2_pt', 'outZH_q1_score', 'outZH_q2_score', 'outZH_b1_q_mindr', 'outZH_b2_q_mindr', 'outZH_q_q_dr_nearb1', 'outZH_q_q_dr_nearb2', 'outZH_qq_M_nearb1', 'outZH_qq_M_nearb2', 'outZH_b1_qq_dr', 'outZH_b2_qq_dr', 'outZH_b1qq_M', 'outZH_b2qq_M', 'ZH_b1qq_dr', 'ZH_b2qq_dr', 'ZH_lbb1qq_dr', 'ZH_lbb2qq_dr', 'l_b2_mtb', 'ZH_closeb_invM', 'n_ak8jets', 'n_ak4jets', 'n_ak8_ZHbb', 'outZH_max_ak8pnetMass', 'outZH_b12_m', 'outZH_b12_dr', 'ht_b', 'ht_outZH', 'ak4_bestb_inZH', 'ak4_worstb_inZH', 'nonZHbb_q1_dr', 'nonZHbb_b1_dr', 'inZHb_outZHb_dr', 'ZH_l_dr', 'ZH_l_invM', 'l_b1_invM', 'l_b2_invM', 'l_b1_dr', 'l_b2_dr', 'spher', 'aplan', 'n_b_inZH', 'n_q_inZH', 'n_b_outZH', 'n_q_outZH', 'ZH_bbvLscore', 'process', 'tt_type', 'nJetGood', 'ZH_pt', 'MET_pt', 'ZH_M'], flatten=True, store_size=True, fill_none=True, fill_value=-999.0, pos_start=None, pos_end=None)]},
'ttHToNonbb': {'baseline': [ColOut(collection='events', columns=['outZH_b1_pt', 'outZH_b2_pt', 'outZH_b1_score', 'outZH_b2_score', 'outZH_q1_pt', 'outZH_q2_pt', 'outZH_q1_score', 'outZH_q2_score', 'outZH_b1_q_mindr', 'outZH_b2_q_mindr', 'outZH_q_q_dr_nearb1', 'outZH_q_q_dr_nearb2', 'outZH_qq_M_nearb1', 'outZH_qq_M_nearb2', 'outZH_b1_qq_dr', 'outZH_b2_qq_dr', 'outZH_b1qq_M', 'outZH_b2qq_M', 'ZH_b1qq_dr', 'ZH_b2qq_dr', 'ZH_lbb1qq_dr', 'ZH_lbb2qq_dr', 'l_b2_mtb', 'ZH_closeb_invM', 'n_ak8jets', 'n_ak4jets', 'n_ak8_ZHbb', 'outZH_max_ak8pnetMass', 'outZH_b12_m', 'outZH_b12_dr', 'ht_b', 'ht_outZH', 'ak4_bestb_inZH', 'ak4_worstb_inZH', 'nonZHbb_q1_dr', 'nonZHbb_b1_dr', 'inZHb_outZHb_dr', 'ZH_l_dr', 'ZH_l_invM', 'l_b1_invM', 'l_b2_invM', 'l_b1_dr', 'l_b2_dr', 'spher', 'aplan', 'n_b_inZH', 'n_q_inZH', 'n_b_outZH', 'n_q_outZH', 'ZH_bbvLscore', 'process', 'Zbb', 'Hbb', 'Hnonbb', 'Zqq', 'Zllnunu', 'matchedGenZH', 'matchedGen_Zbb', 'matchedGen_Hbb', 'matchedGen_ZHbb', 'matchedGen_Zqq', 'matchedGen_ZHbb_bb', 'matchedGen_ZHbb_b', 'matchedGen_ZHbb_nob', 'nJetGood', 'ZH_pt', 'MET_pt', 'ZH_M'], flatten=True, store_size=True, fill_none=True, fill_value=-999.0, pos_start=None, pos_end=None)],
              'btag_mask': [ColOut(collection='events', columns=['outZH_b1_pt', 'outZH_b2_pt', 'outZH_b1_score', 'outZH_b2_score', 'outZH_q1_pt', 'outZH_q2_pt', 'outZH_q1_score', 'outZH_q2_score', 'outZH_b1_q_mindr', 'outZH_b2_q_mindr', 'outZH_q_q_dr_nearb1', 'outZH_q_q_dr_nearb2', 'outZH_qq_M_nearb1', 'outZH_qq_M_nearb2', 'outZH_b1_qq_dr', 'outZH_b2_qq_dr', 'outZH_b1qq_M', 'outZH_b2qq_M', 'ZH_b1qq_dr', 'ZH_b2qq_dr', 'ZH_lbb1qq_dr', 'ZH_lbb2qq_dr', 'l_b2_mtb', 'ZH_closeb_invM', 'n_ak8jets', 'n_ak4jets', 'n_ak8_ZHbb', 'outZH_max_ak8pnetMass', 'outZH_b12_m', 'outZH_b12_dr', 'ht_b', 'ht_outZH', 'ak4_bestb_inZH', 'ak4_worstb_inZH', 'nonZHbb_q1_dr', 'nonZHbb_b1_dr', 'inZHb_outZHb_dr', 'ZH_l_dr', 'ZH_l_invM', 'l_b1_invM', 'l_b2_invM', 'l_b1_dr', 'l_b2_dr', 'spher', 'aplan', 'n_b_inZH', 'n_q_inZH', 'n_b_outZH', 'n_q_outZH', 'ZH_bbvLscore', 'process', 'Zbb', 'Hbb', 'Hnonbb', 'Zqq', 'Zllnunu', 'matchedGenZH', 'matchedGen_Zbb', 'matchedGen_Hbb', 'matchedGen_ZHbb', 'matchedGen_Zqq', 'matchedGen_ZHbb_bb', 'matchedGen_ZHbb_b', 'matchedGen_ZHbb_nob', 'nJetGood', 'ZH_pt', 'MET_pt', 'ZH_M'], flatten=True, store_size=True, fill_none=True, fill_value=-999.0, pos_start=None, pos_end=None)]},
'ttHTobb': {'baseline': [ColOut(collection='events', columns=['outZH_b1_pt', 'outZH_b2_pt', 'outZH_b1_score', 'outZH_b2_score', 'outZH_q1_pt', 'outZH_q2_pt', 'outZH_q1_score', 'outZH_q2_score', 'outZH_b1_q_mindr', 'outZH_b2_q_mindr', 'outZH_q_q_dr_nearb1', 'outZH_q_q_dr_nearb2', 'outZH_qq_M_nearb1', 'outZH_qq_M_nearb2', 'outZH_b1_qq_dr', 'outZH_b2_qq_dr', 'outZH_b1qq_M', 'outZH_b2qq_M', 'ZH_b1qq_dr', 'ZH_b2qq_dr', 'ZH_lbb1qq_dr', 'ZH_lbb2qq_dr', 'l_b2_mtb', 'ZH_closeb_invM', 'n_ak8jets', 'n_ak4jets', 'n_ak8_ZHbb', 'outZH_max_ak8pnetMass', 'outZH_b12_m', 'outZH_b12_dr', 'ht_b', 'ht_outZH', 'ak4_bestb_inZH', 'ak4_worstb_inZH', 'nonZHbb_q1_dr', 'nonZHbb_b1_dr', 'inZHb_outZHb_dr', 'ZH_l_dr', 'ZH_l_invM', 'l_b1_invM', 'l_b2_invM', 'l_b1_dr', 'l_b2_dr', 'spher', 'aplan', 'n_b_inZH', 'n_q_inZH', 'n_b_outZH', 'n_q_outZH', 'ZH_bbvLscore', 'process', 'Zbb', 'Hbb', 'Hnonbb', 'Zqq', 'Zllnunu', 'matchedGenZH', 'matchedGen_Zbb', 'matchedGen_Hbb', 'matchedGen_ZHbb', 'matchedGen_Zqq', 'matchedGen_ZHbb_bb', 'matchedGen_ZHbb_b', 'matchedGen_ZHbb_nob', 'nJetGood', 'ZH_pt', 'MET_pt', 'ZH_M'], flatten=True, store_size=True, fill_none=True, fill_value=-999.0, pos_start=None, pos_end=None)],
           'btag_mask': [ColOut(collection='events', columns=['outZH_b1_pt', 'outZH_b2_pt', 'outZH_b1_score', 'outZH_b2_score', 'outZH_q1_pt', 'outZH_q2_pt', 'outZH_q1_score', 'outZH_q2_score', 'outZH_b1_q_mindr', 'outZH_b2_q_mindr', 'outZH_q_q_dr_nearb1', 'outZH_q_q_dr_nearb2', 'outZH_qq_M_nearb1', 'outZH_qq_M_nearb2', 'outZH_b1_qq_dr', 'outZH_b2_qq_dr', 'outZH_b1qq_M', 'outZH_b2qq_M', 'ZH_b1qq_dr', 'ZH_b2qq_dr', 'ZH_lbb1qq_dr', 'ZH_lbb2qq_dr', 'l_b2_mtb', 'ZH_closeb_invM', 'n_ak8jets', 'n_ak4jets', 'n_ak8_ZHbb', 'outZH_max_ak8pnetMass', 'outZH_b12_m', 'outZH_b12_dr', 'ht_b', 'ht_outZH', 'ak4_bestb_inZH', 'ak4_worstb_inZH', 'nonZHbb_q1_dr', 'nonZHbb_b1_dr', 'inZHb_outZHb_dr', 'ZH_l_dr', 'ZH_l_invM', 'l_b1_invM', 'l_b2_invM', 'l_b1_dr', 'l_b2_dr', 'spher', 'aplan', 'n_b_inZH', 'n_q_inZH', 'n_b_outZH', 'n_q_outZH', 'ZH_bbvLscore', 'process', 'Zbb', 'Hbb', 'Hnonbb', 'Zqq', 'Zllnunu', 'matchedGenZH', 'matchedGen_Zbb', 'matchedGen_Hbb', 'matchedGen_ZHbb', 'matchedGen_Zqq', 'matchedGen_ZHbb_bb', 'matchedGen_ZHbb_b', 'matchedGen_ZHbb_nob', 'nJetGood', 'ZH_pt', 'MET_pt', 'ZH_M'], flatten=True, store_size=True, fill_none=True, fill_value=-999.0, pos_start=None, pos_end=None)]}}
  - available weights variations: {'TTTo2L2Nu': ['pileup', 'nominal'],
'TTToHadronic': ['pileup', 'nominal'],
'TTToSemiLeptonic': ['pileup', 'nominal'],
'TTZToBB': ['pileup', 'nominal'],
'TTZToLLNuNu': ['pileup', 'nominal'],
'TTZToQQ': ['pileup', 'nominal'],
'TTbb_2L2Nu': ['pileup', 'nominal'],
'TTbb_Hadronic': ['pileup', 'nominal'],
'TTbb_SemiLeptonic': ['pileup', 'nominal'],
'ttHToNonbb': ['pileup', 'nominal'],
'ttHTobb': ['pileup', 'nominal']} 
  - available shape variations: {'TTTo2L2Nu': [],
'TTToHadronic': [],
'TTToSemiLeptonic': [],
'TTZToBB': [],
'TTZToLLNuNu': [],
'TTZToQQ': [],
'TTbb_2L2Nu': [],
'TTbb_Hadronic': [],
'TTbb_SemiLeptonic': [],
'ttHToNonbb': [],
'ttHTobb': []}
[INFO    ] Configurator instance:
  - Workflow: <class 'zhbbworkflow.ZHbbBaseProcessor'>
  - Workflow options: {}
  - N. datasets: 11 
   -- Dataset: ttHTobb_M125_M125_2017,  Sample: ttHTobb, N. files: 46, N. events: 7825000
   -- Dataset: ttHToNonbb_M125_M125_2017,  Sample: ttHToNonbb, N. files: 35, N. events: 5070989
   -- Dataset: TTZToBB__2017,  Sample: TTZToBB, N. files: 26, N. events: 7074000
   -- Dataset: TTZToQQ__2017,  Sample: TTZToQQ, N. files: 35, N. events: 13822000
   -- Dataset: TTZToLLNuNu__2017,  Sample: TTZToLLNuNu, N. files: 19, N. events: 14036000
   -- Dataset: TTbb_Hadronic__2017,  Sample: TTbb_Hadronic, N. files: 9, N. events: 5694656
   -- Dataset: TTbb_2L2Nu__2017,  Sample: TTbb_2L2Nu, N. files: 7, N. events: 3472503
   -- Dataset: TTbb_SemiLeptonic__2017,  Sample: TTbb_SemiLeptonic, N. files: 12, N. events: 7318891
   -- Dataset: TTToHadronic__2017,  Sample: TTToHadronic, N. files: 199, N. events: 232999999
   -- Dataset: TTTo2L2Nu__2017,  Sample: TTTo2L2Nu, N. files: 99, N. events: 106724000
   -- Dataset: TTToSemiLeptonic__2017,  Sample: TTToSemiLeptonic, N. files: 297, N. events: 346052000
  - Subsamples:
   -- Sample ttHTobb: StandardSelection ['ttHTobb'], (1 categories)
   -- Sample ttHToNonbb: StandardSelection ['ttHToNonbb'], (1 categories)
   -- Sample TTZToBB: StandardSelection ['TTZToBB'], (1 categories)
   -- Sample TTZToQQ: StandardSelection ['TTZToQQ'], (1 categories)
   -- Sample TTZToLLNuNu: StandardSelection ['TTZToLLNuNu'], (1 categories)
   -- Sample TTbb_Hadronic: StandardSelection ['TTbb_Hadronic'], (1 categories)
   -- Sample TTbb_2L2Nu: StandardSelection ['TTbb_2L2Nu'], (1 categories)
   -- Sample TTbb_SemiLeptonic: StandardSelection ['TTbb_SemiLeptonic'], (1 categories)
   -- Sample TTToHadronic: StandardSelection ['TTToHadronic'], (1 categories)
   -- Sample TTTo2L2Nu: StandardSelection ['TTTo2L2Nu'], (1 categories)
   -- Sample TTToSemiLeptonic: StandardSelection ['TTToSemiLeptonic'], (1 categories)
  - Skim: ['preSkimCut']
  - Preselection: ['eventSelection']
  - Categories: StandardSelection ['baseline', 'btag_mask'], (2 categories)
  - Variables:  ['mAK8', 'zhbbtag', 'zhbbtag_sorted', 'outZH_b1_pt']
  - Columns: {'TTTo2L2Nu': {'baseline': [ColOut(collection='events', columns=['outZH_b1_pt', 'outZH_b2_pt', 'outZH_b1_score', 'outZH_b2_score', 'outZH_q1_pt', 'outZH_q2_pt', 'outZH_q1_score', 'outZH_q2_score', 'outZH_b1_q_mindr', 'outZH_b2_q_mindr', 'outZH_q_q_dr_nearb1', 'outZH_q_q_dr_nearb2', 'outZH_qq_M_nearb1', 'outZH_qq_M_nearb2', 'outZH_b1_qq_dr', 'outZH_b2_qq_dr', 'outZH_b1qq_M', 'outZH_b2qq_M', 'ZH_b1qq_dr', 'ZH_b2qq_dr', 'ZH_lbb1qq_dr', 'ZH_lbb2qq_dr', 'l_b2_mtb', 'ZH_closeb_invM', 'n_ak8jets', 'n_ak4jets', 'n_ak8_ZHbb', 'outZH_max_ak8pnetMass', 'outZH_b12_m', 'outZH_b12_dr', 'ht_b', 'ht_outZH', 'ak4_bestb_inZH', 'ak4_worstb_inZH', 'nonZHbb_q1_dr', 'nonZHbb_b1_dr', 'inZHb_outZHb_dr', 'ZH_l_dr', 'ZH_l_invM', 'l_b1_invM', 'l_b2_invM', 'l_b1_dr', 'l_b2_dr', 'spher', 'aplan', 'n_b_inZH', 'n_q_inZH', 'n_b_outZH', 'n_q_outZH', 'ZH_bbvLscore', 'process', 'tt_type', 'nJetGood', 'ZH_pt', 'MET_pt', 'ZH_M'], flatten=True, store_size=True, fill_none=True, fill_value=-999.0, pos_start=None, pos_end=None)],
             'btag_mask': [ColOut(collection='events', columns=['outZH_b1_pt', 'outZH_b2_pt', 'outZH_b1_score', 'outZH_b2_score', 'outZH_q1_pt', 'outZH_q2_pt', 'outZH_q1_score', 'outZH_q2_score', 'outZH_b1_q_mindr', 'outZH_b2_q_mindr', 'outZH_q_q_dr_nearb1', 'outZH_q_q_dr_nearb2', 'outZH_qq_M_nearb1', 'outZH_qq_M_nearb2', 'outZH_b1_qq_dr', 'outZH_b2_qq_dr', 'outZH_b1qq_M', 'outZH_b2qq_M', 'ZH_b1qq_dr', 'ZH_b2qq_dr', 'ZH_lbb1qq_dr', 'ZH_lbb2qq_dr', 'l_b2_mtb', 'ZH_closeb_invM', 'n_ak8jets', 'n_ak4jets', 'n_ak8_ZHbb', 'outZH_max_ak8pnetMass', 'outZH_b12_m', 'outZH_b12_dr', 'ht_b', 'ht_outZH', 'ak4_bestb_inZH', 'ak4_worstb_inZH', 'nonZHbb_q1_dr', 'nonZHbb_b1_dr', 'inZHb_outZHb_dr', 'ZH_l_dr', 'ZH_l_invM', 'l_b1_invM', 'l_b2_invM', 'l_b1_dr', 'l_b2_dr', 'spher', 'aplan', 'n_b_inZH', 'n_q_inZH', 'n_b_outZH', 'n_q_outZH', 'ZH_bbvLscore', 'process', 'tt_type', 'nJetGood', 'ZH_pt', 'MET_pt', 'ZH_M'], flatten=True, store_size=True, fill_none=True, fill_value=-999.0, pos_start=None, pos_end=None)]},
'TTToHadronic': {'baseline': [ColOut(collection='events', columns=['outZH_b1_pt', 'outZH_b2_pt', 'outZH_b1_score', 'outZH_b2_score', 'outZH_q1_pt', 'outZH_q2_pt', 'outZH_q1_score', 'outZH_q2_score', 'outZH_b1_q_mindr', 'outZH_b2_q_mindr', 'outZH_q_q_dr_nearb1', 'outZH_q_q_dr_nearb2', 'outZH_qq_M_nearb1', 'outZH_qq_M_nearb2', 'outZH_b1_qq_dr', 'outZH_b2_qq_dr', 'outZH_b1qq_M', 'outZH_b2qq_M', 'ZH_b1qq_dr', 'ZH_b2qq_dr', 'ZH_lbb1qq_dr', 'ZH_lbb2qq_dr', 'l_b2_mtb', 'ZH_closeb_invM', 'n_ak8jets', 'n_ak4jets', 'n_ak8_ZHbb', 'outZH_max_ak8pnetMass', 'outZH_b12_m', 'outZH_b12_dr', 'ht_b', 'ht_outZH', 'ak4_bestb_inZH', 'ak4_worstb_inZH', 'nonZHbb_q1_dr', 'nonZHbb_b1_dr', 'inZHb_outZHb_dr', 'ZH_l_dr', 'ZH_l_invM', 'l_b1_invM', 'l_b2_invM', 'l_b1_dr', 'l_b2_dr', 'spher', 'aplan', 'n_b_inZH', 'n_q_inZH', 'n_b_outZH', 'n_q_outZH', 'ZH_bbvLscore', 'process', 'tt_type', 'nJetGood', 'ZH_pt', 'MET_pt', 'ZH_M'], flatten=True, store_size=True, fill_none=True, fill_value=-999.0, pos_start=None, pos_end=None)],
                'btag_mask': [ColOut(collection='events', columns=['outZH_b1_pt', 'outZH_b2_pt', 'outZH_b1_score', 'outZH_b2_score', 'outZH_q1_pt', 'outZH_q2_pt', 'outZH_q1_score', 'outZH_q2_score', 'outZH_b1_q_mindr', 'outZH_b2_q_mindr', 'outZH_q_q_dr_nearb1', 'outZH_q_q_dr_nearb2', 'outZH_qq_M_nearb1', 'outZH_qq_M_nearb2', 'outZH_b1_qq_dr', 'outZH_b2_qq_dr', 'outZH_b1qq_M', 'outZH_b2qq_M', 'ZH_b1qq_dr', 'ZH_b2qq_dr', 'ZH_lbb1qq_dr', 'ZH_lbb2qq_dr', 'l_b2_mtb', 'ZH_closeb_invM', 'n_ak8jets', 'n_ak4jets', 'n_ak8_ZHbb', 'outZH_max_ak8pnetMass', 'outZH_b12_m', 'outZH_b12_dr', 'ht_b', 'ht_outZH', 'ak4_bestb_inZH', 'ak4_worstb_inZH', 'nonZHbb_q1_dr', 'nonZHbb_b1_dr', 'inZHb_outZHb_dr', 'ZH_l_dr', 'ZH_l_invM', 'l_b1_invM', 'l_b2_invM', 'l_b1_dr', 'l_b2_dr', 'spher', 'aplan', 'n_b_inZH', 'n_q_inZH', 'n_b_outZH', 'n_q_outZH', 'ZH_bbvLscore', 'process', 'tt_type', 'nJetGood', 'ZH_pt', 'MET_pt', 'ZH_M'], flatten=True, store_size=True, fill_none=True, fill_value=-999.0, pos_start=None, pos_end=None)]},
'TTToSemiLeptonic': {'baseline': [ColOut(collection='events', columns=['outZH_b1_pt', 'outZH_b2_pt', 'outZH_b1_score', 'outZH_b2_score', 'outZH_q1_pt', 'outZH_q2_pt', 'outZH_q1_score', 'outZH_q2_score', 'outZH_b1_q_mindr', 'outZH_b2_q_mindr', 'outZH_q_q_dr_nearb1', 'outZH_q_q_dr_nearb2', 'outZH_qq_M_nearb1', 'outZH_qq_M_nearb2', 'outZH_b1_qq_dr', 'outZH_b2_qq_dr', 'outZH_b1qq_M', 'outZH_b2qq_M', 'ZH_b1qq_dr', 'ZH_b2qq_dr', 'ZH_lbb1qq_dr', 'ZH_lbb2qq_dr', 'l_b2_mtb', 'ZH_closeb_invM', 'n_ak8jets', 'n_ak4jets', 'n_ak8_ZHbb', 'outZH_max_ak8pnetMass', 'outZH_b12_m', 'outZH_b12_dr', 'ht_b', 'ht_outZH', 'ak4_bestb_inZH', 'ak4_worstb_inZH', 'nonZHbb_q1_dr', 'nonZHbb_b1_dr', 'inZHb_outZHb_dr', 'ZH_l_dr', 'ZH_l_invM', 'l_b1_invM', 'l_b2_invM', 'l_b1_dr', 'l_b2_dr', 'spher', 'aplan', 'n_b_inZH', 'n_q_inZH', 'n_b_outZH', 'n_q_outZH', 'ZH_bbvLscore', 'process', 'tt_type', 'nJetGood', 'ZH_pt', 'MET_pt', 'ZH_M'], flatten=True, store_size=True, fill_none=True, fill_value=-999.0, pos_start=None, pos_end=None)],
                    'btag_mask': [ColOut(collection='events', columns=['outZH_b1_pt', 'outZH_b2_pt', 'outZH_b1_score', 'outZH_b2_score', 'outZH_q1_pt', 'outZH_q2_pt', 'outZH_q1_score', 'outZH_q2_score', 'outZH_b1_q_mindr', 'outZH_b2_q_mindr', 'outZH_q_q_dr_nearb1', 'outZH_q_q_dr_nearb2', 'outZH_qq_M_nearb1', 'outZH_qq_M_nearb2', 'outZH_b1_qq_dr', 'outZH_b2_qq_dr', 'outZH_b1qq_M', 'outZH_b2qq_M', 'ZH_b1qq_dr', 'ZH_b2qq_dr', 'ZH_lbb1qq_dr', 'ZH_lbb2qq_dr', 'l_b2_mtb', 'ZH_closeb_invM', 'n_ak8jets', 'n_ak4jets', 'n_ak8_ZHbb', 'outZH_max_ak8pnetMass', 'outZH_b12_m', 'outZH_b12_dr', 'ht_b', 'ht_outZH', 'ak4_bestb_inZH', 'ak4_worstb_inZH', 'nonZHbb_q1_dr', 'nonZHbb_b1_dr', 'inZHb_outZHb_dr', 'ZH_l_dr', 'ZH_l_invM', 'l_b1_invM', 'l_b2_invM', 'l_b1_dr', 'l_b2_dr', 'spher', 'aplan', 'n_b_inZH', 'n_q_inZH', 'n_b_outZH', 'n_q_outZH', 'ZH_bbvLscore', 'process', 'tt_type', 'nJetGood', 'ZH_pt', 'MET_pt', 'ZH_M'], flatten=True, store_size=True, fill_none=True, fill_value=-999.0, pos_start=None, pos_end=None)]},
'TTZToBB': {'baseline': [ColOut(collection='events', columns=['outZH_b1_pt', 'outZH_b2_pt', 'outZH_b1_score', 'outZH_b2_score', 'outZH_q1_pt', 'outZH_q2_pt', 'outZH_q1_score', 'outZH_q2_score', 'outZH_b1_q_mindr', 'outZH_b2_q_mindr', 'outZH_q_q_dr_nearb1', 'outZH_q_q_dr_nearb2', 'outZH_qq_M_nearb1', 'outZH_qq_M_nearb2', 'outZH_b1_qq_dr', 'outZH_b2_qq_dr', 'outZH_b1qq_M', 'outZH_b2qq_M', 'ZH_b1qq_dr', 'ZH_b2qq_dr', 'ZH_lbb1qq_dr', 'ZH_lbb2qq_dr', 'l_b2_mtb', 'ZH_closeb_invM', 'n_ak8jets', 'n_ak4jets', 'n_ak8_ZHbb', 'outZH_max_ak8pnetMass', 'outZH_b12_m', 'outZH_b12_dr', 'ht_b', 'ht_outZH', 'ak4_bestb_inZH', 'ak4_worstb_inZH', 'nonZHbb_q1_dr', 'nonZHbb_b1_dr', 'inZHb_outZHb_dr', 'ZH_l_dr', 'ZH_l_invM', 'l_b1_invM', 'l_b2_invM', 'l_b1_dr', 'l_b2_dr', 'spher', 'aplan', 'n_b_inZH', 'n_q_inZH', 'n_b_outZH', 'n_q_outZH', 'ZH_bbvLscore', 'process', 'Zbb', 'Hbb', 'Hnonbb', 'Zqq', 'Zllnunu', 'matchedGenZH', 'matchedGen_Zbb', 'matchedGen_Hbb', 'matchedGen_ZHbb', 'matchedGen_Zqq', 'matchedGen_ZHbb_bb', 'matchedGen_ZHbb_b', 'matchedGen_ZHbb_nob', 'nJetGood', 'ZH_pt', 'MET_pt', 'ZH_M'], flatten=True, store_size=True, fill_none=True, fill_value=-999.0, pos_start=None, pos_end=None)],
           'btag_mask': [ColOut(collection='events', columns=['outZH_b1_pt', 'outZH_b2_pt', 'outZH_b1_score', 'outZH_b2_score', 'outZH_q1_pt', 'outZH_q2_pt', 'outZH_q1_score', 'outZH_q2_score', 'outZH_b1_q_mindr', 'outZH_b2_q_mindr', 'outZH_q_q_dr_nearb1', 'outZH_q_q_dr_nearb2', 'outZH_qq_M_nearb1', 'outZH_qq_M_nearb2', 'outZH_b1_qq_dr', 'outZH_b2_qq_dr', 'outZH_b1qq_M', 'outZH_b2qq_M', 'ZH_b1qq_dr', 'ZH_b2qq_dr', 'ZH_lbb1qq_dr', 'ZH_lbb2qq_dr', 'l_b2_mtb', 'ZH_closeb_invM', 'n_ak8jets', 'n_ak4jets', 'n_ak8_ZHbb', 'outZH_max_ak8pnetMass', 'outZH_b12_m', 'outZH_b12_dr', 'ht_b', 'ht_outZH', 'ak4_bestb_inZH', 'ak4_worstb_inZH', 'nonZHbb_q1_dr', 'nonZHbb_b1_dr', 'inZHb_outZHb_dr', 'ZH_l_dr', 'ZH_l_invM', 'l_b1_invM', 'l_b2_invM', 'l_b1_dr', 'l_b2_dr', 'spher', 'aplan', 'n_b_inZH', 'n_q_inZH', 'n_b_outZH', 'n_q_outZH', 'ZH_bbvLscore', 'process', 'Zbb', 'Hbb', 'Hnonbb', 'Zqq', 'Zllnunu', 'matchedGenZH', 'matchedGen_Zbb', 'matchedGen_Hbb', 'matchedGen_ZHbb', 'matchedGen_Zqq', 'matchedGen_ZHbb_bb', 'matchedGen_ZHbb_b', 'matchedGen_ZHbb_nob', 'nJetGood', 'ZH_pt', 'MET_pt', 'ZH_M'], flatten=True, store_size=True, fill_none=True, fill_value=-999.0, pos_start=None, pos_end=None)]},
'TTZToLLNuNu': {'baseline': [ColOut(collection='events', columns=['outZH_b1_pt', 'outZH_b2_pt', 'outZH_b1_score', 'outZH_b2_score', 'outZH_q1_pt', 'outZH_q2_pt', 'outZH_q1_score', 'outZH_q2_score', 'outZH_b1_q_mindr', 'outZH_b2_q_mindr', 'outZH_q_q_dr_nearb1', 'outZH_q_q_dr_nearb2', 'outZH_qq_M_nearb1', 'outZH_qq_M_nearb2', 'outZH_b1_qq_dr', 'outZH_b2_qq_dr', 'outZH_b1qq_M', 'outZH_b2qq_M', 'ZH_b1qq_dr', 'ZH_b2qq_dr', 'ZH_lbb1qq_dr', 'ZH_lbb2qq_dr', 'l_b2_mtb', 'ZH_closeb_invM', 'n_ak8jets', 'n_ak4jets', 'n_ak8_ZHbb', 'outZH_max_ak8pnetMass', 'outZH_b12_m', 'outZH_b12_dr', 'ht_b', 'ht_outZH', 'ak4_bestb_inZH', 'ak4_worstb_inZH', 'nonZHbb_q1_dr', 'nonZHbb_b1_dr', 'inZHb_outZHb_dr', 'ZH_l_dr', 'ZH_l_invM', 'l_b1_invM', 'l_b2_invM', 'l_b1_dr', 'l_b2_dr', 'spher', 'aplan', 'n_b_inZH', 'n_q_inZH', 'n_b_outZH', 'n_q_outZH', 'ZH_bbvLscore', 'process', 'Zbb', 'Hbb', 'Hnonbb', 'Zqq', 'Zllnunu', 'matchedGenZH', 'matchedGen_Zbb', 'matchedGen_Hbb', 'matchedGen_ZHbb', 'matchedGen_Zqq', 'matchedGen_ZHbb_bb', 'matchedGen_ZHbb_b', 'matchedGen_ZHbb_nob', 'nJetGood', 'ZH_pt', 'MET_pt', 'ZH_M'], flatten=True, store_size=True, fill_none=True, fill_value=-999.0, pos_start=None, pos_end=None)],
               'btag_mask': [ColOut(collection='events', columns=['outZH_b1_pt', 'outZH_b2_pt', 'outZH_b1_score', 'outZH_b2_score', 'outZH_q1_pt', 'outZH_q2_pt', 'outZH_q1_score', 'outZH_q2_score', 'outZH_b1_q_mindr', 'outZH_b2_q_mindr', 'outZH_q_q_dr_nearb1', 'outZH_q_q_dr_nearb2', 'outZH_qq_M_nearb1', 'outZH_qq_M_nearb2', 'outZH_b1_qq_dr', 'outZH_b2_qq_dr', 'outZH_b1qq_M', 'outZH_b2qq_M', 'ZH_b1qq_dr', 'ZH_b2qq_dr', 'ZH_lbb1qq_dr', 'ZH_lbb2qq_dr', 'l_b2_mtb', 'ZH_closeb_invM', 'n_ak8jets', 'n_ak4jets', 'n_ak8_ZHbb', 'outZH_max_ak8pnetMass', 'outZH_b12_m', 'outZH_b12_dr', 'ht_b', 'ht_outZH', 'ak4_bestb_inZH', 'ak4_worstb_inZH', 'nonZHbb_q1_dr', 'nonZHbb_b1_dr', 'inZHb_outZHb_dr', 'ZH_l_dr', 'ZH_l_invM', 'l_b1_invM', 'l_b2_invM', 'l_b1_dr', 'l_b2_dr', 'spher', 'aplan', 'n_b_inZH', 'n_q_inZH', 'n_b_outZH', 'n_q_outZH', 'ZH_bbvLscore', 'process', 'Zbb', 'Hbb', 'Hnonbb', 'Zqq', 'Zllnunu', 'matchedGenZH', 'matchedGen_Zbb', 'matchedGen_Hbb', 'matchedGen_ZHbb', 'matchedGen_Zqq', 'matchedGen_ZHbb_bb', 'matchedGen_ZHbb_b', 'matchedGen_ZHbb_nob', 'nJetGood', 'ZH_pt', 'MET_pt', 'ZH_M'], flatten=True, store_size=True, fill_none=True, fill_value=-999.0, pos_start=None, pos_end=None)]},
'TTZToQQ': {'baseline': [ColOut(collection='events', columns=['outZH_b1_pt', 'outZH_b2_pt', 'outZH_b1_score', 'outZH_b2_score', 'outZH_q1_pt', 'outZH_q2_pt', 'outZH_q1_score', 'outZH_q2_score', 'outZH_b1_q_mindr', 'outZH_b2_q_mindr', 'outZH_q_q_dr_nearb1', 'outZH_q_q_dr_nearb2', 'outZH_qq_M_nearb1', 'outZH_qq_M_nearb2', 'outZH_b1_qq_dr', 'outZH_b2_qq_dr', 'outZH_b1qq_M', 'outZH_b2qq_M', 'ZH_b1qq_dr', 'ZH_b2qq_dr', 'ZH_lbb1qq_dr', 'ZH_lbb2qq_dr', 'l_b2_mtb', 'ZH_closeb_invM', 'n_ak8jets', 'n_ak4jets', 'n_ak8_ZHbb', 'outZH_max_ak8pnetMass', 'outZH_b12_m', 'outZH_b12_dr', 'ht_b', 'ht_outZH', 'ak4_bestb_inZH', 'ak4_worstb_inZH', 'nonZHbb_q1_dr', 'nonZHbb_b1_dr', 'inZHb_outZHb_dr', 'ZH_l_dr', 'ZH_l_invM', 'l_b1_invM', 'l_b2_invM', 'l_b1_dr', 'l_b2_dr', 'spher', 'aplan', 'n_b_inZH', 'n_q_inZH', 'n_b_outZH', 'n_q_outZH', 'ZH_bbvLscore', 'process', 'Zbb', 'Hbb', 'Hnonbb', 'Zqq', 'Zllnunu', 'matchedGenZH', 'matchedGen_Zbb', 'matchedGen_Hbb', 'matchedGen_ZHbb', 'matchedGen_Zqq', 'matchedGen_ZHbb_bb', 'matchedGen_ZHbb_b', 'matchedGen_ZHbb_nob', 'nJetGood', 'ZH_pt', 'MET_pt', 'ZH_M'], flatten=True, store_size=True, fill_none=True, fill_value=-999.0, pos_start=None, pos_end=None)],
           'btag_mask': [ColOut(collection='events', columns=['outZH_b1_pt', 'outZH_b2_pt', 'outZH_b1_score', 'outZH_b2_score', 'outZH_q1_pt', 'outZH_q2_pt', 'outZH_q1_score', 'outZH_q2_score', 'outZH_b1_q_mindr', 'outZH_b2_q_mindr', 'outZH_q_q_dr_nearb1', 'outZH_q_q_dr_nearb2', 'outZH_qq_M_nearb1', 'outZH_qq_M_nearb2', 'outZH_b1_qq_dr', 'outZH_b2_qq_dr', 'outZH_b1qq_M', 'outZH_b2qq_M', 'ZH_b1qq_dr', 'ZH_b2qq_dr', 'ZH_lbb1qq_dr', 'ZH_lbb2qq_dr', 'l_b2_mtb', 'ZH_closeb_invM', 'n_ak8jets', 'n_ak4jets', 'n_ak8_ZHbb', 'outZH_max_ak8pnetMass', 'outZH_b12_m', 'outZH_b12_dr', 'ht_b', 'ht_outZH', 'ak4_bestb_inZH', 'ak4_worstb_inZH', 'nonZHbb_q1_dr', 'nonZHbb_b1_dr', 'inZHb_outZHb_dr', 'ZH_l_dr', 'ZH_l_invM', 'l_b1_invM', 'l_b2_invM', 'l_b1_dr', 'l_b2_dr', 'spher', 'aplan', 'n_b_inZH', 'n_q_inZH', 'n_b_outZH', 'n_q_outZH', 'ZH_bbvLscore', 'process', 'Zbb', 'Hbb', 'Hnonbb', 'Zqq', 'Zllnunu', 'matchedGenZH', 'matchedGen_Zbb', 'matchedGen_Hbb', 'matchedGen_ZHbb', 'matchedGen_Zqq', 'matchedGen_ZHbb_bb', 'matchedGen_ZHbb_b', 'matchedGen_ZHbb_nob', 'nJetGood', 'ZH_pt', 'MET_pt', 'ZH_M'], flatten=True, store_size=True, fill_none=True, fill_value=-999.0, pos_start=None, pos_end=None)]},
'TTbb_2L2Nu': {'baseline': [ColOut(collection='events', columns=['outZH_b1_pt', 'outZH_b2_pt', 'outZH_b1_score', 'outZH_b2_score', 'outZH_q1_pt', 'outZH_q2_pt', 'outZH_q1_score', 'outZH_q2_score', 'outZH_b1_q_mindr', 'outZH_b2_q_mindr', 'outZH_q_q_dr_nearb1', 'outZH_q_q_dr_nearb2', 'outZH_qq_M_nearb1', 'outZH_qq_M_nearb2', 'outZH_b1_qq_dr', 'outZH_b2_qq_dr', 'outZH_b1qq_M', 'outZH_b2qq_M', 'ZH_b1qq_dr', 'ZH_b2qq_dr', 'ZH_lbb1qq_dr', 'ZH_lbb2qq_dr', 'l_b2_mtb', 'ZH_closeb_invM', 'n_ak8jets', 'n_ak4jets', 'n_ak8_ZHbb', 'outZH_max_ak8pnetMass', 'outZH_b12_m', 'outZH_b12_dr', 'ht_b', 'ht_outZH', 'ak4_bestb_inZH', 'ak4_worstb_inZH', 'nonZHbb_q1_dr', 'nonZHbb_b1_dr', 'inZHb_outZHb_dr', 'ZH_l_dr', 'ZH_l_invM', 'l_b1_invM', 'l_b2_invM', 'l_b1_dr', 'l_b2_dr', 'spher', 'aplan', 'n_b_inZH', 'n_q_inZH', 'n_b_outZH', 'n_q_outZH', 'ZH_bbvLscore', 'process', 'tt_type', 'nJetGood', 'ZH_pt', 'MET_pt', 'ZH_M'], flatten=True, store_size=True, fill_none=True, fill_value=-999.0, pos_start=None, pos_end=None)],
              'btag_mask': [ColOut(collection='events', columns=['outZH_b1_pt', 'outZH_b2_pt', 'outZH_b1_score', 'outZH_b2_score', 'outZH_q1_pt', 'outZH_q2_pt', 'outZH_q1_score', 'outZH_q2_score', 'outZH_b1_q_mindr', 'outZH_b2_q_mindr', 'outZH_q_q_dr_nearb1', 'outZH_q_q_dr_nearb2', 'outZH_qq_M_nearb1', 'outZH_qq_M_nearb2', 'outZH_b1_qq_dr', 'outZH_b2_qq_dr', 'outZH_b1qq_M', 'outZH_b2qq_M', 'ZH_b1qq_dr', 'ZH_b2qq_dr', 'ZH_lbb1qq_dr', 'ZH_lbb2qq_dr', 'l_b2_mtb', 'ZH_closeb_invM', 'n_ak8jets', 'n_ak4jets', 'n_ak8_ZHbb', 'outZH_max_ak8pnetMass', 'outZH_b12_m', 'outZH_b12_dr', 'ht_b', 'ht_outZH', 'ak4_bestb_inZH', 'ak4_worstb_inZH', 'nonZHbb_q1_dr', 'nonZHbb_b1_dr', 'inZHb_outZHb_dr', 'ZH_l_dr', 'ZH_l_invM', 'l_b1_invM', 'l_b2_invM', 'l_b1_dr', 'l_b2_dr', 'spher', 'aplan', 'n_b_inZH', 'n_q_inZH', 'n_b_outZH', 'n_q_outZH', 'ZH_bbvLscore', 'process', 'tt_type', 'nJetGood', 'ZH_pt', 'MET_pt', 'ZH_M'], flatten=True, store_size=True, fill_none=True, fill_value=-999.0, pos_start=None, pos_end=None)]},
'TTbb_Hadronic': {'baseline': [ColOut(collection='events', columns=['outZH_b1_pt', 'outZH_b2_pt', 'outZH_b1_score', 'outZH_b2_score', 'outZH_q1_pt', 'outZH_q2_pt', 'outZH_q1_score', 'outZH_q2_score', 'outZH_b1_q_mindr', 'outZH_b2_q_mindr', 'outZH_q_q_dr_nearb1', 'outZH_q_q_dr_nearb2', 'outZH_qq_M_nearb1', 'outZH_qq_M_nearb2', 'outZH_b1_qq_dr', 'outZH_b2_qq_dr', 'outZH_b1qq_M', 'outZH_b2qq_M', 'ZH_b1qq_dr', 'ZH_b2qq_dr', 'ZH_lbb1qq_dr', 'ZH_lbb2qq_dr', 'l_b2_mtb', 'ZH_closeb_invM', 'n_ak8jets', 'n_ak4jets', 'n_ak8_ZHbb', 'outZH_max_ak8pnetMass', 'outZH_b12_m', 'outZH_b12_dr', 'ht_b', 'ht_outZH', 'ak4_bestb_inZH', 'ak4_worstb_inZH', 'nonZHbb_q1_dr', 'nonZHbb_b1_dr', 'inZHb_outZHb_dr', 'ZH_l_dr', 'ZH_l_invM', 'l_b1_invM', 'l_b2_invM', 'l_b1_dr', 'l_b2_dr', 'spher', 'aplan', 'n_b_inZH', 'n_q_inZH', 'n_b_outZH', 'n_q_outZH', 'ZH_bbvLscore', 'process', 'tt_type', 'nJetGood', 'ZH_pt', 'MET_pt', 'ZH_M'], flatten=True, store_size=True, fill_none=True, fill_value=-999.0, pos_start=None, pos_end=None)],
                 'btag_mask': [ColOut(collection='events', columns=['outZH_b1_pt', 'outZH_b2_pt', 'outZH_b1_score', 'outZH_b2_score', 'outZH_q1_pt', 'outZH_q2_pt', 'outZH_q1_score', 'outZH_q2_score', 'outZH_b1_q_mindr', 'outZH_b2_q_mindr', 'outZH_q_q_dr_nearb1', 'outZH_q_q_dr_nearb2', 'outZH_qq_M_nearb1', 'outZH_qq_M_nearb2', 'outZH_b1_qq_dr', 'outZH_b2_qq_dr', 'outZH_b1qq_M', 'outZH_b2qq_M', 'ZH_b1qq_dr', 'ZH_b2qq_dr', 'ZH_lbb1qq_dr', 'ZH_lbb2qq_dr', 'l_b2_mtb', 'ZH_closeb_invM', 'n_ak8jets', 'n_ak4jets', 'n_ak8_ZHbb', 'outZH_max_ak8pnetMass', 'outZH_b12_m', 'outZH_b12_dr', 'ht_b', 'ht_outZH', 'ak4_bestb_inZH', 'ak4_worstb_inZH', 'nonZHbb_q1_dr', 'nonZHbb_b1_dr', 'inZHb_outZHb_dr', 'ZH_l_dr', 'ZH_l_invM', 'l_b1_invM', 'l_b2_invM', 'l_b1_dr', 'l_b2_dr', 'spher', 'aplan', 'n_b_inZH', 'n_q_inZH', 'n_b_outZH', 'n_q_outZH', 'ZH_bbvLscore', 'process', 'tt_type', 'nJetGood', 'ZH_pt', 'MET_pt', 'ZH_M'], flatten=True, store_size=True, fill_none=True, fill_value=-999.0, pos_start=None, pos_end=None)]},
'TTbb_SemiLeptonic': {'baseline': [ColOut(collection='events', columns=['outZH_b1_pt', 'outZH_b2_pt', 'outZH_b1_score', 'outZH_b2_score', 'outZH_q1_pt', 'outZH_q2_pt', 'outZH_q1_score', 'outZH_q2_score', 'outZH_b1_q_mindr', 'outZH_b2_q_mindr', 'outZH_q_q_dr_nearb1', 'outZH_q_q_dr_nearb2', 'outZH_qq_M_nearb1', 'outZH_qq_M_nearb2', 'outZH_b1_qq_dr', 'outZH_b2_qq_dr', 'outZH_b1qq_M', 'outZH_b2qq_M', 'ZH_b1qq_dr', 'ZH_b2qq_dr', 'ZH_lbb1qq_dr', 'ZH_lbb2qq_dr', 'l_b2_mtb', 'ZH_closeb_invM', 'n_ak8jets', 'n_ak4jets', 'n_ak8_ZHbb', 'outZH_max_ak8pnetMass', 'outZH_b12_m', 'outZH_b12_dr', 'ht_b', 'ht_outZH', 'ak4_bestb_inZH', 'ak4_worstb_inZH', 'nonZHbb_q1_dr', 'nonZHbb_b1_dr', 'inZHb_outZHb_dr', 'ZH_l_dr', 'ZH_l_invM', 'l_b1_invM', 'l_b2_invM', 'l_b1_dr', 'l_b2_dr', 'spher', 'aplan', 'n_b_inZH', 'n_q_inZH', 'n_b_outZH', 'n_q_outZH', 'ZH_bbvLscore', 'process', 'tt_type', 'nJetGood', 'ZH_pt', 'MET_pt', 'ZH_M'], flatten=True, store_size=True, fill_none=True, fill_value=-999.0, pos_start=None, pos_end=None)],
                     'btag_mask': [ColOut(collection='events', columns=['outZH_b1_pt', 'outZH_b2_pt', 'outZH_b1_score', 'outZH_b2_score', 'outZH_q1_pt', 'outZH_q2_pt', 'outZH_q1_score', 'outZH_q2_score', 'outZH_b1_q_mindr', 'outZH_b2_q_mindr', 'outZH_q_q_dr_nearb1', 'outZH_q_q_dr_nearb2', 'outZH_qq_M_nearb1', 'outZH_qq_M_nearb2', 'outZH_b1_qq_dr', 'outZH_b2_qq_dr', 'outZH_b1qq_M', 'outZH_b2qq_M', 'ZH_b1qq_dr', 'ZH_b2qq_dr', 'ZH_lbb1qq_dr', 'ZH_lbb2qq_dr', 'l_b2_mtb', 'ZH_closeb_invM', 'n_ak8jets', 'n_ak4jets', 'n_ak8_ZHbb', 'outZH_max_ak8pnetMass', 'outZH_b12_m', 'outZH_b12_dr', 'ht_b', 'ht_outZH', 'ak4_bestb_inZH', 'ak4_worstb_inZH', 'nonZHbb_q1_dr', 'nonZHbb_b1_dr', 'inZHb_outZHb_dr', 'ZH_l_dr', 'ZH_l_invM', 'l_b1_invM', 'l_b2_invM', 'l_b1_dr', 'l_b2_dr', 'spher', 'aplan', 'n_b_inZH', 'n_q_inZH', 'n_b_outZH', 'n_q_outZH', 'ZH_bbvLscore', 'process', 'tt_type', 'nJetGood', 'ZH_pt', 'MET_pt', 'ZH_M'], flatten=True, store_size=True, fill_none=True, fill_value=-999.0, pos_start=None, pos_end=None)]},
'ttHToNonbb': {'baseline': [ColOut(collection='events', columns=['outZH_b1_pt', 'outZH_b2_pt', 'outZH_b1_score', 'outZH_b2_score', 'outZH_q1_pt', 'outZH_q2_pt', 'outZH_q1_score', 'outZH_q2_score', 'outZH_b1_q_mindr', 'outZH_b2_q_mindr', 'outZH_q_q_dr_nearb1', 'outZH_q_q_dr_nearb2', 'outZH_qq_M_nearb1', 'outZH_qq_M_nearb2', 'outZH_b1_qq_dr', 'outZH_b2_qq_dr', 'outZH_b1qq_M', 'outZH_b2qq_M', 'ZH_b1qq_dr', 'ZH_b2qq_dr', 'ZH_lbb1qq_dr', 'ZH_lbb2qq_dr', 'l_b2_mtb', 'ZH_closeb_invM', 'n_ak8jets', 'n_ak4jets', 'n_ak8_ZHbb', 'outZH_max_ak8pnetMass', 'outZH_b12_m', 'outZH_b12_dr', 'ht_b', 'ht_outZH', 'ak4_bestb_inZH', 'ak4_worstb_inZH', 'nonZHbb_q1_dr', 'nonZHbb_b1_dr', 'inZHb_outZHb_dr', 'ZH_l_dr', 'ZH_l_invM', 'l_b1_invM', 'l_b2_invM', 'l_b1_dr', 'l_b2_dr', 'spher', 'aplan', 'n_b_inZH', 'n_q_inZH', 'n_b_outZH', 'n_q_outZH', 'ZH_bbvLscore', 'process', 'Zbb', 'Hbb', 'Hnonbb', 'Zqq', 'Zllnunu', 'matchedGenZH', 'matchedGen_Zbb', 'matchedGen_Hbb', 'matchedGen_ZHbb', 'matchedGen_Zqq', 'matchedGen_ZHbb_bb', 'matchedGen_ZHbb_b', 'matchedGen_ZHbb_nob', 'nJetGood', 'ZH_pt', 'MET_pt', 'ZH_M'], flatten=True, store_size=True, fill_none=True, fill_value=-999.0, pos_start=None, pos_end=None)],
              'btag_mask': [ColOut(collection='events', columns=['outZH_b1_pt', 'outZH_b2_pt', 'outZH_b1_score', 'outZH_b2_score', 'outZH_q1_pt', 'outZH_q2_pt', 'outZH_q1_score', 'outZH_q2_score', 'outZH_b1_q_mindr', 'outZH_b2_q_mindr', 'outZH_q_q_dr_nearb1', 'outZH_q_q_dr_nearb2', 'outZH_qq_M_nearb1', 'outZH_qq_M_nearb2', 'outZH_b1_qq_dr', 'outZH_b2_qq_dr', 'outZH_b1qq_M', 'outZH_b2qq_M', 'ZH_b1qq_dr', 'ZH_b2qq_dr', 'ZH_lbb1qq_dr', 'ZH_lbb2qq_dr', 'l_b2_mtb', 'ZH_closeb_invM', 'n_ak8jets', 'n_ak4jets', 'n_ak8_ZHbb', 'outZH_max_ak8pnetMass', 'outZH_b12_m', 'outZH_b12_dr', 'ht_b', 'ht_outZH', 'ak4_bestb_inZH', 'ak4_worstb_inZH', 'nonZHbb_q1_dr', 'nonZHbb_b1_dr', 'inZHb_outZHb_dr', 'ZH_l_dr', 'ZH_l_invM', 'l_b1_invM', 'l_b2_invM', 'l_b1_dr', 'l_b2_dr', 'spher', 'aplan', 'n_b_inZH', 'n_q_inZH', 'n_b_outZH', 'n_q_outZH', 'ZH_bbvLscore', 'process', 'Zbb', 'Hbb', 'Hnonbb', 'Zqq', 'Zllnunu', 'matchedGenZH', 'matchedGen_Zbb', 'matchedGen_Hbb', 'matchedGen_ZHbb', 'matchedGen_Zqq', 'matchedGen_ZHbb_bb', 'matchedGen_ZHbb_b', 'matchedGen_ZHbb_nob', 'nJetGood', 'ZH_pt', 'MET_pt', 'ZH_M'], flatten=True, store_size=True, fill_none=True, fill_value=-999.0, pos_start=None, pos_end=None)]},
'ttHTobb': {'baseline': [ColOut(collection='events', columns=['outZH_b1_pt', 'outZH_b2_pt', 'outZH_b1_score', 'outZH_b2_score', 'outZH_q1_pt', 'outZH_q2_pt', 'outZH_q1_score', 'outZH_q2_score', 'outZH_b1_q_mindr', 'outZH_b2_q_mindr', 'outZH_q_q_dr_nearb1', 'outZH_q_q_dr_nearb2', 'outZH_qq_M_nearb1', 'outZH_qq_M_nearb2', 'outZH_b1_qq_dr', 'outZH_b2_qq_dr', 'outZH_b1qq_M', 'outZH_b2qq_M', 'ZH_b1qq_dr', 'ZH_b2qq_dr', 'ZH_lbb1qq_dr', 'ZH_lbb2qq_dr', 'l_b2_mtb', 'ZH_closeb_invM', 'n_ak8jets', 'n_ak4jets', 'n_ak8_ZHbb', 'outZH_max_ak8pnetMass', 'outZH_b12_m', 'outZH_b12_dr', 'ht_b', 'ht_outZH', 'ak4_bestb_inZH', 'ak4_worstb_inZH', 'nonZHbb_q1_dr', 'nonZHbb_b1_dr', 'inZHb_outZHb_dr', 'ZH_l_dr', 'ZH_l_invM', 'l_b1_invM', 'l_b2_invM', 'l_b1_dr', 'l_b2_dr', 'spher', 'aplan', 'n_b_inZH', 'n_q_inZH', 'n_b_outZH', 'n_q_outZH', 'ZH_bbvLscore', 'process', 'Zbb', 'Hbb', 'Hnonbb', 'Zqq', 'Zllnunu', 'matchedGenZH', 'matchedGen_Zbb', 'matchedGen_Hbb', 'matchedGen_ZHbb', 'matchedGen_Zqq', 'matchedGen_ZHbb_bb', 'matchedGen_ZHbb_b', 'matchedGen_ZHbb_nob', 'nJetGood', 'ZH_pt', 'MET_pt', 'ZH_M'], flatten=True, store_size=True, fill_none=True, fill_value=-999.0, pos_start=None, pos_end=None)],
           'btag_mask': [ColOut(collection='events', columns=['outZH_b1_pt', 'outZH_b2_pt', 'outZH_b1_score', 'outZH_b2_score', 'outZH_q1_pt', 'outZH_q2_pt', 'outZH_q1_score', 'outZH_q2_score', 'outZH_b1_q_mindr', 'outZH_b2_q_mindr', 'outZH_q_q_dr_nearb1', 'outZH_q_q_dr_nearb2', 'outZH_qq_M_nearb1', 'outZH_qq_M_nearb2', 'outZH_b1_qq_dr', 'outZH_b2_qq_dr', 'outZH_b1qq_M', 'outZH_b2qq_M', 'ZH_b1qq_dr', 'ZH_b2qq_dr', 'ZH_lbb1qq_dr', 'ZH_lbb2qq_dr', 'l_b2_mtb', 'ZH_closeb_invM', 'n_ak8jets', 'n_ak4jets', 'n_ak8_ZHbb', 'outZH_max_ak8pnetMass', 'outZH_b12_m', 'outZH_b12_dr', 'ht_b', 'ht_outZH', 'ak4_bestb_inZH', 'ak4_worstb_inZH', 'nonZHbb_q1_dr', 'nonZHbb_b1_dr', 'inZHb_outZHb_dr', 'ZH_l_dr', 'ZH_l_invM', 'l_b1_invM', 'l_b2_invM', 'l_b1_dr', 'l_b2_dr', 'spher', 'aplan', 'n_b_inZH', 'n_q_inZH', 'n_b_outZH', 'n_q_outZH', 'ZH_bbvLscore', 'process', 'Zbb', 'Hbb', 'Hnonbb', 'Zqq', 'Zllnunu', 'matchedGenZH', 'matchedGen_Zbb', 'matchedGen_Hbb', 'matchedGen_ZHbb', 'matchedGen_Zqq', 'matchedGen_ZHbb_bb', 'matchedGen_ZHbb_b', 'matchedGen_ZHbb_nob', 'nJetGood', 'ZH_pt', 'MET_pt', 'ZH_M'], flatten=True, store_size=True, fill_none=True, fill_value=-999.0, pos_start=None, pos_end=None)]}}
  - available weights variations: {'TTTo2L2Nu': ['nominal', 'pileup'],
'TTToHadronic': ['nominal', 'pileup'],
'TTToSemiLeptonic': ['nominal', 'pileup'],
'TTZToBB': ['nominal', 'pileup'],
'TTZToLLNuNu': ['nominal', 'pileup'],
'TTZToQQ': ['nominal', 'pileup'],
'TTbb_2L2Nu': ['nominal', 'pileup'],
'TTbb_Hadronic': ['nominal', 'pileup'],
'TTbb_SemiLeptonic': ['nominal', 'pileup'],
'ttHToNonbb': ['nominal', 'pileup'],
'ttHTobb': ['nominal', 'pileup']} 
  - available shape variations: {'TTTo2L2Nu': [],
'TTToHadronic': [],
'TTToSemiLeptonic': [],
'TTZToBB': [],
'TTZToLLNuNu': [],
'TTZToQQ': [],
'TTbb_2L2Nu': [],
'TTbb_Hadronic': [],
'TTbb_SemiLeptonic': [],
'ttHToNonbb': [],
'ttHTobb': []}
[INFO    ] Configurator instance:
  - Workflow: <class 'zhbbworkflow.ZHbbBaseProcessor'>
  - Workflow options: {}
  - N. datasets: 11 
   -- Dataset: ttHTobb_M125_M125_2017,  Sample: ttHTobb, N. files: 46, N. events: 7825000
   -- Dataset: ttHToNonbb_M125_M125_2017,  Sample: ttHToNonbb, N. files: 35, N. events: 5070989
   -- Dataset: TTZToBB__2017,  Sample: TTZToBB, N. files: 26, N. events: 7074000
   -- Dataset: TTZToQQ__2017,  Sample: TTZToQQ, N. files: 35, N. events: 13822000
   -- Dataset: TTZToLLNuNu__2017,  Sample: TTZToLLNuNu, N. files: 19, N. events: 14036000
   -- Dataset: TTbb_Hadronic__2017,  Sample: TTbb_Hadronic, N. files: 9, N. events: 5694656
   -- Dataset: TTbb_2L2Nu__2017,  Sample: TTbb_2L2Nu, N. files: 7, N. events: 3472503
   -- Dataset: TTbb_SemiLeptonic__2017,  Sample: TTbb_SemiLeptonic, N. files: 12, N. events: 7318891
   -- Dataset: TTToHadronic__2017,  Sample: TTToHadronic, N. files: 199, N. events: 232999999
   -- Dataset: TTTo2L2Nu__2017,  Sample: TTTo2L2Nu, N. files: 99, N. events: 106724000
   -- Dataset: TTToSemiLeptonic__2017,  Sample: TTToSemiLeptonic, N. files: 297, N. events: 346052000
  - Subsamples:
   -- Sample ttHTobb: StandardSelection ['ttHTobb'], (1 categories)
   -- Sample ttHToNonbb: StandardSelection ['ttHToNonbb'], (1 categories)
   -- Sample TTZToBB: StandardSelection ['TTZToBB'], (1 categories)
   -- Sample TTZToQQ: StandardSelection ['TTZToQQ'], (1 categories)
   -- Sample TTZToLLNuNu: StandardSelection ['TTZToLLNuNu'], (1 categories)
   -- Sample TTbb_Hadronic: StandardSelection ['TTbb_Hadronic'], (1 categories)
   -- Sample TTbb_2L2Nu: StandardSelection ['TTbb_2L2Nu'], (1 categories)
   -- Sample TTbb_SemiLeptonic: StandardSelection ['TTbb_SemiLeptonic'], (1 categories)
   -- Sample TTToHadronic: StandardSelection ['TTToHadronic'], (1 categories)
   -- Sample TTTo2L2Nu: StandardSelection ['TTTo2L2Nu'], (1 categories)
   -- Sample TTToSemiLeptonic: StandardSelection ['TTToSemiLeptonic'], (1 categories)
  - Skim: ['preSkimCut']
  - Preselection: ['eventSelection']
  - Categories: StandardSelection ['baseline', 'btag_mask'], (2 categories)
  - Variables:  ['mAK8', 'zhbbtag', 'zhbbtag_sorted', 'outZH_b1_pt']
  - Columns: {'TTTo2L2Nu': {'baseline': [ColOut(collection='events', columns=['outZH_b1_pt', 'outZH_b2_pt', 'outZH_b1_score', 'outZH_b2_score', 'outZH_q1_pt', 'outZH_q2_pt', 'outZH_q1_score', 'outZH_q2_score', 'outZH_b1_q_mindr', 'outZH_b2_q_mindr', 'outZH_q_q_dr_nearb1', 'outZH_q_q_dr_nearb2', 'outZH_qq_M_nearb1', 'outZH_qq_M_nearb2', 'outZH_b1_qq_dr', 'outZH_b2_qq_dr', 'outZH_b1qq_M', 'outZH_b2qq_M', 'ZH_b1qq_dr', 'ZH_b2qq_dr', 'ZH_lbb1qq_dr', 'ZH_lbb2qq_dr', 'l_b2_mtb', 'ZH_closeb_invM', 'n_ak8jets', 'n_ak4jets', 'n_ak8_ZHbb', 'outZH_max_ak8pnetMass', 'outZH_b12_m', 'outZH_b12_dr', 'ht_b', 'ht_outZH', 'ak4_bestb_inZH', 'ak4_worstb_inZH', 'nonZHbb_q1_dr', 'nonZHbb_b1_dr', 'inZHb_outZHb_dr', 'ZH_l_dr', 'ZH_l_invM', 'l_b1_invM', 'l_b2_invM', 'l_b1_dr', 'l_b2_dr', 'spher', 'aplan', 'n_b_inZH', 'n_q_inZH', 'n_b_outZH', 'n_q_outZH', 'ZH_bbvLscore', 'process', 'tt_type', 'nJetGood', 'ZH_pt', 'MET_pt', 'ZH_M'], flatten=True, store_size=True, fill_none=True, fill_value=-999.0, pos_start=None, pos_end=None)],
             'btag_mask': [ColOut(collection='events', columns=['outZH_b1_pt', 'outZH_b2_pt', 'outZH_b1_score', 'outZH_b2_score', 'outZH_q1_pt', 'outZH_q2_pt', 'outZH_q1_score', 'outZH_q2_score', 'outZH_b1_q_mindr', 'outZH_b2_q_mindr', 'outZH_q_q_dr_nearb1', 'outZH_q_q_dr_nearb2', 'outZH_qq_M_nearb1', 'outZH_qq_M_nearb2', 'outZH_b1_qq_dr', 'outZH_b2_qq_dr', 'outZH_b1qq_M', 'outZH_b2qq_M', 'ZH_b1qq_dr', 'ZH_b2qq_dr', 'ZH_lbb1qq_dr', 'ZH_lbb2qq_dr', 'l_b2_mtb', 'ZH_closeb_invM', 'n_ak8jets', 'n_ak4jets', 'n_ak8_ZHbb', 'outZH_max_ak8pnetMass', 'outZH_b12_m', 'outZH_b12_dr', 'ht_b', 'ht_outZH', 'ak4_bestb_inZH', 'ak4_worstb_inZH', 'nonZHbb_q1_dr', 'nonZHbb_b1_dr', 'inZHb_outZHb_dr', 'ZH_l_dr', 'ZH_l_invM', 'l_b1_invM', 'l_b2_invM', 'l_b1_dr', 'l_b2_dr', 'spher', 'aplan', 'n_b_inZH', 'n_q_inZH', 'n_b_outZH', 'n_q_outZH', 'ZH_bbvLscore', 'process', 'tt_type', 'nJetGood', 'ZH_pt', 'MET_pt', 'ZH_M'], flatten=True, store_size=True, fill_none=True, fill_value=-999.0, pos_start=None, pos_end=None)]},
'TTToHadronic': {'baseline': [ColOut(collection='events', columns=['outZH_b1_pt', 'outZH_b2_pt', 'outZH_b1_score', 'outZH_b2_score', 'outZH_q1_pt', 'outZH_q2_pt', 'outZH_q1_score', 'outZH_q2_score', 'outZH_b1_q_mindr', 'outZH_b2_q_mindr', 'outZH_q_q_dr_nearb1', 'outZH_q_q_dr_nearb2', 'outZH_qq_M_nearb1', 'outZH_qq_M_nearb2', 'outZH_b1_qq_dr', 'outZH_b2_qq_dr', 'outZH_b1qq_M', 'outZH_b2qq_M', 'ZH_b1qq_dr', 'ZH_b2qq_dr', 'ZH_lbb1qq_dr', 'ZH_lbb2qq_dr', 'l_b2_mtb', 'ZH_closeb_invM', 'n_ak8jets', 'n_ak4jets', 'n_ak8_ZHbb', 'outZH_max_ak8pnetMass', 'outZH_b12_m', 'outZH_b12_dr', 'ht_b', 'ht_outZH', 'ak4_bestb_inZH', 'ak4_worstb_inZH', 'nonZHbb_q1_dr', 'nonZHbb_b1_dr', 'inZHb_outZHb_dr', 'ZH_l_dr', 'ZH_l_invM', 'l_b1_invM', 'l_b2_invM', 'l_b1_dr', 'l_b2_dr', 'spher', 'aplan', 'n_b_inZH', 'n_q_inZH', 'n_b_outZH', 'n_q_outZH', 'ZH_bbvLscore', 'process', 'tt_type', 'nJetGood', 'ZH_pt', 'MET_pt', 'ZH_M'], flatten=True, store_size=True, fill_none=True, fill_value=-999.0, pos_start=None, pos_end=None)],
                'btag_mask': [ColOut(collection='events', columns=['outZH_b1_pt', 'outZH_b2_pt', 'outZH_b1_score', 'outZH_b2_score', 'outZH_q1_pt', 'outZH_q2_pt', 'outZH_q1_score', 'outZH_q2_score', 'outZH_b1_q_mindr', 'outZH_b2_q_mindr', 'outZH_q_q_dr_nearb1', 'outZH_q_q_dr_nearb2', 'outZH_qq_M_nearb1', 'outZH_qq_M_nearb2', 'outZH_b1_qq_dr', 'outZH_b2_qq_dr', 'outZH_b1qq_M', 'outZH_b2qq_M', 'ZH_b1qq_dr', 'ZH_b2qq_dr', 'ZH_lbb1qq_dr', 'ZH_lbb2qq_dr', 'l_b2_mtb', 'ZH_closeb_invM', 'n_ak8jets', 'n_ak4jets', 'n_ak8_ZHbb', 'outZH_max_ak8pnetMass', 'outZH_b12_m', 'outZH_b12_dr', 'ht_b', 'ht_outZH', 'ak4_bestb_inZH', 'ak4_worstb_inZH', 'nonZHbb_q1_dr', 'nonZHbb_b1_dr', 'inZHb_outZHb_dr', 'ZH_l_dr', 'ZH_l_invM', 'l_b1_invM', 'l_b2_invM', 'l_b1_dr', 'l_b2_dr', 'spher', 'aplan', 'n_b_inZH', 'n_q_inZH', 'n_b_outZH', 'n_q_outZH', 'ZH_bbvLscore', 'process', 'tt_type', 'nJetGood', 'ZH_pt', 'MET_pt', 'ZH_M'], flatten=True, store_size=True, fill_none=True, fill_value=-999.0, pos_start=None, pos_end=None)]},
'TTToSemiLeptonic': {'baseline': [ColOut(collection='events', columns=['outZH_b1_pt', 'outZH_b2_pt', 'outZH_b1_score', 'outZH_b2_score', 'outZH_q1_pt', 'outZH_q2_pt', 'outZH_q1_score', 'outZH_q2_score', 'outZH_b1_q_mindr', 'outZH_b2_q_mindr', 'outZH_q_q_dr_nearb1', 'outZH_q_q_dr_nearb2', 'outZH_qq_M_nearb1', 'outZH_qq_M_nearb2', 'outZH_b1_qq_dr', 'outZH_b2_qq_dr', 'outZH_b1qq_M', 'outZH_b2qq_M', 'ZH_b1qq_dr', 'ZH_b2qq_dr', 'ZH_lbb1qq_dr', 'ZH_lbb2qq_dr', 'l_b2_mtb', 'ZH_closeb_invM', 'n_ak8jets', 'n_ak4jets', 'n_ak8_ZHbb', 'outZH_max_ak8pnetMass', 'outZH_b12_m', 'outZH_b12_dr', 'ht_b', 'ht_outZH', 'ak4_bestb_inZH', 'ak4_worstb_inZH', 'nonZHbb_q1_dr', 'nonZHbb_b1_dr', 'inZHb_outZHb_dr', 'ZH_l_dr', 'ZH_l_invM', 'l_b1_invM', 'l_b2_invM', 'l_b1_dr', 'l_b2_dr', 'spher', 'aplan', 'n_b_inZH', 'n_q_inZH', 'n_b_outZH', 'n_q_outZH', 'ZH_bbvLscore', 'process', 'tt_type', 'nJetGood', 'ZH_pt', 'MET_pt', 'ZH_M'], flatten=True, store_size=True, fill_none=True, fill_value=-999.0, pos_start=None, pos_end=None)],
                    'btag_mask': [ColOut(collection='events', columns=['outZH_b1_pt', 'outZH_b2_pt', 'outZH_b1_score', 'outZH_b2_score', 'outZH_q1_pt', 'outZH_q2_pt', 'outZH_q1_score', 'outZH_q2_score', 'outZH_b1_q_mindr', 'outZH_b2_q_mindr', 'outZH_q_q_dr_nearb1', 'outZH_q_q_dr_nearb2', 'outZH_qq_M_nearb1', 'outZH_qq_M_nearb2', 'outZH_b1_qq_dr', 'outZH_b2_qq_dr', 'outZH_b1qq_M', 'outZH_b2qq_M', 'ZH_b1qq_dr', 'ZH_b2qq_dr', 'ZH_lbb1qq_dr', 'ZH_lbb2qq_dr', 'l_b2_mtb', 'ZH_closeb_invM', 'n_ak8jets', 'n_ak4jets', 'n_ak8_ZHbb', 'outZH_max_ak8pnetMass', 'outZH_b12_m', 'outZH_b12_dr', 'ht_b', 'ht_outZH', 'ak4_bestb_inZH', 'ak4_worstb_inZH', 'nonZHbb_q1_dr', 'nonZHbb_b1_dr', 'inZHb_outZHb_dr', 'ZH_l_dr', 'ZH_l_invM', 'l_b1_invM', 'l_b2_invM', 'l_b1_dr', 'l_b2_dr', 'spher', 'aplan', 'n_b_inZH', 'n_q_inZH', 'n_b_outZH', 'n_q_outZH', 'ZH_bbvLscore', 'process', 'tt_type', 'nJetGood', 'ZH_pt', 'MET_pt', 'ZH_M'], flatten=True, store_size=True, fill_none=True, fill_value=-999.0, pos_start=None, pos_end=None)]},
'TTZToBB': {'baseline': [ColOut(collection='events', columns=['outZH_b1_pt', 'outZH_b2_pt', 'outZH_b1_score', 'outZH_b2_score', 'outZH_q1_pt', 'outZH_q2_pt', 'outZH_q1_score', 'outZH_q2_score', 'outZH_b1_q_mindr', 'outZH_b2_q_mindr', 'outZH_q_q_dr_nearb1', 'outZH_q_q_dr_nearb2', 'outZH_qq_M_nearb1', 'outZH_qq_M_nearb2', 'outZH_b1_qq_dr', 'outZH_b2_qq_dr', 'outZH_b1qq_M', 'outZH_b2qq_M', 'ZH_b1qq_dr', 'ZH_b2qq_dr', 'ZH_lbb1qq_dr', 'ZH_lbb2qq_dr', 'l_b2_mtb', 'ZH_closeb_invM', 'n_ak8jets', 'n_ak4jets', 'n_ak8_ZHbb', 'outZH_max_ak8pnetMass', 'outZH_b12_m', 'outZH_b12_dr', 'ht_b', 'ht_outZH', 'ak4_bestb_inZH', 'ak4_worstb_inZH', 'nonZHbb_q1_dr', 'nonZHbb_b1_dr', 'inZHb_outZHb_dr', 'ZH_l_dr', 'ZH_l_invM', 'l_b1_invM', 'l_b2_invM', 'l_b1_dr', 'l_b2_dr', 'spher', 'aplan', 'n_b_inZH', 'n_q_inZH', 'n_b_outZH', 'n_q_outZH', 'ZH_bbvLscore', 'process', 'Zbb', 'Hbb', 'Hnonbb', 'Zqq', 'Zllnunu', 'matchedGenZH', 'matchedGen_Zbb', 'matchedGen_Hbb', 'matchedGen_ZHbb', 'matchedGen_Zqq', 'matchedGen_ZHbb_bb', 'matchedGen_ZHbb_b', 'matchedGen_ZHbb_nob', 'nJetGood', 'ZH_pt', 'MET_pt', 'ZH_M'], flatten=True, store_size=True, fill_none=True, fill_value=-999.0, pos_start=None, pos_end=None)],
           'btag_mask': [ColOut(collection='events', columns=['outZH_b1_pt', 'outZH_b2_pt', 'outZH_b1_score', 'outZH_b2_score', 'outZH_q1_pt', 'outZH_q2_pt', 'outZH_q1_score', 'outZH_q2_score', 'outZH_b1_q_mindr', 'outZH_b2_q_mindr', 'outZH_q_q_dr_nearb1', 'outZH_q_q_dr_nearb2', 'outZH_qq_M_nearb1', 'outZH_qq_M_nearb2', 'outZH_b1_qq_dr', 'outZH_b2_qq_dr', 'outZH_b1qq_M', 'outZH_b2qq_M', 'ZH_b1qq_dr', 'ZH_b2qq_dr', 'ZH_lbb1qq_dr', 'ZH_lbb2qq_dr', 'l_b2_mtb', 'ZH_closeb_invM', 'n_ak8jets', 'n_ak4jets', 'n_ak8_ZHbb', 'outZH_max_ak8pnetMass', 'outZH_b12_m', 'outZH_b12_dr', 'ht_b', 'ht_outZH', 'ak4_bestb_inZH', 'ak4_worstb_inZH', 'nonZHbb_q1_dr', 'nonZHbb_b1_dr', 'inZHb_outZHb_dr', 'ZH_l_dr', 'ZH_l_invM', 'l_b1_invM', 'l_b2_invM', 'l_b1_dr', 'l_b2_dr', 'spher', 'aplan', 'n_b_inZH', 'n_q_inZH', 'n_b_outZH', 'n_q_outZH', 'ZH_bbvLscore', 'process', 'Zbb', 'Hbb', 'Hnonbb', 'Zqq', 'Zllnunu', 'matchedGenZH', 'matchedGen_Zbb', 'matchedGen_Hbb', 'matchedGen_ZHbb', 'matchedGen_Zqq', 'matchedGen_ZHbb_bb', 'matchedGen_ZHbb_b', 'matchedGen_ZHbb_nob', 'nJetGood', 'ZH_pt', 'MET_pt', 'ZH_M'], flatten=True, store_size=True, fill_none=True, fill_value=-999.0, pos_start=None, pos_end=None)]},
'TTZToLLNuNu': {'baseline': [ColOut(collection='events', columns=['outZH_b1_pt', 'outZH_b2_pt', 'outZH_b1_score', 'outZH_b2_score', 'outZH_q1_pt', 'outZH_q2_pt', 'outZH_q1_score', 'outZH_q2_score', 'outZH_b1_q_mindr', 'outZH_b2_q_mindr', 'outZH_q_q_dr_nearb1', 'outZH_q_q_dr_nearb2', 'outZH_qq_M_nearb1', 'outZH_qq_M_nearb2', 'outZH_b1_qq_dr', 'outZH_b2_qq_dr', 'outZH_b1qq_M', 'outZH_b2qq_M', 'ZH_b1qq_dr', 'ZH_b2qq_dr', 'ZH_lbb1qq_dr', 'ZH_lbb2qq_dr', 'l_b2_mtb', 'ZH_closeb_invM', 'n_ak8jets', 'n_ak4jets', 'n_ak8_ZHbb', 'outZH_max_ak8pnetMass', 'outZH_b12_m', 'outZH_b12_dr', 'ht_b', 'ht_outZH', 'ak4_bestb_inZH', 'ak4_worstb_inZH', 'nonZHbb_q1_dr', 'nonZHbb_b1_dr', 'inZHb_outZHb_dr', 'ZH_l_dr', 'ZH_l_invM', 'l_b1_invM', 'l_b2_invM', 'l_b1_dr', 'l_b2_dr', 'spher', 'aplan', 'n_b_inZH', 'n_q_inZH', 'n_b_outZH', 'n_q_outZH', 'ZH_bbvLscore', 'process', 'Zbb', 'Hbb', 'Hnonbb', 'Zqq', 'Zllnunu', 'matchedGenZH', 'matchedGen_Zbb', 'matchedGen_Hbb', 'matchedGen_ZHbb', 'matchedGen_Zqq', 'matchedGen_ZHbb_bb', 'matchedGen_ZHbb_b', 'matchedGen_ZHbb_nob', 'nJetGood', 'ZH_pt', 'MET_pt', 'ZH_M'], flatten=True, store_size=True, fill_none=True, fill_value=-999.0, pos_start=None, pos_end=None)],
               'btag_mask': [ColOut(collection='events', columns=['outZH_b1_pt', 'outZH_b2_pt', 'outZH_b1_score', 'outZH_b2_score', 'outZH_q1_pt', 'outZH_q2_pt', 'outZH_q1_score', 'outZH_q2_score', 'outZH_b1_q_mindr', 'outZH_b2_q_mindr', 'outZH_q_q_dr_nearb1', 'outZH_q_q_dr_nearb2', 'outZH_qq_M_nearb1', 'outZH_qq_M_nearb2', 'outZH_b1_qq_dr', 'outZH_b2_qq_dr', 'outZH_b1qq_M', 'outZH_b2qq_M', 'ZH_b1qq_dr', 'ZH_b2qq_dr', 'ZH_lbb1qq_dr', 'ZH_lbb2qq_dr', 'l_b2_mtb', 'ZH_closeb_invM', 'n_ak8jets', 'n_ak4jets', 'n_ak8_ZHbb', 'outZH_max_ak8pnetMass', 'outZH_b12_m', 'outZH_b12_dr', 'ht_b', 'ht_outZH', 'ak4_bestb_inZH', 'ak4_worstb_inZH', 'nonZHbb_q1_dr', 'nonZHbb_b1_dr', 'inZHb_outZHb_dr', 'ZH_l_dr', 'ZH_l_invM', 'l_b1_invM', 'l_b2_invM', 'l_b1_dr', 'l_b2_dr', 'spher', 'aplan', 'n_b_inZH', 'n_q_inZH', 'n_b_outZH', 'n_q_outZH', 'ZH_bbvLscore', 'process', 'Zbb', 'Hbb', 'Hnonbb', 'Zqq', 'Zllnunu', 'matchedGenZH', 'matchedGen_Zbb', 'matchedGen_Hbb', 'matchedGen_ZHbb', 'matchedGen_Zqq', 'matchedGen_ZHbb_bb', 'matchedGen_ZHbb_b', 'matchedGen_ZHbb_nob', 'nJetGood', 'ZH_pt', 'MET_pt', 'ZH_M'], flatten=True, store_size=True, fill_none=True, fill_value=-999.0, pos_start=None, pos_end=None)]},
'TTZToQQ': {'baseline': [ColOut(collection='events', columns=['outZH_b1_pt', 'outZH_b2_pt', 'outZH_b1_score', 'outZH_b2_score', 'outZH_q1_pt', 'outZH_q2_pt', 'outZH_q1_score', 'outZH_q2_score', 'outZH_b1_q_mindr', 'outZH_b2_q_mindr', 'outZH_q_q_dr_nearb1', 'outZH_q_q_dr_nearb2', 'outZH_qq_M_nearb1', 'outZH_qq_M_nearb2', 'outZH_b1_qq_dr', 'outZH_b2_qq_dr', 'outZH_b1qq_M', 'outZH_b2qq_M', 'ZH_b1qq_dr', 'ZH_b2qq_dr', 'ZH_lbb1qq_dr', 'ZH_lbb2qq_dr', 'l_b2_mtb', 'ZH_closeb_invM', 'n_ak8jets', 'n_ak4jets', 'n_ak8_ZHbb', 'outZH_max_ak8pnetMass', 'outZH_b12_m', 'outZH_b12_dr', 'ht_b', 'ht_outZH', 'ak4_bestb_inZH', 'ak4_worstb_inZH', 'nonZHbb_q1_dr', 'nonZHbb_b1_dr', 'inZHb_outZHb_dr', 'ZH_l_dr', 'ZH_l_invM', 'l_b1_invM', 'l_b2_invM', 'l_b1_dr', 'l_b2_dr', 'spher', 'aplan', 'n_b_inZH', 'n_q_inZH', 'n_b_outZH', 'n_q_outZH', 'ZH_bbvLscore', 'process', 'Zbb', 'Hbb', 'Hnonbb', 'Zqq', 'Zllnunu', 'matchedGenZH', 'matchedGen_Zbb', 'matchedGen_Hbb', 'matchedGen_ZHbb', 'matchedGen_Zqq', 'matchedGen_ZHbb_bb', 'matchedGen_ZHbb_b', 'matchedGen_ZHbb_nob', 'nJetGood', 'ZH_pt', 'MET_pt', 'ZH_M'], flatten=True, store_size=True, fill_none=True, fill_value=-999.0, pos_start=None, pos_end=None)],
           'btag_mask': [ColOut(collection='events', columns=['outZH_b1_pt', 'outZH_b2_pt', 'outZH_b1_score', 'outZH_b2_score', 'outZH_q1_pt', 'outZH_q2_pt', 'outZH_q1_score', 'outZH_q2_score', 'outZH_b1_q_mindr', 'outZH_b2_q_mindr', 'outZH_q_q_dr_nearb1', 'outZH_q_q_dr_nearb2', 'outZH_qq_M_nearb1', 'outZH_qq_M_nearb2', 'outZH_b1_qq_dr', 'outZH_b2_qq_dr', 'outZH_b1qq_M', 'outZH_b2qq_M', 'ZH_b1qq_dr', 'ZH_b2qq_dr', 'ZH_lbb1qq_dr', 'ZH_lbb2qq_dr', 'l_b2_mtb', 'ZH_closeb_invM', 'n_ak8jets', 'n_ak4jets', 'n_ak8_ZHbb', 'outZH_max_ak8pnetMass', 'outZH_b12_m', 'outZH_b12_dr', 'ht_b', 'ht_outZH', 'ak4_bestb_inZH', 'ak4_worstb_inZH', 'nonZHbb_q1_dr', 'nonZHbb_b1_dr', 'inZHb_outZHb_dr', 'ZH_l_dr', 'ZH_l_invM', 'l_b1_invM', 'l_b2_invM', 'l_b1_dr', 'l_b2_dr', 'spher', 'aplan', 'n_b_inZH', 'n_q_inZH', 'n_b_outZH', 'n_q_outZH', 'ZH_bbvLscore', 'process', 'Zbb', 'Hbb', 'Hnonbb', 'Zqq', 'Zllnunu', 'matchedGenZH', 'matchedGen_Zbb', 'matchedGen_Hbb', 'matchedGen_ZHbb', 'matchedGen_Zqq', 'matchedGen_ZHbb_bb', 'matchedGen_ZHbb_b', 'matchedGen_ZHbb_nob', 'nJetGood', 'ZH_pt', 'MET_pt', 'ZH_M'], flatten=True, store_size=True, fill_none=True, fill_value=-999.0, pos_start=None, pos_end=None)]},
'TTbb_2L2Nu': {'baseline': [ColOut(collection='events', columns=['outZH_b1_pt', 'outZH_b2_pt', 'outZH_b1_score', 'outZH_b2_score', 'outZH_q1_pt', 'outZH_q2_pt', 'outZH_q1_score', 'outZH_q2_score', 'outZH_b1_q_mindr', 'outZH_b2_q_mindr', 'outZH_q_q_dr_nearb1', 'outZH_q_q_dr_nearb2', 'outZH_qq_M_nearb1', 'outZH_qq_M_nearb2', 'outZH_b1_qq_dr', 'outZH_b2_qq_dr', 'outZH_b1qq_M', 'outZH_b2qq_M', 'ZH_b1qq_dr', 'ZH_b2qq_dr', 'ZH_lbb1qq_dr', 'ZH_lbb2qq_dr', 'l_b2_mtb', 'ZH_closeb_invM', 'n_ak8jets', 'n_ak4jets', 'n_ak8_ZHbb', 'outZH_max_ak8pnetMass', 'outZH_b12_m', 'outZH_b12_dr', 'ht_b', 'ht_outZH', 'ak4_bestb_inZH', 'ak4_worstb_inZH', 'nonZHbb_q1_dr', 'nonZHbb_b1_dr', 'inZHb_outZHb_dr', 'ZH_l_dr', 'ZH_l_invM', 'l_b1_invM', 'l_b2_invM', 'l_b1_dr', 'l_b2_dr', 'spher', 'aplan', 'n_b_inZH', 'n_q_inZH', 'n_b_outZH', 'n_q_outZH', 'ZH_bbvLscore', 'process', 'tt_type', 'nJetGood', 'ZH_pt', 'MET_pt', 'ZH_M'], flatten=True, store_size=True, fill_none=True, fill_value=-999.0, pos_start=None, pos_end=None)],
              'btag_mask': [ColOut(collection='events', columns=['outZH_b1_pt', 'outZH_b2_pt', 'outZH_b1_score', 'outZH_b2_score', 'outZH_q1_pt', 'outZH_q2_pt', 'outZH_q1_score', 'outZH_q2_score', 'outZH_b1_q_mindr', 'outZH_b2_q_mindr', 'outZH_q_q_dr_nearb1', 'outZH_q_q_dr_nearb2', 'outZH_qq_M_nearb1', 'outZH_qq_M_nearb2', 'outZH_b1_qq_dr', 'outZH_b2_qq_dr', 'outZH_b1qq_M', 'outZH_b2qq_M', 'ZH_b1qq_dr', 'ZH_b2qq_dr', 'ZH_lbb1qq_dr', 'ZH_lbb2qq_dr', 'l_b2_mtb', 'ZH_closeb_invM', 'n_ak8jets', 'n_ak4jets', 'n_ak8_ZHbb', 'outZH_max_ak8pnetMass', 'outZH_b12_m', 'outZH_b12_dr', 'ht_b', 'ht_outZH', 'ak4_bestb_inZH', 'ak4_worstb_inZH', 'nonZHbb_q1_dr', 'nonZHbb_b1_dr', 'inZHb_outZHb_dr', 'ZH_l_dr', 'ZH_l_invM', 'l_b1_invM', 'l_b2_invM', 'l_b1_dr', 'l_b2_dr', 'spher', 'aplan', 'n_b_inZH', 'n_q_inZH', 'n_b_outZH', 'n_q_outZH', 'ZH_bbvLscore', 'process', 'tt_type', 'nJetGood', 'ZH_pt', 'MET_pt', 'ZH_M'], flatten=True, store_size=True, fill_none=True, fill_value=-999.0, pos_start=None, pos_end=None)]},
'TTbb_Hadronic': {'baseline': [ColOut(collection='events', columns=['outZH_b1_pt', 'outZH_b2_pt', 'outZH_b1_score', 'outZH_b2_score', 'outZH_q1_pt', 'outZH_q2_pt', 'outZH_q1_score', 'outZH_q2_score', 'outZH_b1_q_mindr', 'outZH_b2_q_mindr', 'outZH_q_q_dr_nearb1', 'outZH_q_q_dr_nearb2', 'outZH_qq_M_nearb1', 'outZH_qq_M_nearb2', 'outZH_b1_qq_dr', 'outZH_b2_qq_dr', 'outZH_b1qq_M', 'outZH_b2qq_M', 'ZH_b1qq_dr', 'ZH_b2qq_dr', 'ZH_lbb1qq_dr', 'ZH_lbb2qq_dr', 'l_b2_mtb', 'ZH_closeb_invM', 'n_ak8jets', 'n_ak4jets', 'n_ak8_ZHbb', 'outZH_max_ak8pnetMass', 'outZH_b12_m', 'outZH_b12_dr', 'ht_b', 'ht_outZH', 'ak4_bestb_inZH', 'ak4_worstb_inZH', 'nonZHbb_q1_dr', 'nonZHbb_b1_dr', 'inZHb_outZHb_dr', 'ZH_l_dr', 'ZH_l_invM', 'l_b1_invM', 'l_b2_invM', 'l_b1_dr', 'l_b2_dr', 'spher', 'aplan', 'n_b_inZH', 'n_q_inZH', 'n_b_outZH', 'n_q_outZH', 'ZH_bbvLscore', 'process', 'tt_type', 'nJetGood', 'ZH_pt', 'MET_pt', 'ZH_M'], flatten=True, store_size=True, fill_none=True, fill_value=-999.0, pos_start=None, pos_end=None)],
                 'btag_mask': [ColOut(collection='events', columns=['outZH_b1_pt', 'outZH_b2_pt', 'outZH_b1_score', 'outZH_b2_score', 'outZH_q1_pt', 'outZH_q2_pt', 'outZH_q1_score', 'outZH_q2_score', 'outZH_b1_q_mindr', 'outZH_b2_q_mindr', 'outZH_q_q_dr_nearb1', 'outZH_q_q_dr_nearb2', 'outZH_qq_M_nearb1', 'outZH_qq_M_nearb2', 'outZH_b1_qq_dr', 'outZH_b2_qq_dr', 'outZH_b1qq_M', 'outZH_b2qq_M', 'ZH_b1qq_dr', 'ZH_b2qq_dr', 'ZH_lbb1qq_dr', 'ZH_lbb2qq_dr', 'l_b2_mtb', 'ZH_closeb_invM', 'n_ak8jets', 'n_ak4jets', 'n_ak8_ZHbb', 'outZH_max_ak8pnetMass', 'outZH_b12_m', 'outZH_b12_dr', 'ht_b', 'ht_outZH', 'ak4_bestb_inZH', 'ak4_worstb_inZH', 'nonZHbb_q1_dr', 'nonZHbb_b1_dr', 'inZHb_outZHb_dr', 'ZH_l_dr', 'ZH_l_invM', 'l_b1_invM', 'l_b2_invM', 'l_b1_dr', 'l_b2_dr', 'spher', 'aplan', 'n_b_inZH', 'n_q_inZH', 'n_b_outZH', 'n_q_outZH', 'ZH_bbvLscore', 'process', 'tt_type', 'nJetGood', 'ZH_pt', 'MET_pt', 'ZH_M'], flatten=True, store_size=True, fill_none=True, fill_value=-999.0, pos_start=None, pos_end=None)]},
'TTbb_SemiLeptonic': {'baseline': [ColOut(collection='events', columns=['outZH_b1_pt', 'outZH_b2_pt', 'outZH_b1_score', 'outZH_b2_score', 'outZH_q1_pt', 'outZH_q2_pt', 'outZH_q1_score', 'outZH_q2_score', 'outZH_b1_q_mindr', 'outZH_b2_q_mindr', 'outZH_q_q_dr_nearb1', 'outZH_q_q_dr_nearb2', 'outZH_qq_M_nearb1', 'outZH_qq_M_nearb2', 'outZH_b1_qq_dr', 'outZH_b2_qq_dr', 'outZH_b1qq_M', 'outZH_b2qq_M', 'ZH_b1qq_dr', 'ZH_b2qq_dr', 'ZH_lbb1qq_dr', 'ZH_lbb2qq_dr', 'l_b2_mtb', 'ZH_closeb_invM', 'n_ak8jets', 'n_ak4jets', 'n_ak8_ZHbb', 'outZH_max_ak8pnetMass', 'outZH_b12_m', 'outZH_b12_dr', 'ht_b', 'ht_outZH', 'ak4_bestb_inZH', 'ak4_worstb_inZH', 'nonZHbb_q1_dr', 'nonZHbb_b1_dr', 'inZHb_outZHb_dr', 'ZH_l_dr', 'ZH_l_invM', 'l_b1_invM', 'l_b2_invM', 'l_b1_dr', 'l_b2_dr', 'spher', 'aplan', 'n_b_inZH', 'n_q_inZH', 'n_b_outZH', 'n_q_outZH', 'ZH_bbvLscore', 'process', 'tt_type', 'nJetGood', 'ZH_pt', 'MET_pt', 'ZH_M'], flatten=True, store_size=True, fill_none=True, fill_value=-999.0, pos_start=None, pos_end=None)],
                     'btag_mask': [ColOut(collection='events', columns=['outZH_b1_pt', 'outZH_b2_pt', 'outZH_b1_score', 'outZH_b2_score', 'outZH_q1_pt', 'outZH_q2_pt', 'outZH_q1_score', 'outZH_q2_score', 'outZH_b1_q_mindr', 'outZH_b2_q_mindr', 'outZH_q_q_dr_nearb1', 'outZH_q_q_dr_nearb2', 'outZH_qq_M_nearb1', 'outZH_qq_M_nearb2', 'outZH_b1_qq_dr', 'outZH_b2_qq_dr', 'outZH_b1qq_M', 'outZH_b2qq_M', 'ZH_b1qq_dr', 'ZH_b2qq_dr', 'ZH_lbb1qq_dr', 'ZH_lbb2qq_dr', 'l_b2_mtb', 'ZH_closeb_invM', 'n_ak8jets', 'n_ak4jets', 'n_ak8_ZHbb', 'outZH_max_ak8pnetMass', 'outZH_b12_m', 'outZH_b12_dr', 'ht_b', 'ht_outZH', 'ak4_bestb_inZH', 'ak4_worstb_inZH', 'nonZHbb_q1_dr', 'nonZHbb_b1_dr', 'inZHb_outZHb_dr', 'ZH_l_dr', 'ZH_l_invM', 'l_b1_invM', 'l_b2_invM', 'l_b1_dr', 'l_b2_dr', 'spher', 'aplan', 'n_b_inZH', 'n_q_inZH', 'n_b_outZH', 'n_q_outZH', 'ZH_bbvLscore', 'process', 'tt_type', 'nJetGood', 'ZH_pt', 'MET_pt', 'ZH_M'], flatten=True, store_size=True, fill_none=True, fill_value=-999.0, pos_start=None, pos_end=None)]},
'ttHToNonbb': {'baseline': [ColOut(collection='events', columns=['outZH_b1_pt', 'outZH_b2_pt', 'outZH_b1_score', 'outZH_b2_score', 'outZH_q1_pt', 'outZH_q2_pt', 'outZH_q1_score', 'outZH_q2_score', 'outZH_b1_q_mindr', 'outZH_b2_q_mindr', 'outZH_q_q_dr_nearb1', 'outZH_q_q_dr_nearb2', 'outZH_qq_M_nearb1', 'outZH_qq_M_nearb2', 'outZH_b1_qq_dr', 'outZH_b2_qq_dr', 'outZH_b1qq_M', 'outZH_b2qq_M', 'ZH_b1qq_dr', 'ZH_b2qq_dr', 'ZH_lbb1qq_dr', 'ZH_lbb2qq_dr', 'l_b2_mtb', 'ZH_closeb_invM', 'n_ak8jets', 'n_ak4jets', 'n_ak8_ZHbb', 'outZH_max_ak8pnetMass', 'outZH_b12_m', 'outZH_b12_dr', 'ht_b', 'ht_outZH', 'ak4_bestb_inZH', 'ak4_worstb_inZH', 'nonZHbb_q1_dr', 'nonZHbb_b1_dr', 'inZHb_outZHb_dr', 'ZH_l_dr', 'ZH_l_invM', 'l_b1_invM', 'l_b2_invM', 'l_b1_dr', 'l_b2_dr', 'spher', 'aplan', 'n_b_inZH', 'n_q_inZH', 'n_b_outZH', 'n_q_outZH', 'ZH_bbvLscore', 'process', 'Zbb', 'Hbb', 'Hnonbb', 'Zqq', 'Zllnunu', 'matchedGenZH', 'matchedGen_Zbb', 'matchedGen_Hbb', 'matchedGen_ZHbb', 'matchedGen_Zqq', 'matchedGen_ZHbb_bb', 'matchedGen_ZHbb_b', 'matchedGen_ZHbb_nob', 'nJetGood', 'ZH_pt', 'MET_pt', 'ZH_M'], flatten=True, store_size=True, fill_none=True, fill_value=-999.0, pos_start=None, pos_end=None)],
              'btag_mask': [ColOut(collection='events', columns=['outZH_b1_pt', 'outZH_b2_pt', 'outZH_b1_score', 'outZH_b2_score', 'outZH_q1_pt', 'outZH_q2_pt', 'outZH_q1_score', 'outZH_q2_score', 'outZH_b1_q_mindr', 'outZH_b2_q_mindr', 'outZH_q_q_dr_nearb1', 'outZH_q_q_dr_nearb2', 'outZH_qq_M_nearb1', 'outZH_qq_M_nearb2', 'outZH_b1_qq_dr', 'outZH_b2_qq_dr', 'outZH_b1qq_M', 'outZH_b2qq_M', 'ZH_b1qq_dr', 'ZH_b2qq_dr', 'ZH_lbb1qq_dr', 'ZH_lbb2qq_dr', 'l_b2_mtb', 'ZH_closeb_invM', 'n_ak8jets', 'n_ak4jets', 'n_ak8_ZHbb', 'outZH_max_ak8pnetMass', 'outZH_b12_m', 'outZH_b12_dr', 'ht_b', 'ht_outZH', 'ak4_bestb_inZH', 'ak4_worstb_inZH', 'nonZHbb_q1_dr', 'nonZHbb_b1_dr', 'inZHb_outZHb_dr', 'ZH_l_dr', 'ZH_l_invM', 'l_b1_invM', 'l_b2_invM', 'l_b1_dr', 'l_b2_dr', 'spher', 'aplan', 'n_b_inZH', 'n_q_inZH', 'n_b_outZH', 'n_q_outZH', 'ZH_bbvLscore', 'process', 'Zbb', 'Hbb', 'Hnonbb', 'Zqq', 'Zllnunu', 'matchedGenZH', 'matchedGen_Zbb', 'matchedGen_Hbb', 'matchedGen_ZHbb', 'matchedGen_Zqq', 'matchedGen_ZHbb_bb', 'matchedGen_ZHbb_b', 'matchedGen_ZHbb_nob', 'nJetGood', 'ZH_pt', 'MET_pt', 'ZH_M'], flatten=True, store_size=True, fill_none=True, fill_value=-999.0, pos_start=None, pos_end=None)]},
'ttHTobb': {'baseline': [ColOut(collection='events', columns=['outZH_b1_pt', 'outZH_b2_pt', 'outZH_b1_score', 'outZH_b2_score', 'outZH_q1_pt', 'outZH_q2_pt', 'outZH_q1_score', 'outZH_q2_score', 'outZH_b1_q_mindr', 'outZH_b2_q_mindr', 'outZH_q_q_dr_nearb1', 'outZH_q_q_dr_nearb2', 'outZH_qq_M_nearb1', 'outZH_qq_M_nearb2', 'outZH_b1_qq_dr', 'outZH_b2_qq_dr', 'outZH_b1qq_M', 'outZH_b2qq_M', 'ZH_b1qq_dr', 'ZH_b2qq_dr', 'ZH_lbb1qq_dr', 'ZH_lbb2qq_dr', 'l_b2_mtb', 'ZH_closeb_invM', 'n_ak8jets', 'n_ak4jets', 'n_ak8_ZHbb', 'outZH_max_ak8pnetMass', 'outZH_b12_m', 'outZH_b12_dr', 'ht_b', 'ht_outZH', 'ak4_bestb_inZH', 'ak4_worstb_inZH', 'nonZHbb_q1_dr', 'nonZHbb_b1_dr', 'inZHb_outZHb_dr', 'ZH_l_dr', 'ZH_l_invM', 'l_b1_invM', 'l_b2_invM', 'l_b1_dr', 'l_b2_dr', 'spher', 'aplan', 'n_b_inZH', 'n_q_inZH', 'n_b_outZH', 'n_q_outZH', 'ZH_bbvLscore', 'process', 'Zbb', 'Hbb', 'Hnonbb', 'Zqq', 'Zllnunu', 'matchedGenZH', 'matchedGen_Zbb', 'matchedGen_Hbb', 'matchedGen_ZHbb', 'matchedGen_Zqq', 'matchedGen_ZHbb_bb', 'matchedGen_ZHbb_b', 'matchedGen_ZHbb_nob', 'nJetGood', 'ZH_pt', 'MET_pt', 'ZH_M'], flatten=True, store_size=True, fill_none=True, fill_value=-999.0, pos_start=None, pos_end=None)],
           'btag_mask': [ColOut(collection='events', columns=['outZH_b1_pt', 'outZH_b2_pt', 'outZH_b1_score', 'outZH_b2_score', 'outZH_q1_pt', 'outZH_q2_pt', 'outZH_q1_score', 'outZH_q2_score', 'outZH_b1_q_mindr', 'outZH_b2_q_mindr', 'outZH_q_q_dr_nearb1', 'outZH_q_q_dr_nearb2', 'outZH_qq_M_nearb1', 'outZH_qq_M_nearb2', 'outZH_b1_qq_dr', 'outZH_b2_qq_dr', 'outZH_b1qq_M', 'outZH_b2qq_M', 'ZH_b1qq_dr', 'ZH_b2qq_dr', 'ZH_lbb1qq_dr', 'ZH_lbb2qq_dr', 'l_b2_mtb', 'ZH_closeb_invM', 'n_ak8jets', 'n_ak4jets', 'n_ak8_ZHbb', 'outZH_max_ak8pnetMass', 'outZH_b12_m', 'outZH_b12_dr', 'ht_b', 'ht_outZH', 'ak4_bestb_inZH', 'ak4_worstb_inZH', 'nonZHbb_q1_dr', 'nonZHbb_b1_dr', 'inZHb_outZHb_dr', 'ZH_l_dr', 'ZH_l_invM', 'l_b1_invM', 'l_b2_invM', 'l_b1_dr', 'l_b2_dr', 'spher', 'aplan', 'n_b_inZH', 'n_q_inZH', 'n_b_outZH', 'n_q_outZH', 'ZH_bbvLscore', 'process', 'Zbb', 'Hbb', 'Hnonbb', 'Zqq', 'Zllnunu', 'matchedGenZH', 'matchedGen_Zbb', 'matchedGen_Hbb', 'matchedGen_ZHbb', 'matchedGen_Zqq', 'matchedGen_ZHbb_bb', 'matchedGen_ZHbb_b', 'matchedGen_ZHbb_nob', 'nJetGood', 'ZH_pt', 'MET_pt', 'ZH_M'], flatten=True, store_size=True, fill_none=True, fill_value=-999.0, pos_start=None, pos_end=None)]}}
  - available weights variations: {'TTTo2L2Nu': ['nominal', 'pileup'],
'TTToHadronic': ['nominal', 'pileup'],
'TTToSemiLeptonic': ['nominal', 'pileup'],
'TTZToBB': ['nominal', 'pileup'],
'TTZToLLNuNu': ['nominal', 'pileup'],
'TTZToQQ': ['nominal', 'pileup'],
'TTbb_2L2Nu': ['nominal', 'pileup'],
'TTbb_Hadronic': ['nominal', 'pileup'],
'TTbb_SemiLeptonic': ['nominal', 'pileup'],
'ttHToNonbb': ['nominal', 'pileup'],
'ttHTobb': ['nominal', 'pileup']} 
  - available shape variations: {'TTTo2L2Nu': [],
'TTToHadronic': [],
'TTToSemiLeptonic': [],
'TTZToBB': [],
'TTZToLLNuNu': [],
'TTZToQQ': [],
'TTbb_2L2Nu': [],
'TTbb_Hadronic': [],
'TTbb_SemiLeptonic': [],
'ttHToNonbb': [],
'ttHTobb': []}
[INFO    ] Configurator instance:
  - Workflow: <class 'zhbbworkflow.ZHbbBaseProcessor'>
  - Workflow options: {}
  - N. datasets: 11 
   -- Dataset: ttHTobb_M125_M125_2017,  Sample: ttHTobb, N. files: 46, N. events: 7825000
   -- Dataset: ttHToNonbb_M125_M125_2017,  Sample: ttHToNonbb, N. files: 35, N. events: 5070989
   -- Dataset: TTZToBB__2017,  Sample: TTZToBB, N. files: 26, N. events: 7074000
   -- Dataset: TTZToQQ__2017,  Sample: TTZToQQ, N. files: 35, N. events: 13822000
   -- Dataset: TTZToLLNuNu__2017,  Sample: TTZToLLNuNu, N. files: 19, N. events: 14036000
   -- Dataset: TTbb_Hadronic__2017,  Sample: TTbb_Hadronic, N. files: 9, N. events: 5694656
   -- Dataset: TTbb_2L2Nu__2017,  Sample: TTbb_2L2Nu, N. files: 7, N. events: 3472503
   -- Dataset: TTbb_SemiLeptonic__2017,  Sample: TTbb_SemiLeptonic, N. files: 12, N. events: 7318891
   -- Dataset: TTToHadronic__2017,  Sample: TTToHadronic, N. files: 199, N. events: 232999999
   -- Dataset: TTTo2L2Nu__2017,  Sample: TTTo2L2Nu, N. files: 99, N. events: 106724000
   -- Dataset: TTToSemiLeptonic__2017,  Sample: TTToSemiLeptonic, N. files: 297, N. events: 346052000
  - Subsamples:
   -- Sample ttHTobb: StandardSelection ['ttHTobb'], (1 categories)
   -- Sample ttHToNonbb: StandardSelection ['ttHToNonbb'], (1 categories)
   -- Sample TTZToBB: StandardSelection ['TTZToBB'], (1 categories)
   -- Sample TTZToQQ: StandardSelection ['TTZToQQ'], (1 categories)
   -- Sample TTZToLLNuNu: StandardSelection ['TTZToLLNuNu'], (1 categories)
   -- Sample TTbb_Hadronic: StandardSelection ['TTbb_Hadronic'], (1 categories)
   -- Sample TTbb_2L2Nu: StandardSelection ['TTbb_2L2Nu'], (1 categories)
   -- Sample TTbb_SemiLeptonic: StandardSelection ['TTbb_SemiLeptonic'], (1 categories)
   -- Sample TTToHadronic: StandardSelection ['TTToHadronic'], (1 categories)
   -- Sample TTTo2L2Nu: StandardSelection ['TTTo2L2Nu'], (1 categories)
   -- Sample TTToSemiLeptonic: StandardSelection ['TTToSemiLeptonic'], (1 categories)
  - Skim: ['preSkimCut']
  - Preselection: ['eventSelection']
  - Categories: StandardSelection ['baseline', 'btag_mask'], (2 categories)
  - Variables:  ['mAK8', 'zhbbtag', 'zhbbtag_sorted', 'outZH_b1_pt']
  - Columns: {'TTTo2L2Nu': {'baseline': [ColOut(collection='events', columns=['outZH_b1_pt', 'outZH_b2_pt', 'outZH_b1_score', 'outZH_b2_score', 'outZH_q1_pt', 'outZH_q2_pt', 'outZH_q1_score', 'outZH_q2_score', 'outZH_b1_q_mindr', 'outZH_b2_q_mindr', 'outZH_q_q_dr_nearb1', 'outZH_q_q_dr_nearb2', 'outZH_qq_M_nearb1', 'outZH_qq_M_nearb2', 'outZH_b1_qq_dr', 'outZH_b2_qq_dr', 'outZH_b1qq_M', 'outZH_b2qq_M', 'ZH_b1qq_dr', 'ZH_b2qq_dr', 'ZH_lbb1qq_dr', 'ZH_lbb2qq_dr', 'l_b2_mtb', 'ZH_closeb_invM', 'n_ak8jets', 'n_ak4jets', 'n_ak8_ZHbb', 'outZH_max_ak8pnetMass', 'outZH_b12_m', 'outZH_b12_dr', 'ht_b', 'ht_outZH', 'ak4_bestb_inZH', 'ak4_worstb_inZH', 'nonZHbb_q1_dr', 'nonZHbb_b1_dr', 'inZHb_outZHb_dr', 'ZH_l_dr', 'ZH_l_invM', 'l_b1_invM', 'l_b2_invM', 'l_b1_dr', 'l_b2_dr', 'spher', 'aplan', 'n_b_inZH', 'n_q_inZH', 'n_b_outZH', 'n_q_outZH', 'ZH_bbvLscore', 'process', 'tt_type', 'nJetGood', 'ZH_pt', 'MET_pt', 'ZH_M'], flatten=True, store_size=True, fill_none=True, fill_value=-999.0, pos_start=None, pos_end=None)],
             'btag_mask': [ColOut(collection='events', columns=['outZH_b1_pt', 'outZH_b2_pt', 'outZH_b1_score', 'outZH_b2_score', 'outZH_q1_pt', 'outZH_q2_pt', 'outZH_q1_score', 'outZH_q2_score', 'outZH_b1_q_mindr', 'outZH_b2_q_mindr', 'outZH_q_q_dr_nearb1', 'outZH_q_q_dr_nearb2', 'outZH_qq_M_nearb1', 'outZH_qq_M_nearb2', 'outZH_b1_qq_dr', 'outZH_b2_qq_dr', 'outZH_b1qq_M', 'outZH_b2qq_M', 'ZH_b1qq_dr', 'ZH_b2qq_dr', 'ZH_lbb1qq_dr', 'ZH_lbb2qq_dr', 'l_b2_mtb', 'ZH_closeb_invM', 'n_ak8jets', 'n_ak4jets', 'n_ak8_ZHbb', 'outZH_max_ak8pnetMass', 'outZH_b12_m', 'outZH_b12_dr', 'ht_b', 'ht_outZH', 'ak4_bestb_inZH', 'ak4_worstb_inZH', 'nonZHbb_q1_dr', 'nonZHbb_b1_dr', 'inZHb_outZHb_dr', 'ZH_l_dr', 'ZH_l_invM', 'l_b1_invM', 'l_b2_invM', 'l_b1_dr', 'l_b2_dr', 'spher', 'aplan', 'n_b_inZH', 'n_q_inZH', 'n_b_outZH', 'n_q_outZH', 'ZH_bbvLscore', 'process', 'tt_type', 'nJetGood', 'ZH_pt', 'MET_pt', 'ZH_M'], flatten=True, store_size=True, fill_none=True, fill_value=-999.0, pos_start=None, pos_end=None)]},
'TTToHadronic': {'baseline': [ColOut(collection='events', columns=['outZH_b1_pt', 'outZH_b2_pt', 'outZH_b1_score', 'outZH_b2_score', 'outZH_q1_pt', 'outZH_q2_pt', 'outZH_q1_score', 'outZH_q2_score', 'outZH_b1_q_mindr', 'outZH_b2_q_mindr', 'outZH_q_q_dr_nearb1', 'outZH_q_q_dr_nearb2', 'outZH_qq_M_nearb1', 'outZH_qq_M_nearb2', 'outZH_b1_qq_dr', 'outZH_b2_qq_dr', 'outZH_b1qq_M', 'outZH_b2qq_M', 'ZH_b1qq_dr', 'ZH_b2qq_dr', 'ZH_lbb1qq_dr', 'ZH_lbb2qq_dr', 'l_b2_mtb', 'ZH_closeb_invM', 'n_ak8jets', 'n_ak4jets', 'n_ak8_ZHbb', 'outZH_max_ak8pnetMass', 'outZH_b12_m', 'outZH_b12_dr', 'ht_b', 'ht_outZH', 'ak4_bestb_inZH', 'ak4_worstb_inZH', 'nonZHbb_q1_dr', 'nonZHbb_b1_dr', 'inZHb_outZHb_dr', 'ZH_l_dr', 'ZH_l_invM', 'l_b1_invM', 'l_b2_invM', 'l_b1_dr', 'l_b2_dr', 'spher', 'aplan', 'n_b_inZH', 'n_q_inZH', 'n_b_outZH', 'n_q_outZH', 'ZH_bbvLscore', 'process', 'tt_type', 'nJetGood', 'ZH_pt', 'MET_pt', 'ZH_M'], flatten=True, store_size=True, fill_none=True, fill_value=-999.0, pos_start=None, pos_end=None)],
                'btag_mask': [ColOut(collection='events', columns=['outZH_b1_pt', 'outZH_b2_pt', 'outZH_b1_score', 'outZH_b2_score', 'outZH_q1_pt', 'outZH_q2_pt', 'outZH_q1_score', 'outZH_q2_score', 'outZH_b1_q_mindr', 'outZH_b2_q_mindr', 'outZH_q_q_dr_nearb1', 'outZH_q_q_dr_nearb2', 'outZH_qq_M_nearb1', 'outZH_qq_M_nearb2', 'outZH_b1_qq_dr', 'outZH_b2_qq_dr', 'outZH_b1qq_M', 'outZH_b2qq_M', 'ZH_b1qq_dr', 'ZH_b2qq_dr', 'ZH_lbb1qq_dr', 'ZH_lbb2qq_dr', 'l_b2_mtb', 'ZH_closeb_invM', 'n_ak8jets', 'n_ak4jets', 'n_ak8_ZHbb', 'outZH_max_ak8pnetMass', 'outZH_b12_m', 'outZH_b12_dr', 'ht_b', 'ht_outZH', 'ak4_bestb_inZH', 'ak4_worstb_inZH', 'nonZHbb_q1_dr', 'nonZHbb_b1_dr', 'inZHb_outZHb_dr', 'ZH_l_dr', 'ZH_l_invM', 'l_b1_invM', 'l_b2_invM', 'l_b1_dr', 'l_b2_dr', 'spher', 'aplan', 'n_b_inZH', 'n_q_inZH', 'n_b_outZH', 'n_q_outZH', 'ZH_bbvLscore', 'process', 'tt_type', 'nJetGood', 'ZH_pt', 'MET_pt', 'ZH_M'], flatten=True, store_size=True, fill_none=True, fill_value=-999.0, pos_start=None, pos_end=None)]},
'TTToSemiLeptonic': {'baseline': [ColOut(collection='events', columns=['outZH_b1_pt', 'outZH_b2_pt', 'outZH_b1_score', 'outZH_b2_score', 'outZH_q1_pt', 'outZH_q2_pt', 'outZH_q1_score', 'outZH_q2_score', 'outZH_b1_q_mindr', 'outZH_b2_q_mindr', 'outZH_q_q_dr_nearb1', 'outZH_q_q_dr_nearb2', 'outZH_qq_M_nearb1', 'outZH_qq_M_nearb2', 'outZH_b1_qq_dr', 'outZH_b2_qq_dr', 'outZH_b1qq_M', 'outZH_b2qq_M', 'ZH_b1qq_dr', 'ZH_b2qq_dr', 'ZH_lbb1qq_dr', 'ZH_lbb2qq_dr', 'l_b2_mtb', 'ZH_closeb_invM', 'n_ak8jets', 'n_ak4jets', 'n_ak8_ZHbb', 'outZH_max_ak8pnetMass', 'outZH_b12_m', 'outZH_b12_dr', 'ht_b', 'ht_outZH', 'ak4_bestb_inZH', 'ak4_worstb_inZH', 'nonZHbb_q1_dr', 'nonZHbb_b1_dr', 'inZHb_outZHb_dr', 'ZH_l_dr', 'ZH_l_invM', 'l_b1_invM', 'l_b2_invM', 'l_b1_dr', 'l_b2_dr', 'spher', 'aplan', 'n_b_inZH', 'n_q_inZH', 'n_b_outZH', 'n_q_outZH', 'ZH_bbvLscore', 'process', 'tt_type', 'nJetGood', 'ZH_pt', 'MET_pt', 'ZH_M'], flatten=True, store_size=True, fill_none=True, fill_value=-999.0, pos_start=None, pos_end=None)],
                    'btag_mask': [ColOut(collection='events', columns=['outZH_b1_pt', 'outZH_b2_pt', 'outZH_b1_score', 'outZH_b2_score', 'outZH_q1_pt', 'outZH_q2_pt', 'outZH_q1_score', 'outZH_q2_score', 'outZH_b1_q_mindr', 'outZH_b2_q_mindr', 'outZH_q_q_dr_nearb1', 'outZH_q_q_dr_nearb2', 'outZH_qq_M_nearb1', 'outZH_qq_M_nearb2', 'outZH_b1_qq_dr', 'outZH_b2_qq_dr', 'outZH_b1qq_M', 'outZH_b2qq_M', 'ZH_b1qq_dr', 'ZH_b2qq_dr', 'ZH_lbb1qq_dr', 'ZH_lbb2qq_dr', 'l_b2_mtb', 'ZH_closeb_invM', 'n_ak8jets', 'n_ak4jets', 'n_ak8_ZHbb', 'outZH_max_ak8pnetMass', 'outZH_b12_m', 'outZH_b12_dr', 'ht_b', 'ht_outZH', 'ak4_bestb_inZH', 'ak4_worstb_inZH', 'nonZHbb_q1_dr', 'nonZHbb_b1_dr', 'inZHb_outZHb_dr', 'ZH_l_dr', 'ZH_l_invM', 'l_b1_invM', 'l_b2_invM', 'l_b1_dr', 'l_b2_dr', 'spher', 'aplan', 'n_b_inZH', 'n_q_inZH', 'n_b_outZH', 'n_q_outZH', 'ZH_bbvLscore', 'process', 'tt_type', 'nJetGood', 'ZH_pt', 'MET_pt', 'ZH_M'], flatten=True, store_size=True, fill_none=True, fill_value=-999.0, pos_start=None, pos_end=None)]},
'TTZToBB': {'baseline': [ColOut(collection='events', columns=['outZH_b1_pt', 'outZH_b2_pt', 'outZH_b1_score', 'outZH_b2_score', 'outZH_q1_pt', 'outZH_q2_pt', 'outZH_q1_score', 'outZH_q2_score', 'outZH_b1_q_mindr', 'outZH_b2_q_mindr', 'outZH_q_q_dr_nearb1', 'outZH_q_q_dr_nearb2', 'outZH_qq_M_nearb1', 'outZH_qq_M_nearb2', 'outZH_b1_qq_dr', 'outZH_b2_qq_dr', 'outZH_b1qq_M', 'outZH_b2qq_M', 'ZH_b1qq_dr', 'ZH_b2qq_dr', 'ZH_lbb1qq_dr', 'ZH_lbb2qq_dr', 'l_b2_mtb', 'ZH_closeb_invM', 'n_ak8jets', 'n_ak4jets', 'n_ak8_ZHbb', 'outZH_max_ak8pnetMass', 'outZH_b12_m', 'outZH_b12_dr', 'ht_b', 'ht_outZH', 'ak4_bestb_inZH', 'ak4_worstb_inZH', 'nonZHbb_q1_dr', 'nonZHbb_b1_dr', 'inZHb_outZHb_dr', 'ZH_l_dr', 'ZH_l_invM', 'l_b1_invM', 'l_b2_invM', 'l_b1_dr', 'l_b2_dr', 'spher', 'aplan', 'n_b_inZH', 'n_q_inZH', 'n_b_outZH', 'n_q_outZH', 'ZH_bbvLscore', 'process', 'Zbb', 'Hbb', 'Hnonbb', 'Zqq', 'Zllnunu', 'matchedGenZH', 'matchedGen_Zbb', 'matchedGen_Hbb', 'matchedGen_ZHbb', 'matchedGen_Zqq', 'matchedGen_ZHbb_bb', 'matchedGen_ZHbb_b', 'matchedGen_ZHbb_nob', 'nJetGood', 'ZH_pt', 'MET_pt', 'ZH_M'], flatten=True, store_size=True, fill_none=True, fill_value=-999.0, pos_start=None, pos_end=None)],
           'btag_mask': [ColOut(collection='events', columns=['outZH_b1_pt', 'outZH_b2_pt', 'outZH_b1_score', 'outZH_b2_score', 'outZH_q1_pt', 'outZH_q2_pt', 'outZH_q1_score', 'outZH_q2_score', 'outZH_b1_q_mindr', 'outZH_b2_q_mindr', 'outZH_q_q_dr_nearb1', 'outZH_q_q_dr_nearb2', 'outZH_qq_M_nearb1', 'outZH_qq_M_nearb2', 'outZH_b1_qq_dr', 'outZH_b2_qq_dr', 'outZH_b1qq_M', 'outZH_b2qq_M', 'ZH_b1qq_dr', 'ZH_b2qq_dr', 'ZH_lbb1qq_dr', 'ZH_lbb2qq_dr', 'l_b2_mtb', 'ZH_closeb_invM', 'n_ak8jets', 'n_ak4jets', 'n_ak8_ZHbb', 'outZH_max_ak8pnetMass', 'outZH_b12_m', 'outZH_b12_dr', 'ht_b', 'ht_outZH', 'ak4_bestb_inZH', 'ak4_worstb_inZH', 'nonZHbb_q1_dr', 'nonZHbb_b1_dr', 'inZHb_outZHb_dr', 'ZH_l_dr', 'ZH_l_invM', 'l_b1_invM', 'l_b2_invM', 'l_b1_dr', 'l_b2_dr', 'spher', 'aplan', 'n_b_inZH', 'n_q_inZH', 'n_b_outZH', 'n_q_outZH', 'ZH_bbvLscore', 'process', 'Zbb', 'Hbb', 'Hnonbb', 'Zqq', 'Zllnunu', 'matchedGenZH', 'matchedGen_Zbb', 'matchedGen_Hbb', 'matchedGen_ZHbb', 'matchedGen_Zqq', 'matchedGen_ZHbb_bb', 'matchedGen_ZHbb_b', 'matchedGen_ZHbb_nob', 'nJetGood', 'ZH_pt', 'MET_pt', 'ZH_M'], flatten=True, store_size=True, fill_none=True, fill_value=-999.0, pos_start=None, pos_end=None)]},
'TTZToLLNuNu': {'baseline': [ColOut(collection='events', columns=['outZH_b1_pt', 'outZH_b2_pt', 'outZH_b1_score', 'outZH_b2_score', 'outZH_q1_pt', 'outZH_q2_pt', 'outZH_q1_score', 'outZH_q2_score', 'outZH_b1_q_mindr', 'outZH_b2_q_mindr', 'outZH_q_q_dr_nearb1', 'outZH_q_q_dr_nearb2', 'outZH_qq_M_nearb1', 'outZH_qq_M_nearb2', 'outZH_b1_qq_dr', 'outZH_b2_qq_dr', 'outZH_b1qq_M', 'outZH_b2qq_M', 'ZH_b1qq_dr', 'ZH_b2qq_dr', 'ZH_lbb1qq_dr', 'ZH_lbb2qq_dr', 'l_b2_mtb', 'ZH_closeb_invM', 'n_ak8jets', 'n_ak4jets', 'n_ak8_ZHbb', 'outZH_max_ak8pnetMass', 'outZH_b12_m', 'outZH_b12_dr', 'ht_b', 'ht_outZH', 'ak4_bestb_inZH', 'ak4_worstb_inZH', 'nonZHbb_q1_dr', 'nonZHbb_b1_dr', 'inZHb_outZHb_dr', 'ZH_l_dr', 'ZH_l_invM', 'l_b1_invM', 'l_b2_invM', 'l_b1_dr', 'l_b2_dr', 'spher', 'aplan', 'n_b_inZH', 'n_q_inZH', 'n_b_outZH', 'n_q_outZH', 'ZH_bbvLscore', 'process', 'Zbb', 'Hbb', 'Hnonbb', 'Zqq', 'Zllnunu', 'matchedGenZH', 'matchedGen_Zbb', 'matchedGen_Hbb', 'matchedGen_ZHbb', 'matchedGen_Zqq', 'matchedGen_ZHbb_bb', 'matchedGen_ZHbb_b', 'matchedGen_ZHbb_nob', 'nJetGood', 'ZH_pt', 'MET_pt', 'ZH_M'], flatten=True, store_size=True, fill_none=True, fill_value=-999.0, pos_start=None, pos_end=None)],
               'btag_mask': [ColOut(collection='events', columns=['outZH_b1_pt', 'outZH_b2_pt', 'outZH_b1_score', 'outZH_b2_score', 'outZH_q1_pt', 'outZH_q2_pt', 'outZH_q1_score', 'outZH_q2_score', 'outZH_b1_q_mindr', 'outZH_b2_q_mindr', 'outZH_q_q_dr_nearb1', 'outZH_q_q_dr_nearb2', 'outZH_qq_M_nearb1', 'outZH_qq_M_nearb2', 'outZH_b1_qq_dr', 'outZH_b2_qq_dr', 'outZH_b1qq_M', 'outZH_b2qq_M', 'ZH_b1qq_dr', 'ZH_b2qq_dr', 'ZH_lbb1qq_dr', 'ZH_lbb2qq_dr', 'l_b2_mtb', 'ZH_closeb_invM', 'n_ak8jets', 'n_ak4jets', 'n_ak8_ZHbb', 'outZH_max_ak8pnetMass', 'outZH_b12_m', 'outZH_b12_dr', 'ht_b', 'ht_outZH', 'ak4_bestb_inZH', 'ak4_worstb_inZH', 'nonZHbb_q1_dr', 'nonZHbb_b1_dr', 'inZHb_outZHb_dr', 'ZH_l_dr', 'ZH_l_invM', 'l_b1_invM', 'l_b2_invM', 'l_b1_dr', 'l_b2_dr', 'spher', 'aplan', 'n_b_inZH', 'n_q_inZH', 'n_b_outZH', 'n_q_outZH', 'ZH_bbvLscore', 'process', 'Zbb', 'Hbb', 'Hnonbb', 'Zqq', 'Zllnunu', 'matchedGenZH', 'matchedGen_Zbb', 'matchedGen_Hbb', 'matchedGen_ZHbb', 'matchedGen_Zqq', 'matchedGen_ZHbb_bb', 'matchedGen_ZHbb_b', 'matchedGen_ZHbb_nob', 'nJetGood', 'ZH_pt', 'MET_pt', 'ZH_M'], flatten=True, store_size=True, fill_none=True, fill_value=-999.0, pos_start=None, pos_end=None)]},
'TTZToQQ': {'baseline': [ColOut(collection='events', columns=['outZH_b1_pt', 'outZH_b2_pt', 'outZH_b1_score', 'outZH_b2_score', 'outZH_q1_pt', 'outZH_q2_pt', 'outZH_q1_score', 'outZH_q2_score', 'outZH_b1_q_mindr', 'outZH_b2_q_mindr', 'outZH_q_q_dr_nearb1', 'outZH_q_q_dr_nearb2', 'outZH_qq_M_nearb1', 'outZH_qq_M_nearb2', 'outZH_b1_qq_dr', 'outZH_b2_qq_dr', 'outZH_b1qq_M', 'outZH_b2qq_M', 'ZH_b1qq_dr', 'ZH_b2qq_dr', 'ZH_lbb1qq_dr', 'ZH_lbb2qq_dr', 'l_b2_mtb', 'ZH_closeb_invM', 'n_ak8jets', 'n_ak4jets', 'n_ak8_ZHbb', 'outZH_max_ak8pnetMass', 'outZH_b12_m', 'outZH_b12_dr', 'ht_b', 'ht_outZH', 'ak4_bestb_inZH', 'ak4_worstb_inZH', 'nonZHbb_q1_dr', 'nonZHbb_b1_dr', 'inZHb_outZHb_dr', 'ZH_l_dr', 'ZH_l_invM', 'l_b1_invM', 'l_b2_invM', 'l_b1_dr', 'l_b2_dr', 'spher', 'aplan', 'n_b_inZH', 'n_q_inZH', 'n_b_outZH', 'n_q_outZH', 'ZH_bbvLscore', 'process', 'Zbb', 'Hbb', 'Hnonbb', 'Zqq', 'Zllnunu', 'matchedGenZH', 'matchedGen_Zbb', 'matchedGen_Hbb', 'matchedGen_ZHbb', 'matchedGen_Zqq', 'matchedGen_ZHbb_bb', 'matchedGen_ZHbb_b', 'matchedGen_ZHbb_nob', 'nJetGood', 'ZH_pt', 'MET_pt', 'ZH_M'], flatten=True, store_size=True, fill_none=True, fill_value=-999.0, pos_start=None, pos_end=None)],
           'btag_mask': [ColOut(collection='events', columns=['outZH_b1_pt', 'outZH_b2_pt', 'outZH_b1_score', 'outZH_b2_score', 'outZH_q1_pt', 'outZH_q2_pt', 'outZH_q1_score', 'outZH_q2_score', 'outZH_b1_q_mindr', 'outZH_b2_q_mindr', 'outZH_q_q_dr_nearb1', 'outZH_q_q_dr_nearb2', 'outZH_qq_M_nearb1', 'outZH_qq_M_nearb2', 'outZH_b1_qq_dr', 'outZH_b2_qq_dr', 'outZH_b1qq_M', 'outZH_b2qq_M', 'ZH_b1qq_dr', 'ZH_b2qq_dr', 'ZH_lbb1qq_dr', 'ZH_lbb2qq_dr', 'l_b2_mtb', 'ZH_closeb_invM', 'n_ak8jets', 'n_ak4jets', 'n_ak8_ZHbb', 'outZH_max_ak8pnetMass', 'outZH_b12_m', 'outZH_b12_dr', 'ht_b', 'ht_outZH', 'ak4_bestb_inZH', 'ak4_worstb_inZH', 'nonZHbb_q1_dr', 'nonZHbb_b1_dr', 'inZHb_outZHb_dr', 'ZH_l_dr', 'ZH_l_invM', 'l_b1_invM', 'l_b2_invM', 'l_b1_dr', 'l_b2_dr', 'spher', 'aplan', 'n_b_inZH', 'n_q_inZH', 'n_b_outZH', 'n_q_outZH', 'ZH_bbvLscore', 'process', 'Zbb', 'Hbb', 'Hnonbb', 'Zqq', 'Zllnunu', 'matchedGenZH', 'matchedGen_Zbb', 'matchedGen_Hbb', 'matchedGen_ZHbb', 'matchedGen_Zqq', 'matchedGen_ZHbb_bb', 'matchedGen_ZHbb_b', 'matchedGen_ZHbb_nob', 'nJetGood', 'ZH_pt', 'MET_pt', 'ZH_M'], flatten=True, store_size=True, fill_none=True, fill_value=-999.0, pos_start=None, pos_end=None)]},
'TTbb_2L2Nu': {'baseline': [ColOut(collection='events', columns=['outZH_b1_pt', 'outZH_b2_pt', 'outZH_b1_score', 'outZH_b2_score', 'outZH_q1_pt', 'outZH_q2_pt', 'outZH_q1_score', 'outZH_q2_score', 'outZH_b1_q_mindr', 'outZH_b2_q_mindr', 'outZH_q_q_dr_nearb1', 'outZH_q_q_dr_nearb2', 'outZH_qq_M_nearb1', 'outZH_qq_M_nearb2', 'outZH_b1_qq_dr', 'outZH_b2_qq_dr', 'outZH_b1qq_M', 'outZH_b2qq_M', 'ZH_b1qq_dr', 'ZH_b2qq_dr', 'ZH_lbb1qq_dr', 'ZH_lbb2qq_dr', 'l_b2_mtb', 'ZH_closeb_invM', 'n_ak8jets', 'n_ak4jets', 'n_ak8_ZHbb', 'outZH_max_ak8pnetMass', 'outZH_b12_m', 'outZH_b12_dr', 'ht_b', 'ht_outZH', 'ak4_bestb_inZH', 'ak4_worstb_inZH', 'nonZHbb_q1_dr', 'nonZHbb_b1_dr', 'inZHb_outZHb_dr', 'ZH_l_dr', 'ZH_l_invM', 'l_b1_invM', 'l_b2_invM', 'l_b1_dr', 'l_b2_dr', 'spher', 'aplan', 'n_b_inZH', 'n_q_inZH', 'n_b_outZH', 'n_q_outZH', 'ZH_bbvLscore', 'process', 'tt_type', 'nJetGood', 'ZH_pt', 'MET_pt', 'ZH_M'], flatten=True, store_size=True, fill_none=True, fill_value=-999.0, pos_start=None, pos_end=None)],
              'btag_mask': [ColOut(collection='events', columns=['outZH_b1_pt', 'outZH_b2_pt', 'outZH_b1_score', 'outZH_b2_score', 'outZH_q1_pt', 'outZH_q2_pt', 'outZH_q1_score', 'outZH_q2_score', 'outZH_b1_q_mindr', 'outZH_b2_q_mindr', 'outZH_q_q_dr_nearb1', 'outZH_q_q_dr_nearb2', 'outZH_qq_M_nearb1', 'outZH_qq_M_nearb2', 'outZH_b1_qq_dr', 'outZH_b2_qq_dr', 'outZH_b1qq_M', 'outZH_b2qq_M', 'ZH_b1qq_dr', 'ZH_b2qq_dr', 'ZH_lbb1qq_dr', 'ZH_lbb2qq_dr', 'l_b2_mtb', 'ZH_closeb_invM', 'n_ak8jets', 'n_ak4jets', 'n_ak8_ZHbb', 'outZH_max_ak8pnetMass', 'outZH_b12_m', 'outZH_b12_dr', 'ht_b', 'ht_outZH', 'ak4_bestb_inZH', 'ak4_worstb_inZH', 'nonZHbb_q1_dr', 'nonZHbb_b1_dr', 'inZHb_outZHb_dr', 'ZH_l_dr', 'ZH_l_invM', 'l_b1_invM', 'l_b2_invM', 'l_b1_dr', 'l_b2_dr', 'spher', 'aplan', 'n_b_inZH', 'n_q_inZH', 'n_b_outZH', 'n_q_outZH', 'ZH_bbvLscore', 'process', 'tt_type', 'nJetGood', 'ZH_pt', 'MET_pt', 'ZH_M'], flatten=True, store_size=True, fill_none=True, fill_value=-999.0, pos_start=None, pos_end=None)]},
'TTbb_Hadronic': {'baseline': [ColOut(collection='events', columns=['outZH_b1_pt', 'outZH_b2_pt', 'outZH_b1_score', 'outZH_b2_score', 'outZH_q1_pt', 'outZH_q2_pt', 'outZH_q1_score', 'outZH_q2_score', 'outZH_b1_q_mindr', 'outZH_b2_q_mindr', 'outZH_q_q_dr_nearb1', 'outZH_q_q_dr_nearb2', 'outZH_qq_M_nearb1', 'outZH_qq_M_nearb2', 'outZH_b1_qq_dr', 'outZH_b2_qq_dr', 'outZH_b1qq_M', 'outZH_b2qq_M', 'ZH_b1qq_dr', 'ZH_b2qq_dr', 'ZH_lbb1qq_dr', 'ZH_lbb2qq_dr', 'l_b2_mtb', 'ZH_closeb_invM', 'n_ak8jets', 'n_ak4jets', 'n_ak8_ZHbb', 'outZH_max_ak8pnetMass', 'outZH_b12_m', 'outZH_b12_dr', 'ht_b', 'ht_outZH', 'ak4_bestb_inZH', 'ak4_worstb_inZH', 'nonZHbb_q1_dr', 'nonZHbb_b1_dr', 'inZHb_outZHb_dr', 'ZH_l_dr', 'ZH_l_invM', 'l_b1_invM', 'l_b2_invM', 'l_b1_dr', 'l_b2_dr', 'spher', 'aplan', 'n_b_inZH', 'n_q_inZH', 'n_b_outZH', 'n_q_outZH', 'ZH_bbvLscore', 'process', 'tt_type', 'nJetGood', 'ZH_pt', 'MET_pt', 'ZH_M'], flatten=True, store_size=True, fill_none=True, fill_value=-999.0, pos_start=None, pos_end=None)],
                 'btag_mask': [ColOut(collection='events', columns=['outZH_b1_pt', 'outZH_b2_pt', 'outZH_b1_score', 'outZH_b2_score', 'outZH_q1_pt', 'outZH_q2_pt', 'outZH_q1_score', 'outZH_q2_score', 'outZH_b1_q_mindr', 'outZH_b2_q_mindr', 'outZH_q_q_dr_nearb1', 'outZH_q_q_dr_nearb2', 'outZH_qq_M_nearb1', 'outZH_qq_M_nearb2', 'outZH_b1_qq_dr', 'outZH_b2_qq_dr', 'outZH_b1qq_M', 'outZH_b2qq_M', 'ZH_b1qq_dr', 'ZH_b2qq_dr', 'ZH_lbb1qq_dr', 'ZH_lbb2qq_dr', 'l_b2_mtb', 'ZH_closeb_invM', 'n_ak8jets', 'n_ak4jets', 'n_ak8_ZHbb', 'outZH_max_ak8pnetMass', 'outZH_b12_m', 'outZH_b12_dr', 'ht_b', 'ht_outZH', 'ak4_bestb_inZH', 'ak4_worstb_inZH', 'nonZHbb_q1_dr', 'nonZHbb_b1_dr', 'inZHb_outZHb_dr', 'ZH_l_dr', 'ZH_l_invM', 'l_b1_invM', 'l_b2_invM', 'l_b1_dr', 'l_b2_dr', 'spher', 'aplan', 'n_b_inZH', 'n_q_inZH', 'n_b_outZH', 'n_q_outZH', 'ZH_bbvLscore', 'process', 'tt_type', 'nJetGood', 'ZH_pt', 'MET_pt', 'ZH_M'], flatten=True, store_size=True, fill_none=True, fill_value=-999.0, pos_start=None, pos_end=None)]},
'TTbb_SemiLeptonic': {'baseline': [ColOut(collection='events', columns=['outZH_b1_pt', 'outZH_b2_pt', 'outZH_b1_score', 'outZH_b2_score', 'outZH_q1_pt', 'outZH_q2_pt', 'outZH_q1_score', 'outZH_q2_score', 'outZH_b1_q_mindr', 'outZH_b2_q_mindr', 'outZH_q_q_dr_nearb1', 'outZH_q_q_dr_nearb2', 'outZH_qq_M_nearb1', 'outZH_qq_M_nearb2', 'outZH_b1_qq_dr', 'outZH_b2_qq_dr', 'outZH_b1qq_M', 'outZH_b2qq_M', 'ZH_b1qq_dr', 'ZH_b2qq_dr', 'ZH_lbb1qq_dr', 'ZH_lbb2qq_dr', 'l_b2_mtb', 'ZH_closeb_invM', 'n_ak8jets', 'n_ak4jets', 'n_ak8_ZHbb', 'outZH_max_ak8pnetMass', 'outZH_b12_m', 'outZH_b12_dr', 'ht_b', 'ht_outZH', 'ak4_bestb_inZH', 'ak4_worstb_inZH', 'nonZHbb_q1_dr', 'nonZHbb_b1_dr', 'inZHb_outZHb_dr', 'ZH_l_dr', 'ZH_l_invM', 'l_b1_invM', 'l_b2_invM', 'l_b1_dr', 'l_b2_dr', 'spher', 'aplan', 'n_b_inZH', 'n_q_inZH', 'n_b_outZH', 'n_q_outZH', 'ZH_bbvLscore', 'process', 'tt_type', 'nJetGood', 'ZH_pt', 'MET_pt', 'ZH_M'], flatten=True, store_size=True, fill_none=True, fill_value=-999.0, pos_start=None, pos_end=None)],
                     'btag_mask': [ColOut(collection='events', columns=['outZH_b1_pt', 'outZH_b2_pt', 'outZH_b1_score', 'outZH_b2_score', 'outZH_q1_pt', 'outZH_q2_pt', 'outZH_q1_score', 'outZH_q2_score', 'outZH_b1_q_mindr', 'outZH_b2_q_mindr', 'outZH_q_q_dr_nearb1', 'outZH_q_q_dr_nearb2', 'outZH_qq_M_nearb1', 'outZH_qq_M_nearb2', 'outZH_b1_qq_dr', 'outZH_b2_qq_dr', 'outZH_b1qq_M', 'outZH_b2qq_M', 'ZH_b1qq_dr', 'ZH_b2qq_dr', 'ZH_lbb1qq_dr', 'ZH_lbb2qq_dr', 'l_b2_mtb', 'ZH_closeb_invM', 'n_ak8jets', 'n_ak4jets', 'n_ak8_ZHbb', 'outZH_max_ak8pnetMass', 'outZH_b12_m', 'outZH_b12_dr', 'ht_b', 'ht_outZH', 'ak4_bestb_inZH', 'ak4_worstb_inZH', 'nonZHbb_q1_dr', 'nonZHbb_b1_dr', 'inZHb_outZHb_dr', 'ZH_l_dr', 'ZH_l_invM', 'l_b1_invM', 'l_b2_invM', 'l_b1_dr', 'l_b2_dr', 'spher', 'aplan', 'n_b_inZH', 'n_q_inZH', 'n_b_outZH', 'n_q_outZH', 'ZH_bbvLscore', 'process', 'tt_type', 'nJetGood', 'ZH_pt', 'MET_pt', 'ZH_M'], flatten=True, store_size=True, fill_none=True, fill_value=-999.0, pos_start=None, pos_end=None)]},
'ttHToNonbb': {'baseline': [ColOut(collection='events', columns=['outZH_b1_pt', 'outZH_b2_pt', 'outZH_b1_score', 'outZH_b2_score', 'outZH_q1_pt', 'outZH_q2_pt', 'outZH_q1_score', 'outZH_q2_score', 'outZH_b1_q_mindr', 'outZH_b2_q_mindr', 'outZH_q_q_dr_nearb1', 'outZH_q_q_dr_nearb2', 'outZH_qq_M_nearb1', 'outZH_qq_M_nearb2', 'outZH_b1_qq_dr', 'outZH_b2_qq_dr', 'outZH_b1qq_M', 'outZH_b2qq_M', 'ZH_b1qq_dr', 'ZH_b2qq_dr', 'ZH_lbb1qq_dr', 'ZH_lbb2qq_dr', 'l_b2_mtb', 'ZH_closeb_invM', 'n_ak8jets', 'n_ak4jets', 'n_ak8_ZHbb', 'outZH_max_ak8pnetMass', 'outZH_b12_m', 'outZH_b12_dr', 'ht_b', 'ht_outZH', 'ak4_bestb_inZH', 'ak4_worstb_inZH', 'nonZHbb_q1_dr', 'nonZHbb_b1_dr', 'inZHb_outZHb_dr', 'ZH_l_dr', 'ZH_l_invM', 'l_b1_invM', 'l_b2_invM', 'l_b1_dr', 'l_b2_dr', 'spher', 'aplan', 'n_b_inZH', 'n_q_inZH', 'n_b_outZH', 'n_q_outZH', 'ZH_bbvLscore', 'process', 'Zbb', 'Hbb', 'Hnonbb', 'Zqq', 'Zllnunu', 'matchedGenZH', 'matchedGen_Zbb', 'matchedGen_Hbb', 'matchedGen_ZHbb', 'matchedGen_Zqq', 'matchedGen_ZHbb_bb', 'matchedGen_ZHbb_b', 'matchedGen_ZHbb_nob', 'nJetGood', 'ZH_pt', 'MET_pt', 'ZH_M'], flatten=True, store_size=True, fill_none=True, fill_value=-999.0, pos_start=None, pos_end=None)],
              'btag_mask': [ColOut(collection='events', columns=['outZH_b1_pt', 'outZH_b2_pt', 'outZH_b1_score', 'outZH_b2_score', 'outZH_q1_pt', 'outZH_q2_pt', 'outZH_q1_score', 'outZH_q2_score', 'outZH_b1_q_mindr', 'outZH_b2_q_mindr', 'outZH_q_q_dr_nearb1', 'outZH_q_q_dr_nearb2', 'outZH_qq_M_nearb1', 'outZH_qq_M_nearb2', 'outZH_b1_qq_dr', 'outZH_b2_qq_dr', 'outZH_b1qq_M', 'outZH_b2qq_M', 'ZH_b1qq_dr', 'ZH_b2qq_dr', 'ZH_lbb1qq_dr', 'ZH_lbb2qq_dr', 'l_b2_mtb', 'ZH_closeb_invM', 'n_ak8jets', 'n_ak4jets', 'n_ak8_ZHbb', 'outZH_max_ak8pnetMass', 'outZH_b12_m', 'outZH_b12_dr', 'ht_b', 'ht_outZH', 'ak4_bestb_inZH', 'ak4_worstb_inZH', 'nonZHbb_q1_dr', 'nonZHbb_b1_dr', 'inZHb_outZHb_dr', 'ZH_l_dr', 'ZH_l_invM', 'l_b1_invM', 'l_b2_invM', 'l_b1_dr', 'l_b2_dr', 'spher', 'aplan', 'n_b_inZH', 'n_q_inZH', 'n_b_outZH', 'n_q_outZH', 'ZH_bbvLscore', 'process', 'Zbb', 'Hbb', 'Hnonbb', 'Zqq', 'Zllnunu', 'matchedGenZH', 'matchedGen_Zbb', 'matchedGen_Hbb', 'matchedGen_ZHbb', 'matchedGen_Zqq', 'matchedGen_ZHbb_bb', 'matchedGen_ZHbb_b', 'matchedGen_ZHbb_nob', 'nJetGood', 'ZH_pt', 'MET_pt', 'ZH_M'], flatten=True, store_size=True, fill_none=True, fill_value=-999.0, pos_start=None, pos_end=None)]},
'ttHTobb': {'baseline': [ColOut(collection='events', columns=['outZH_b1_pt', 'outZH_b2_pt', 'outZH_b1_score', 'outZH_b2_score', 'outZH_q1_pt', 'outZH_q2_pt', 'outZH_q1_score', 'outZH_q2_score', 'outZH_b1_q_mindr', 'outZH_b2_q_mindr', 'outZH_q_q_dr_nearb1', 'outZH_q_q_dr_nearb2', 'outZH_qq_M_nearb1', 'outZH_qq_M_nearb2', 'outZH_b1_qq_dr', 'outZH_b2_qq_dr', 'outZH_b1qq_M', 'outZH_b2qq_M', 'ZH_b1qq_dr', 'ZH_b2qq_dr', 'ZH_lbb1qq_dr', 'ZH_lbb2qq_dr', 'l_b2_mtb', 'ZH_closeb_invM', 'n_ak8jets', 'n_ak4jets', 'n_ak8_ZHbb', 'outZH_max_ak8pnetMass', 'outZH_b12_m', 'outZH_b12_dr', 'ht_b', 'ht_outZH', 'ak4_bestb_inZH', 'ak4_worstb_inZH', 'nonZHbb_q1_dr', 'nonZHbb_b1_dr', 'inZHb_outZHb_dr', 'ZH_l_dr', 'ZH_l_invM', 'l_b1_invM', 'l_b2_invM', 'l_b1_dr', 'l_b2_dr', 'spher', 'aplan', 'n_b_inZH', 'n_q_inZH', 'n_b_outZH', 'n_q_outZH', 'ZH_bbvLscore', 'process', 'Zbb', 'Hbb', 'Hnonbb', 'Zqq', 'Zllnunu', 'matchedGenZH', 'matchedGen_Zbb', 'matchedGen_Hbb', 'matchedGen_ZHbb', 'matchedGen_Zqq', 'matchedGen_ZHbb_bb', 'matchedGen_ZHbb_b', 'matchedGen_ZHbb_nob', 'nJetGood', 'ZH_pt', 'MET_pt', 'ZH_M'], flatten=True, store_size=True, fill_none=True, fill_value=-999.0, pos_start=None, pos_end=None)],
           'btag_mask': [ColOut(collection='events', columns=['outZH_b1_pt', 'outZH_b2_pt', 'outZH_b1_score', 'outZH_b2_score', 'outZH_q1_pt', 'outZH_q2_pt', 'outZH_q1_score', 'outZH_q2_score', 'outZH_b1_q_mindr', 'outZH_b2_q_mindr', 'outZH_q_q_dr_nearb1', 'outZH_q_q_dr_nearb2', 'outZH_qq_M_nearb1', 'outZH_qq_M_nearb2', 'outZH_b1_qq_dr', 'outZH_b2_qq_dr', 'outZH_b1qq_M', 'outZH_b2qq_M', 'ZH_b1qq_dr', 'ZH_b2qq_dr', 'ZH_lbb1qq_dr', 'ZH_lbb2qq_dr', 'l_b2_mtb', 'ZH_closeb_invM', 'n_ak8jets', 'n_ak4jets', 'n_ak8_ZHbb', 'outZH_max_ak8pnetMass', 'outZH_b12_m', 'outZH_b12_dr', 'ht_b', 'ht_outZH', 'ak4_bestb_inZH', 'ak4_worstb_inZH', 'nonZHbb_q1_dr', 'nonZHbb_b1_dr', 'inZHb_outZHb_dr', 'ZH_l_dr', 'ZH_l_invM', 'l_b1_invM', 'l_b2_invM', 'l_b1_dr', 'l_b2_dr', 'spher', 'aplan', 'n_b_inZH', 'n_q_inZH', 'n_b_outZH', 'n_q_outZH', 'ZH_bbvLscore', 'process', 'Zbb', 'Hbb', 'Hnonbb', 'Zqq', 'Zllnunu', 'matchedGenZH', 'matchedGen_Zbb', 'matchedGen_Hbb', 'matchedGen_ZHbb', 'matchedGen_Zqq', 'matchedGen_ZHbb_bb', 'matchedGen_ZHbb_b', 'matchedGen_ZHbb_nob', 'nJetGood', 'ZH_pt', 'MET_pt', 'ZH_M'], flatten=True, store_size=True, fill_none=True, fill_value=-999.0, pos_start=None, pos_end=None)]}}
  - available weights variations: {'TTTo2L2Nu': ['pileup', 'nominal'],
'TTToHadronic': ['pileup', 'nominal'],
'TTToSemiLeptonic': ['pileup', 'nominal'],
'TTZToBB': ['pileup', 'nominal'],
'TTZToLLNuNu': ['pileup', 'nominal'],
'TTZToQQ': ['pileup', 'nominal'],
'TTbb_2L2Nu': ['pileup', 'nominal'],
'TTbb_Hadronic': ['pileup', 'nominal'],
'TTbb_SemiLeptonic': ['pileup', 'nominal'],
'ttHToNonbb': ['pileup', 'nominal'],
'ttHTobb': ['pileup', 'nominal']} 
  - available shape variations: {'TTTo2L2Nu': [],
'TTToHadronic': [],
'TTToSemiLeptonic': [],
'TTZToBB': [],
'TTZToLLNuNu': [],
'TTZToQQ': [],
'TTbb_2L2Nu': [],
'TTbb_Hadronic': [],
'TTbb_SemiLeptonic': [],
'ttHToNonbb': [],
'ttHTobb': []}
